[RTX-GST] broker connecting ws://127.0.0.1:8765/ws?role=rtx&session=mcqueen
[RTX-GST] broker connected
[RTX-GST] PLAYING <enum GST_STATE_CHANGE_SUCCESS of type Gst.StateChangeReturn>
[RTX-GST] peer jetson connected
[RTX-GST] offer received
[RTX-GST] offer applied -> creating answer
0:00:12.905954037 1783902 0x599a6b8d2120 WARN               webrtcbin gstwebrtcbin.c:4060:_create_answer_task:<recv> did not find compatible transceiver for offer caps application/x-rtp, media=(string)video, payload=(int)96, clock-rate=(int)90000, encoding-name=(string)H264, packetization-mode=(string)1, profile-level-id=(string)42401f, sprop-parameter-sets=(string)"Z0JAH5ZUAoAtyA\=\=\,aM48gA\=\=", rtcp-fb-nack-pli=(boolean)true, will only receive
[RTX-GST] answer sent
[RTX-GST] ICE <enum GST_WEBRTC_ICE_CONNECTION_STATE_CHECKING of type GstWebRTC.WebRTCICEConnectionState>
[RTX-GST] ICE <enum GST_WEBRTC_ICE_CONNECTION_STATE_CONNECTED of type GstWebRTC.WebRTCICEConnectionState>
[RTX-GST] incoming RTP pad src_0
[RTX-GST] RTP -> decodebin link <enum GST_PAD_LINK_OK of type Gst.PadLinkReturn>
[RTX-GST] decoded pad caps video/x-raw
[RTX-GST] decoded video -> appsink READY
[RTX-GST] VIDEO frames=1 avg_fps=0.1 caps=video/x-raw, format=(string)I420, width=(int)1280, height=(int)720, interlace-mode=(string)progressive, pixel-aspect-ratio=(fraction)1/1, framerate=(fraction)0/1
[RTX-GST] VIDEO frames=46 avg_fps=3.0 caps=video/x-raw, format=(string)I420, width=(int)1280, height=(int)720, interlace-mode=(string)progressive, pixel-aspect-ratio=(fraction)1/1, framerate=(fraction)0/1
[RTX-GST] VIDEO frames=77 avg_fps=4.7 caps=video/x-raw, format=(string)I420, width=(int)1280, height=(int)720, interlace-mode=(string)progressive, pixel-aspect-ratio=(fraction)1/1, framerate=(fraction)0/1
[RTX-GST] VIDEO frames=108 avg_fps=6.2 caps=video/x-raw, format=(string)I420, width=(int)1280, height=(int)720, interlace-mode=(string)progressive, pixel-aspect-ratio=(fraction)1/1, framerate=(fraction)0/1
[RTX-GST] ICE <enum GST_WEBRTC_ICE_CONNECTION_STATE_COMPLETED of type GstWebRTC.WebRTCICEConnectionState>
[RTX-GST] VIDEO frames=138 avg_fps=7.5 caps=video/x-raw, format=(string)I420, width=(int)1280, height=(int)720, interlace-mode=(string)progressive, pixel-aspect-ratio=(fraction)1/1, framerate=(fraction)0/1
[RTX-GST] VIDEO frames=168 avg_fps=8.6 caps=video/x-raw, format=(string)I420, width=(int)1280, height=(int)720, interlace-mode=(string)progressive, pixel-aspect-ratio=(fraction)1/1, framerate=(fraction)0/1
[RTX-GST] VIDEO frames=199 avg_fps=9.7 caps=video/x-raw, format=(string)I420, width=(int)1280, height=(int)720, interlace-mode=(string)progressive, pixel-aspect-ratio=(fraction)1/1, framerate=(fraction)0/1
[RTX-GST] VIDEO frames=230 avg_fps=10.7 caps=video/x-raw, format=(string)I420, width=(int)1280, height=(int)720, interlace-mode=(string)progressive, pixel-aspect-ratio=(fraction)1/1, framerate=(fraction)0/1
[RTX-GST] VIDEO frames=261 avg_fps=11.5 caps=video/x-raw, format=(string)I420, width=(int)1280, height=(int)720, interlace-mode=(string)progressive, pixel-aspect-ratio=(fraction)1/1, framerate=(fraction)0/1
[RTX-GST] VIDEO frames=291 avg_fps=12.3 caps=video/x-raw, format=(string)I420, width=(int)1280, height=(int)720, interlace-mode=(string)progressive, pixel-aspect-ratio=(fraction)1/1, framerate=(fraction)0/1
[RTX-GST] VIDEO frames=322 avg_fps=13.1 caps=video/x-raw, format=(string)I420, width=(int)1280, height=(int)720, interlace-mode=(string)progressive, pixel-aspect-ratio=(fraction)1/1, framerate=(fraction)0/1
[RTX-GST] VIDEO frames=353 avg_fps=13.8 caps=video/x-raw, format=(string)I420, width=(int)1280, height=(int)720, interlace-mode=(string)progressive, pixel-aspect-ratio=(fraction)1/1, framerate=(fraction)0/1
[RTX-GST] VIDEO frames=371 avg_fps=13.9 caps=video/x-raw, format=(string)I420, width=(int)1280, height=(int)720, interlace-mode=(string)progressive, pixel-aspect-ratio=(fraction)1/1, framerate=(fraction)0/1
[RTX-GST] VIDEO frames=406 avg_fps=14.6 caps=video/x-raw, format=(string)I420, width=(int)1280, height=(int)720, interlace-mode=(string)progressive, pixel-aspect-ratio=(fraction)1/1, framerate=(fraction)0/1
[RTX-GST] VIDEO frames=437 avg_fps=15.2 caps=video/x-raw, format=(string)I420, width=(int)1280, height=(int)720, interlace-mode=(string)progressive, pixel-aspect-ratio=(fraction)1/1, framerate=(fraction)0/1
[RTX-GST] VIDEO frames=467 avg_fps=15.7 caps=video/x-raw, format=(string)I420, width=(int)1280, height=(int)720, interlace-mode=(string)progressive, pixel-aspect-ratio=(fraction)1/1, framerate=(fraction)0/1
[RTX-GST] VIDEO frames=496 avg_fps=16.1 caps=video/x-raw, format=(string)I420, width=(int)1280, height=(int)720, interlace-mode=(string)progressive, pixel-aspect-ratio=(fraction)1/1, framerate=(fraction)0/1
[RTX-GST] VIDEO frames=519 avg_fps=16.3 caps=video/x-raw, format=(string)I420, width=(int)1280, height=(int)720, interlace-mode=(string)progressive, pixel-aspect-ratio=(fraction)1/1, framerate=(fraction)0/1
[RTX-GST] VIDEO frames=554 avg_fps=16.8 caps=video/x-raw, format=(string)I420, width=(int)1280, height=(int)720, interlace-mode=(string)progressive, pixel-aspect-ratio=(fraction)1/1, framerate=(fraction)0/1
[RTX-GST] VIDEO frames=585 avg_fps=17.2 caps=video/x-raw, format=(string)I420, width=(int)1280, height=(int)720, interlace-mode=(string)progressive, pixel-aspect-ratio=(fraction)1/1, framerate=(fraction)0/1
[RTX-GST] VIDEO frames=616 avg_fps=17.6 caps=video/x-raw, format=(string)I420, width=(int)1280, height=(int)720, interlace-mode=(string)progressive, pixel-aspect-ratio=(fraction)1/1, framerate=(fraction)0/1
[RTX-GST] VIDEO frames=647 avg_fps=18.0 caps=video/x-raw, format=(string)I420, width=(int)1280, height=(int)720, interlace-mode=(string)progressive, pixel-aspect-ratio=(fraction)1/1, framerate=(fraction)0/1
[RTX-GST] VIDEO frames=668 avg_fps=18.0 caps=video/x-raw, format=(string)I420, width=(int)1280, height=(int)720, interlace-mode=(string)progressive, pixel-aspect-ratio=(fraction)1/1, framerate=(fraction)0/1
[RTX-GST] VIDEO frames=703 avg_fps=18.4 caps=video/x-raw, format=(string)I420, width=(int)1280, height=(int)720, interlace-mode=(string)progressive, pixel-aspect-ratio=(fraction)1/1, framerate=(fraction)0/1
[RTX-GST] VIDEO frames=734 avg_fps=18.7 caps=video/x-raw, format=(string)I420, width=(int)1280, height=(int)720, interlace-mode=(string)progressive, pixel-aspect-ratio=(fraction)1/1, framerate=(fraction)0/1
[RTX-GST] VIDEO frames=765 avg_fps=19.0 caps=video/x-raw, format=(string)I420, width=(int)1280, height=(int)720, interlace-mode=(string)progressive, pixel-aspect-ratio=(fraction)1/1, framerate=(fraction)0/1
[RTX-GST] VIDEO frames=795 avg_fps=19.3 caps=video/x-raw, format=(string)I420, width=(int)1280, height=(int)720, interlace-mode=(string)progressive, pixel-aspect-ratio=(fraction)1/1, framerate=(fraction)0/1
[RTX-GST] VIDEO frames=815 avg_fps=19.3 caps=video/x-raw, format=(string)I420, width=(int)1280, height=(int)720, interlace-mode=(string)progressive, pixel-aspect-ratio=(fraction)1/1, framerate=(fraction)0/1
[RTX-GST] VIDEO frames=851 avg_fps=19.6 caps=video/x-raw, format=(string)I420, width=(int)1280, height=(int)720, interlace-mode=(string)progressive, pixel-aspect-ratio=(fraction)1/1, framerate=(fraction)0/1
[RTX-GST] VIDEO frames=882 avg_fps=19.9 caps=video/x-raw, format=(string)I420, width=(int)1280, height=(int)720, interlace-mode=(string)progressive, pixel-aspect-ratio=(fraction)1/1, framerate=(fraction)0/1
[RTX-GST] VIDEO frames=913 avg_fps=20.1 caps=video/x-raw, format=(string)I420, width=(int)1280, height=(int)720, interlace-mode=(string)progressive, pixel-aspect-ratio=(fraction)1/1, framerate=(fraction)0/1
[RTX-GST] VIDEO frames=944 avg_fps=20.3 caps=video/x-raw, format=(string)I420, width=(int)1280, height=(int)720, interlace-mode=(string)progressive, pixel-aspect-ratio=(fraction)1/1, framerate=(fraction)0/1
[RTX-GST] VIDEO frames=975 avg_fps=20.5 caps=video/x-raw, format=(string)I420, width=(int)1280, height=(int)720, interlace-mode=(string)progressive, pixel-aspect-ratio=(fraction)1/1, framerate=(fraction)0/1
[RTX-GST] VIDEO frames=1005 avg_fps=20.7 caps=video/x-raw, format=(string)I420, width=(int)1280, height=(int)720, interlace-mode=(string)progressive, pixel-aspect-ratio=(fraction)1/1, framerate=(fraction)0/1
[RTX-GST] VIDEO frames=1036 avg_fps=20.9 caps=video/x-raw, format=(string)I420, width=(int)1280, height=(int)720, interlace-mode=(string)progressive, pixel-aspect-ratio=(fraction)1/1, framerate=(fraction)0/1
[RTX-GST] VIDEO frames=1066 avg_fps=21.1 caps=video/x-raw, format=(string)I420, width=(int)1280, height=(int)720, interlace-mode=(string)progressive, pixel-aspect-ratio=(fraction)1/1, framerate=(fraction)0/1
[RTX-GST] VIDEO frames=1097 avg_fps=21.3 caps=video/x-raw, format=(string)I420, width=(int)1280, height=(int)720, interlace-mode=(string)progressive, pixel-aspect-ratio=(fraction)1/1, framerate=(fraction)0/1
[RTX-GST] VIDEO frames=1117 avg_fps=21.2 caps=video/x-raw, format=(string)I420, width=(int)1280, height=(int)720, interlace-mode=(string)progressive, pixel-aspect-ratio=(fraction)1/1, framerate=(fraction)0/1
[RTX-GST] VIDEO frames=1152 avg_fps=21.5 caps=video/x-raw, format=(string)I420, width=(int)1280, height=(int)720, interlace-mode=(string)progressive, pixel-aspect-ratio=(fraction)1/1, framerate=(fraction)0/1
[RTX-GST] VIDEO frames=1183 avg_fps=21.6 caps=video/x-raw, format=(string)I420, width=(int)1280, height=(int)720, interlace-mode=(string)progressive, pixel-aspect-ratio=(fraction)1/1, framerate=(fraction)0/1
[RTX-GST] VIDEO frames=1213 avg_fps=21.8 caps=video/x-raw, format=(string)I420, width=(int)1280, height=(int)720, interlace-mode=(string)progressive, pixel-aspect-ratio=(fraction)1/1, framerate=(fraction)0/1
[RTX-GST] VIDEO frames=1244 avg_fps=21.9 caps=video/x-raw, format=(string)I420, width=(int)1280, height=(int)720, interlace-mode=(string)progressive, pixel-aspect-ratio=(fraction)1/1, framerate=(fraction)0/1
[RTX-GST] VIDEO frames=1263 avg_fps=21.9 caps=video/x-raw, format=(string)I420, width=(int)1280, height=(int)720, interlace-mode=(string)progressive, pixel-aspect-ratio=(fraction)1/1, framerate=(fraction)0/1
[RTX-GST] VIDEO frames=1298 avg_fps=22.1 caps=video/x-raw, format=(string)I420, width=(int)1280, height=(int)720, interlace-mode=(string)progressive, pixel-aspect-ratio=(fraction)1/1, framerate=(fraction)0/1
[RTX-GST] VIDEO frames=1329 avg_fps=22.2 caps=video/x-raw, format=(string)I420, width=(int)1280, height=(int)720, interlace-mode=(string)progressive, pixel-aspect-ratio=(fraction)1/1, framerate=(fraction)0/1
[RTX-GST] VIDEO frames=1360 avg_fps=22.4 caps=video/x-raw, format=(string)I420, width=(int)1280, height=(int)720, interlace-mode=(string)progressive, pixel-aspect-ratio=(fraction)1/1, framerate=(fraction)0/1
[RTX-GST] VIDEO frames=1390 avg_fps=22.5 caps=video/x-raw, format=(string)I420, width=(int)1280, height=(int)720, interlace-mode=(string)progressive, pixel-aspect-ratio=(fraction)1/1, framerate=(fraction)0/1
[RTX-GST] VIDEO frames=1415 avg_fps=22.4 caps=video/x-raw, format=(string)I420, width=(int)1280, height=(int)720, interlace-mode=(string)progressive, pixel-aspect-ratio=(fraction)1/1, framerate=(fraction)0/1
[RTX-GST] VIDEO frames=1458 avg_fps=22.7 caps=video/x-raw, format=(string)I420, width=(int)1280, height=(int)720, interlace-mode=(string)progressive, pixel-aspect-ratio=(fraction)1/1, framerate=(fraction)0/1
[RTX-GST] VIDEO frames=1489 avg_fps=22.8 caps=video/x-raw, format=(string)I420, width=(int)1280, height=(int)720, interlace-mode=(string)progressive, pixel-aspect-ratio=(fraction)1/1, framerate=(fraction)0/1
[RTX-GST] VIDEO frames=1520 avg_fps=22.9 caps=video/x-raw, format=(string)I420, width=(int)1280, height=(int)720, interlace-mode=(string)progressive, pixel-aspect-ratio=(fraction)1/1, framerate=(fraction)0/1
[RTX-GST] VIDEO frames=1551 avg_fps=23.0 caps=video/x-raw, format=(string)I420, width=(int)1280, height=(int)720, interlace-mode=(string)progressive, pixel-aspect-ratio=(fraction)1/1, framerate=(fraction)0/1
[RTX-GST] VIDEO frames=1581 avg_fps=23.1 caps=video/x-raw, format=(string)I420, width=(int)1280, height=(int)720, interlace-mode=(string)progressive, pixel-aspect-ratio=(fraction)1/1, framerate=(fraction)0/1
[RTX-GST] VIDEO frames=1612 avg_fps=23.2 caps=video/x-raw, format=(string)I420, width=(int)1280, height=(int)720, interlace-mode=(string)progressive, pixel-aspect-ratio=(fraction)1/1, framerate=(fraction)0/1
[RTX-GST] VIDEO frames=1643 avg_fps=23.3 caps=video/x-raw, format=(string)I420, width=(int)1280, height=(int)720, interlace-mode=(string)progressive, pixel-aspect-ratio=(fraction)1/1, framerate=(fraction)0/1
[RTX-GST] VIDEO frames=1674 avg_fps=23.4 caps=video/x-raw, format=(string)I420, width=(int)1280, height=(int)720, interlace-mode=(string)progressive, pixel-aspect-ratio=(fraction)1/1, framerate=(fraction)0/1
[RTX-GST] VIDEO frames=1704 avg_fps=23.5 caps=video/x-raw, format=(string)I420, width=(int)1280, height=(int)720, interlace-mode=(string)progressive, pixel-aspect-ratio=(fraction)1/1, framerate=(fraction)0/1
[RTX-GST] VIDEO frames=1735 avg_fps=23.6 caps=video/x-raw, format=(string)I420, width=(int)1280, height=(int)720, interlace-mode=(string)progressive, pixel-aspect-ratio=(fraction)1/1, framerate=(fraction)0/1
[RTX-GST] VIDEO frames=1765 avg_fps=23.7 caps=video/x-raw, format=(string)I420, width=(int)1280, height=(int)720, interlace-mode=(string)progressive, pixel-aspect-ratio=(fraction)1/1, framerate=(fraction)0/1
[RTX-GST] VIDEO frames=1796 avg_fps=23.8 caps=video/x-raw, format=(string)I420, width=(int)1280, height=(int)720, interlace-mode=(string)progressive, pixel-aspect-ratio=(fraction)1/1, framerate=(fraction)0/1
[RTX-GST] VIDEO frames=1827 avg_fps=23.9 caps=video/x-raw, format=(string)I420, width=(int)1280, height=(int)720, interlace-mode=(string)progressive, pixel-aspect-ratio=(fraction)1/1, framerate=(fraction)0/1
[RTX-GST] VIDEO frames=1858 avg_fps=24.0 caps=video/x-raw, format=(string)I420, width=(int)1280, height=(int)720, interlace-mode=(string)progressive, pixel-aspect-ratio=(fraction)1/1, framerate=(fraction)0/1
[RTX-GST] VIDEO frames=1876 avg_fps=23.9 caps=video/x-raw, format=(string)I420, width=(int)1280, height=(int)720, interlace-mode=(string)progressive, pixel-aspect-ratio=(fraction)1/1, framerate=(fraction)0/1
[RTX-GST] VIDEO frames=1911 avg_fps=24.0 caps=video/x-raw, format=(string)I420, width=(int)1280, height=(int)720, interlace-mode=(string)progressive, pixel-aspect-ratio=(fraction)1/1, framerate=(fraction)0/1
[RTX-GST] VIDEO frames=1941 avg_fps=24.1 caps=video/x-raw, format=(string)I420, width=(int)1280, height=(int)720, interlace-mode=(string)progressive, pixel-aspect-ratio=(fraction)1/1, framerate=(fraction)0/1
[RTX-GST] VIDEO frames=1972 avg_fps=24.2 caps=video/x-raw, format=(string)I420, width=(int)1280, height=(int)720, interlace-mode=(string)progressive, pixel-aspect-ratio=(fraction)1/1, framerate=(fraction)0/1
[RTX-GST] VIDEO frames=2002 avg_fps=24.2 caps=video/x-raw, format=(string)I420, width=(int)1280, height=(int)720, interlace-mode=(string)progressive, pixel-aspect-ratio=(fraction)1/1, framerate=(fraction)0/1
[RTX-GST] VIDEO frames=2022 avg_fps=24.1 caps=video/x-raw, format=(string)I420, width=(int)1280, height=(int)720, interlace-mode=(string)progressive, pixel-aspect-ratio=(fraction)1/1, framerate=(fraction)0/1
[RTX-GST] VIDEO frames=2057 avg_fps=24.3 caps=video/x-raw, format=(string)I420, width=(int)1280, height=(int)720, interlace-mode=(string)progressive, pixel-aspect-ratio=(fraction)1/1, framerate=(fraction)0/1
[RTX-GST] VIDEO frames=2088 avg_fps=24.3 caps=video/x-raw, format=(string)I420, width=(int)1280, height=(int)720, interlace-mode=(string)progressive, pixel-aspect-ratio=(fraction)1/1, framerate=(fraction)0/1
[RTX-GST] VIDEO frames=2118 avg_fps=24.4 caps=video/x-raw, format=(string)I420, width=(int)1280, height=(int)720, interlace-mode=(string)progressive, pixel-aspect-ratio=(fraction)1/1, framerate=(fraction)0/1
[RTX-GST] VIDEO frames=2148 avg_fps=24.5 caps=video/x-raw, format=(string)I420, width=(int)1280, height=(int)720, interlace-mode=(string)progressive, pixel-aspect-ratio=(fraction)1/1, framerate=(fraction)0/1
[RTX-GST] VIDEO frames=2168 avg_fps=24.4 caps=video/x-raw, format=(string)I420, width=(int)1280, height=(int)720, interlace-mode=(string)progressive, pixel-aspect-ratio=(fraction)1/1, framerate=(fraction)0/1
[RTX-GST] VIDEO frames=2202 avg_fps=24.5 caps=video/x-raw, format=(string)I420, width=(int)1280, height=(int)720, interlace-mode=(string)progressive, pixel-aspect-ratio=(fraction)1/1, framerate=(fraction)0/1
[RTX-GST] VIDEO frames=2233 avg_fps=24.6 caps=video/x-raw, format=(string)I420, width=(int)1280, height=(int)720, interlace-mode=(string)progressive, pixel-aspect-ratio=(fraction)1/1, framerate=(fraction)0/1
[RTX-GST] VIDEO frames=2263 avg_fps=24.6 caps=video/x-raw, format=(string)I420, width=(int)1280, height=(int)720, interlace-mode=(string)progressive, pixel-aspect-ratio=(fraction)1/1, framerate=(fraction)0/1
[RTX-GST] VIDEO frames=2294 avg_fps=24.7 caps=video/x-raw, format=(string)I420, width=(int)1280, height=(int)720, interlace-mode=(string)progressive, pixel-aspect-ratio=(fraction)1/1, framerate=(fraction)0/1
[RTX-GST] VIDEO frames=2315 avg_fps=24.6 caps=video/x-raw, format=(string)I420, width=(int)1280, height=(int)720, interlace-mode=(string)progressive, pixel-aspect-ratio=(fraction)1/1, framerate=(fraction)0/1
[RTX-GST] VIDEO frames=2350 avg_fps=24.7 caps=video/x-raw, format=(string)I420, width=(int)1280, height=(int)720, interlace-mode=(string)progressive, pixel-aspect-ratio=(fraction)1/1, framerate=(fraction)0/1
[RTX-GST] VIDEO frames=2380 avg_fps=24.8 caps=video/x-raw, format=(string)I420, width=(int)1280, height=(int)720, interlace-mode=(string)progressive, pixel-aspect-ratio=(fraction)1/1, framerate=(fraction)0/1
[RTX-GST] VIDEO frames=2411 avg_fps=24.8 caps=video/x-raw, format=(string)I420, width=(int)1280, height=(int)720, interlace-mode=(string)progressive, pixel-aspect-ratio=(fraction)1/1, framerate=(fraction)0/1
[RTX-GST] VIDEO frames=2441 avg_fps=24.9 caps=video/x-raw, format=(string)I420, width=(int)1280, height=(int)720, interlace-mode=(string)progressive, pixel-aspect-ratio=(fraction)1/1, framerate=(fraction)0/1
[RTX-GST] VIDEO frames=2471 avg_fps=24.9 caps=video/x-raw, format=(string)I420, width=(int)1280, height=(int)720, interlace-mode=(string)progressive, pixel-aspect-ratio=(fraction)1/1, framerate=(fraction)0/1
[RTX-GST] VIDEO frames=2502 avg_fps=25.0 caps=video/x-raw, format=(string)I420, width=(int)1280, height=(int)720, interlace-mode=(string)progressive, pixel-aspect-ratio=(fraction)1/1, framerate=(fraction)0/1
[RTX-GST] VIDEO frames=2532 avg_fps=25.0 caps=video/x-raw, format=(string)I420, width=(int)1280, height=(int)720, interlace-mode=(string)progressive, pixel-aspect-ratio=(fraction)1/1, framerate=(fraction)0/1
[RTX-GST] VIDEO frames=2562 avg_fps=25.1 caps=video/x-raw, format=(string)I420, width=(int)1280, height=(int)720, interlace-mode=(string)progressive, pixel-aspect-ratio=(fraction)1/1, framerate=(fraction)0/1
[RTX-GST] VIDEO frames=2593 avg_fps=25.1 caps=video/x-raw, format=(string)I420, width=(int)1280, height=(int)720, interlace-mode=(string)progressive, pixel-aspect-ratio=(fraction)1/1, framerate=(fraction)0/1
[RTX-GST] VIDEO frames=2617 avg_fps=25.1 caps=video/x-raw, format=(string)I420, width=(int)1280, height=(int)720, interlace-mode=(string)progressive, pixel-aspect-ratio=(fraction)1/1, framerate=(fraction)0/1
[RTX-GST] VIDEO frames=2652 avg_fps=25.2 caps=video/x-raw, format=(string)I420, width=(int)1280, height=(int)720, interlace-mode=(string)progressive, pixel-aspect-ratio=(fraction)1/1, framerate=(fraction)0/1
[RTX-GST] VIDEO frames=2683 avg_fps=25.2 caps=video/x-raw, format=(string)I420, width=(int)1280, height=(int)720, interlace-mode=(string)progressive, pixel-aspect-ratio=(fraction)1/1, framerate=(fraction)0/1
[RTX-GST] VIDEO frames=2714 avg_fps=25.3 caps=video/x-raw, format=(string)I420, width=(int)1280, height=(int)720, interlace-mode=(string)progressive, pixel-aspect-ratio=(fraction)1/1, framerate=(fraction)0/1
[RTX-GST] VIDEO frames=2745 avg_fps=25.3 caps=video/x-raw, format=(string)I420, width=(int)1280, height=(int)720, interlace-mode=(string)progressive, pixel-aspect-ratio=(fraction)1/1, framerate=(fraction)0/1
[RTX-GST] VIDEO frames=2765 avg_fps=25.2 caps=video/x-raw, format=(string)I420, width=(int)1280, height=(int)720, interlace-mode=(string)progressive, pixel-aspect-ratio=(fraction)1/1, framerate=(fraction)0/1
[RTX-GST] VIDEO frames=2799 avg_fps=25.3 caps=video/x-raw, format=(string)I420, width=(int)1280, height=(int)720, interlace-mode=(string)progressive, pixel-aspect-ratio=(fraction)1/1, framerate=(fraction)0/1
[RTX-GST] VIDEO frames=2830 avg_fps=25.4 caps=video/x-raw, format=(string)I420, width=(int)1280, height=(int)720, interlace-mode=(string)progressive, pixel-aspect-ratio=(fraction)1/1, framerate=(fraction)0/1
[RTX-GST] VIDEO frames=2861 avg_fps=25.4 caps=video/x-raw, format=(string)I420, width=(int)1280, height=(int)720, interlace-mode=(string)progressive, pixel-aspect-ratio=(fraction)1/1, framerate=(fraction)0/1
[RTX-GST] VIDEO frames=2892 avg_fps=25.4 caps=video/x-raw, format=(string)I420, width=(int)1280, height=(int)720, interlace-mode=(string)progressive, pixel-aspect-ratio=(fraction)1/1, framerate=(fraction)0/1
[RTX-GST] VIDEO frames=2923 avg_fps=25.5 caps=video/x-raw, format=(string)I420, width=(int)1280, height=(int)720, interlace-mode=(string)progressive, pixel-aspect-ratio=(fraction)1/1, framerate=(fraction)0/1
[RTX-GST] VIDEO frames=2953 avg_fps=25.5 caps=video/x-raw, format=(string)I420, width=(int)1280, height=(int)720, interlace-mode=(string)progressive, pixel-aspect-ratio=(fraction)1/1, framerate=(fraction)0/1
[RTX-GST] VIDEO frames=2984 avg_fps=25.6 caps=video/x-raw, format=(string)I420, width=(int)1280, height=(int)720, interlace-mode=(string)progressive, pixel-aspect-ratio=(fraction)1/1, framerate=(fraction)0/1
[RTX-GST] VIDEO frames=3014 avg_fps=25.6 caps=video/x-raw, format=(string)I420, width=(int)1280, height=(int)720, interlace-mode=(string)progressive, pixel-aspect-ratio=(fraction)1/1, framerate=(fraction)0/1
[RTX-GST] VIDEO frames=3045 avg_fps=25.6 caps=video/x-raw, format=(string)I420, width=(int)1280, height=(int)720, interlace-mode=(string)progressive, pixel-aspect-ratio=(fraction)1/1, framerate=(fraction)0/1
[RTX-GST] VIDEO frames=3069 avg_fps=25.6 caps=video/x-raw, format=(string)I420, width=(int)1280, height=(int)720, interlace-mode=(string)progressive, pixel-aspect-ratio=(fraction)1/1, framerate=(fraction)0/1
[RTX-GST] VIDEO frames=3104 avg_fps=25.7 caps=video/x-raw, format=(string)I420, width=(int)1280, height=(int)720, interlace-mode=(string)progressive, pixel-aspect-ratio=(fraction)1/1, framerate=(fraction)0/1
[RTX-GST] VIDEO frames=3135 avg_fps=25.7 caps=video/x-raw, format=(string)I420, width=(int)1280, height=(int)720, interlace-mode=(string)progressive, pixel-aspect-ratio=(fraction)1/1, framerate=(fraction)0/1
[RTX-GST] VIDEO frames=3166 avg_fps=25.7 caps=video/x-raw, format=(string)I420, width=(int)1280, height=(int)720, interlace-mode=(string)progressive, pixel-aspect-ratio=(fraction)1/1, framerate=(fraction)0/1
[RTX-GST] VIDEO frames=3197 avg_fps=25.8 caps=video/x-raw, format=(string)I420, width=(int)1280, height=(int)720, interlace-mode=(string)progressive, pixel-aspect-ratio=(fraction)1/1, framerate=(fraction)0/1
[RTX-GST] VIDEO frames=3223 avg_fps=25.8 caps=video/x-raw, format=(string)I420, width=(int)1280, height=(int)720, interlace-mode=(string)progressive, pixel-aspect-ratio=(fraction)1/1, framerate=(fraction)0/1
[RTX-GST] VIDEO frames=3254 avg_fps=25.8 caps=video/x-raw, format=(string)I420, width=(int)1280, height=(int)720, interlace-mode=(string)progressive, pixel-aspect-ratio=(fraction)1/1, framerate=(fraction)0/1
[RTX-GST] VIDEO frames=3284 avg_fps=25.8 caps=video/x-raw, format=(string)I420, width=(int)1280, height=(int)720, interlace-mode=(string)progressive, pixel-aspect-ratio=(fraction)1/1, framerate=(fraction)0/1
[RTX-GST] VIDEO frames=3315 avg_fps=25.9 caps=video/x-raw, format=(string)I420, width=(int)1280, height=(int)720, interlace-mode=(string)progressive, pixel-aspect-ratio=(fraction)1/1, framerate=(fraction)0/1
[RTX-GST] VIDEO frames=3345 avg_fps=25.9 caps=video/x-raw, format=(string)I420, width=(int)1280, height=(int)720, interlace-mode=(string)progressive, pixel-aspect-ratio=(fraction)1/1, framerate=(fraction)0/1
[RTX-GST] VIDEO frames=3367 avg_fps=25.8 caps=video/x-raw, format=(string)I420, width=(int)1280, height=(int)720, interlace-mode=(string)progressive, pixel-aspect-ratio=(fraction)1/1, framerate=(fraction)0/1
[RTX-GST] VIDEO frames=3402 avg_fps=25.9 caps=video/x-raw, format=(string)I420, width=(int)1280, height=(int)720, interlace-mode=(string)progressive, pixel-aspect-ratio=(fraction)1/1, framerate=(fraction)0/1
[RTX-GST] VIDEO frames=3433 avg_fps=25.9 caps=video/x-raw, format=(string)I420, width=(int)1280, height=(int)720, interlace-mode=(string)progressive, pixel-aspect-ratio=(fraction)1/1, framerate=(fraction)0/1
[RTX-GST] VIDEO frames=3463 avg_fps=26.0 caps=video/x-raw, format=(string)I420, width=(int)1280, height=(int)720, interlace-mode=(string)progressive, pixel-aspect-ratio=(fraction)1/1, framerate=(fraction)0/1
[RTX-GST] VIDEO frames=3494 avg_fps=26.0 caps=video/x-raw, format=(string)I420, width=(int)1280, height=(int)720, interlace-mode=(string)progressive, pixel-aspect-ratio=(fraction)1/1, framerate=(fraction)0/1
[RTX-GST] VIDEO frames=3512 avg_fps=25.9 caps=video/x-raw, format=(string)I420, width=(int)1280, height=(int)720, interlace-mode=(string)progressive, pixel-aspect-ratio=(fraction)1/1, framerate=(fraction)0/1
[RTX-GST] VIDEO frames=3548 avg_fps=26.0 caps=video/x-raw, format=(string)I420, width=(int)1280, height=(int)720, interlace-mode=(string)progressive, pixel-aspect-ratio=(fraction)1/1, framerate=(fraction)0/1
[RTX-GST] VIDEO frames=3579 avg_fps=26.0 caps=video/x-raw, format=(string)I420, width=(int)1280, height=(int)720, interlace-mode=(string)progressive, pixel-aspect-ratio=(fraction)1/1, framerate=(fraction)0/1
[RTX-GST] VIDEO frames=3610 avg_fps=26.1 caps=video/x-raw, format=(string)I420, width=(int)1280, height=(int)720, interlace-mode=(string)progressive, pixel-aspect-ratio=(fraction)1/1, framerate=(fraction)0/1
[RTX-GST] VIDEO frames=3641 avg_fps=26.1 caps=video/x-raw, format=(string)I420, width=(int)1280, height=(int)720, interlace-mode=(string)progressive, pixel-aspect-ratio=(fraction)1/1, framerate=(fraction)0/1
[RTX-GST] VIDEO frames=3667 avg_fps=26.0 caps=video/x-raw, format=(string)I420, width=(int)1280, height=(int)720, interlace-mode=(string)progressive, pixel-aspect-ratio=(fraction)1/1, framerate=(fraction)0/1
[RTX-GST] VIDEO frames=3711 avg_fps=26.1 caps=video/x-raw, format=(string)I420, width=(int)1280, height=(int)720, interlace-mode=(string)progressive, pixel-aspect-ratio=(fraction)1/1, framerate=(fraction)0/1
[RTX-GST] VIDEO frames=3742 avg_fps=26.2 caps=video/x-raw, format=(string)I420, width=(int)1280, height=(int)720, interlace-mode=(string)progressive, pixel-aspect-ratio=(fraction)1/1, framerate=(fraction)0/1
[RTX-GST] VIDEO frames=3773 avg_fps=26.2 caps=video/x-raw, format=(string)I420, width=(int)1280, height=(int)720, interlace-mode=(string)progressive, pixel-aspect-ratio=(fraction)1/1, framerate=(fraction)0/1
[RTX-GST] VIDEO frames=3804 avg_fps=26.2 caps=video/x-raw, format=(string)I420, width=(int)1280, height=(int)720, interlace-mode=(string)progressive, pixel-aspect-ratio=(fraction)1/1, framerate=(fraction)0/1
[RTX-GST] VIDEO frames=3825 avg_fps=26.2 caps=video/x-raw, format=(string)I420, width=(int)1280, height=(int)720, interlace-mode=(string)progressive, pixel-aspect-ratio=(fraction)1/1, framerate=(fraction)0/1
[RTX-GST] VIDEO frames=3855 avg_fps=26.2 caps=video/x-raw, format=(string)I420, width=(int)1280, height=(int)720, interlace-mode=(string)progressive, pixel-aspect-ratio=(fraction)1/1, framerate=(fraction)0/1
[RTX-GST] VIDEO frames=3886 avg_fps=26.2 caps=video/x-raw, format=(string)I420, width=(int)1280, height=(int)720, interlace-mode=(string)progressive, pixel-aspect-ratio=(fraction)1/1, framerate=(fraction)0/1
[RTX-GST] VIDEO frames=3916 avg_fps=26.3 caps=video/x-raw, format=(string)I420, width=(int)1280, height=(int)720, interlace-mode=(string)progressive, pixel-aspect-ratio=(fraction)1/1, framerate=(fraction)0/1
[RTX-GST] VIDEO frames=3947 avg_fps=26.3 caps=video/x-raw, format=(string)I420, width=(int)1280, height=(int)720, interlace-mode=(string)progressive, pixel-aspect-ratio=(fraction)1/1, framerate=(fraction)0/1
[RTX-GST] VIDEO frames=3978 avg_fps=26.3 caps=video/x-raw, format=(string)I420, width=(int)1280, height=(int)720, interlace-mode=(string)progressive, pixel-aspect-ratio=(fraction)1/1, framerate=(fraction)0/1
[RTX-GST] VIDEO frames=4009 avg_fps=26.3 caps=video/x-raw, format=(string)I420, width=(int)1280, height=(int)720, interlace-mode=(string)progressive, pixel-aspect-ratio=(fraction)1/1, framerate=(fraction)0/1
[RTX-GST] VIDEO frames=4040 avg_fps=26.4 caps=video/x-raw, format=(string)I420, width=(int)1280, height=(int)720, interlace-mode=(string)progressive, pixel-aspect-ratio=(fraction)1/1, framerate=(fraction)0/1
[RTX-GST] VIDEO frames=4071 avg_fps=26.4 caps=video/x-raw, format=(string)I420, width=(int)1280, height=(int)720, interlace-mode=(string)progressive, pixel-aspect-ratio=(fraction)1/1, framerate=(fraction)0/1
[RTX-GST] VIDEO frames=4102 avg_fps=26.4 caps=video/x-raw, format=(string)I420, width=(int)1280, height=(int)720, interlace-mode=(string)progressive, pixel-aspect-ratio=(fraction)1/1, framerate=(fraction)0/1
[RTX-GST] VIDEO frames=4133 avg_fps=26.4 caps=video/x-raw, format=(string)I420, width=(int)1280, height=(int)720, interlace-mode=(string)progressive, pixel-aspect-ratio=(fraction)1/1, framerate=(fraction)0/1
[RTX-GST] VIDEO frames=4164 avg_fps=26.5 caps=video/x-raw, format=(string)I420, width=(int)1280, height=(int)720, interlace-mode=(string)progressive, pixel-aspect-ratio=(fraction)1/1, framerate=(fraction)0/1
[RTX-GST] VIDEO frames=4195 avg_fps=26.5 caps=video/x-raw, format=(string)I420, width=(int)1280, height=(int)720, interlace-mode=(string)progressive, pixel-aspect-ratio=(fraction)1/1, framerate=(fraction)0/1
[RTX-GST] VIDEO frames=4226 avg_fps=26.5 caps=video/x-raw, format=(string)I420, width=(int)1280, height=(int)720, interlace-mode=(string)progressive, pixel-aspect-ratio=(fraction)1/1, framerate=(fraction)0/1
[RTX-GST] VIDEO frames=4257 avg_fps=26.5 caps=video/x-raw, format=(string)I420, width=(int)1280, height=(int)720, interlace-mode=(string)progressive, pixel-aspect-ratio=(fraction)1/1, framerate=(fraction)0/1
[RTX-GST] VIDEO frames=4288 avg_fps=26.5 caps=video/x-raw, format=(string)I420, width=(int)1280, height=(int)720, interlace-mode=(string)progressive, pixel-aspect-ratio=(fraction)1/1, framerate=(fraction)0/1
[RTX-GST] VIDEO frames=4318 avg_fps=26.6 caps=video/x-raw, format=(string)I420, width=(int)1280, height=(int)720, interlace-mode=(string)progressive, pixel-aspect-ratio=(fraction)1/1, framerate=(fraction)0/1
[RTX-GST] VIDEO frames=4349 avg_fps=26.6 caps=video/x-raw, format=(string)I420, width=(int)1280, height=(int)720, interlace-mode=(string)progressive, pixel-aspect-ratio=(fraction)1/1, framerate=(fraction)0/1
[RTX-GST] VIDEO frames=4380 avg_fps=26.6 caps=video/x-raw, format=(string)I420, width=(int)1280, height=(int)720, interlace-mode=(string)progressive, pixel-aspect-ratio=(fraction)1/1, framerate=(fraction)0/1
[RTX-GST] VIDEO frames=4410 avg_fps=26.6 caps=video/x-raw, format=(string)I420, width=(int)1280, height=(int)720, interlace-mode=(string)progressive, pixel-aspect-ratio=(fraction)1/1, framerate=(fraction)0/1
[RTX-GST] VIDEO frames=4441 avg_fps=26.7 caps=video/x-raw, format=(string)I420, width=(int)1280, height=(int)720, interlace-mode=(string)progressive, pixel-aspect-ratio=(fraction)1/1, framerate=(fraction)0/1
[RTX-GST] VIDEO frames=4471 avg_fps=26.7 caps=video/x-raw, format=(string)I420, width=(int)1280, height=(int)720, interlace-mode=(string)progressive, pixel-aspect-ratio=(fraction)1/1, framerate=(fraction)0/1
[RTX-GST] VIDEO frames=4502 avg_fps=26.7 caps=video/x-raw, format=(string)I420, width=(int)1280, height=(int)720, interlace-mode=(string)progressive, pixel-aspect-ratio=(fraction)1/1, framerate=(fraction)0/1
[RTX-GST] VIDEO frames=4533 avg_fps=26.7 caps=video/x-raw, format=(string)I420, width=(int)1280, height=(int)720, interlace-mode=(string)progressive, pixel-aspect-ratio=(fraction)1/1, framerate=(fraction)0/1
[RTX-GST] VIDEO frames=4564 avg_fps=26.7 caps=video/x-raw, format=(string)I420, width=(int)1280, height=(int)720, interlace-mode=(string)progressive, pixel-aspect-ratio=(fraction)1/1, framerate=(fraction)0/1
[RTX-GST] VIDEO frames=4588 avg_fps=26.7 caps=video/x-raw, format=(string)I420, width=(int)1280, height=(int)720, interlace-mode=(string)progressive, pixel-aspect-ratio=(fraction)1/1, framerate=(fraction)0/1
[RTX-GST] VIDEO frames=4619 avg_fps=26.7 caps=video/x-raw, format=(string)I420, width=(int)1280, height=(int)720, interlace-mode=(string)progressive, pixel-aspect-ratio=(fraction)1/1, framerate=(fraction)0/1
[RTX-GST] VIDEO frames=4650 avg_fps=26.8 caps=video/x-raw, format=(string)I420, width=(int)1280, height=(int)720, interlace-mode=(string)progressive, pixel-aspect-ratio=(fraction)1/1, framerate=(fraction)0/1
[RTX-GST] VIDEO frames=4680 avg_fps=26.8 caps=video/x-raw, format=(string)I420, width=(int)1280, height=(int)720, interlace-mode=(string)progressive, pixel-aspect-ratio=(fraction)1/1, framerate=(fraction)0/1
[RTX-GST] VIDEO frames=4711 avg_fps=26.8 caps=video/x-raw, format=(string)I420, width=(int)1280, height=(int)720, interlace-mode=(string)progressive, pixel-aspect-ratio=(fraction)1/1, framerate=(fraction)0/1
[RTX-GST] VIDEO frames=4733 avg_fps=26.8 caps=video/x-raw, format=(string)I420, width=(int)1280, height=(int)720, interlace-mode=(string)progressive, pixel-aspect-ratio=(fraction)1/1, framerate=(fraction)0/1
[RTX-GST] VIDEO frames=4764 avg_fps=26.8 caps=video/x-raw, format=(string)I420, width=(int)1280, height=(int)720, interlace-mode=(string)progressive, pixel-aspect-ratio=(fraction)1/1, framerate=(fraction)0/1
[RTX-GST] VIDEO frames=4795 avg_fps=26.8 caps=video/x-raw, format=(string)I420, width=(int)1280, height=(int)720, interlace-mode=(string)progressive, pixel-aspect-ratio=(fraction)1/1, framerate=(fraction)0/1
[RTX-GST] VIDEO frames=4826 avg_fps=26.8 caps=video/x-raw, format=(string)I420, width=(int)1280, height=(int)720, interlace-mode=(string)progressive, pixel-aspect-ratio=(fraction)1/1, framerate=(fraction)0/1
[RTX-GST] VIDEO frames=4857 avg_fps=26.8 caps=video/x-raw, format=(string)I420, width=(int)1280, height=(int)720, interlace-mode=(string)progressive, pixel-aspect-ratio=(fraction)1/1, framerate=(fraction)0/1
[RTX-GST] VIDEO frames=4874 avg_fps=26.8 caps=video/x-raw, format=(string)I420, width=(int)1280, height=(int)720, interlace-mode=(string)progressive, pixel-aspect-ratio=(fraction)1/1, framerate=(fraction)0/1
[RTX-GST] VIDEO frames=4910 avg_fps=26.8 caps=video/x-raw, format=(string)I420, width=(int)1280, height=(int)720, interlace-mode=(string)progressive, pixel-aspect-ratio=(fraction)1/1, framerate=(fraction)0/1
[RTX-GST] VIDEO frames=4940 avg_fps=26.8 caps=video/x-raw, format=(string)I420, width=(int)1280, height=(int)720, interlace-mode=(string)progressive, pixel-aspect-ratio=(fraction)1/1, framerate=(fraction)0/1
[RTX-GST] VIDEO frames=4971 avg_fps=26.9 caps=video/x-raw, format=(string)I420, width=(int)1280, height=(int)720, interlace-mode=(string)progressive, pixel-aspect-ratio=(fraction)1/1, framerate=(fraction)0/1
[RTX-GST] VIDEO frames=5002 avg_fps=26.9 caps=video/x-raw, format=(string)I420, width=(int)1280, height=(int)720, interlace-mode=(string)progressive, pixel-aspect-ratio=(fraction)1/1, framerate=(fraction)0/1
[RTX-GST] VIDEO frames=5033 avg_fps=26.9 caps=video/x-raw, format=(string)I420, width=(int)1280, height=(int)720, interlace-mode=(string)progressive, pixel-aspect-ratio=(fraction)1/1, framerate=(fraction)0/1
[RTX-GST] VIDEO frames=5064 avg_fps=26.9 caps=video/x-raw, format=(string)I420, width=(int)1280, height=(int)720, interlace-mode=(string)progressive, pixel-aspect-ratio=(fraction)1/1, framerate=(fraction)0/1
[RTX-GST] VIDEO frames=5094 avg_fps=26.9 caps=video/x-raw, format=(string)I420, width=(int)1280, height=(int)720, interlace-mode=(string)progressive, pixel-aspect-ratio=(fraction)1/1, framerate=(fraction)0/1
[RTX-GST] VIDEO frames=5125 avg_fps=26.9 caps=video/x-raw, format=(string)I420, width=(int)1280, height=(int)720, interlace-mode=(string)progressive, pixel-aspect-ratio=(fraction)1/1, framerate=(fraction)0/1
[RTX-GST] VIDEO frames=5155 avg_fps=27.0 caps=video/x-raw, format=(string)I420, width=(int)1280, height=(int)720, interlace-mode=(string)progressive, pixel-aspect-ratio=(fraction)1/1, framerate=(fraction)0/1
[RTX-GST] VIDEO frames=5185 avg_fps=27.0 caps=video/x-raw, format=(string)I420, width=(int)1280, height=(int)720, interlace-mode=(string)progressive, pixel-aspect-ratio=(fraction)1/1, framerate=(fraction)0/1
[RTX-GST] VIDEO frames=5216 avg_fps=27.0 caps=video/x-raw, format=(string)I420, width=(int)1280, height=(int)720, interlace-mode=(string)progressive, pixel-aspect-ratio=(fraction)1/1, framerate=(fraction)0/1
[RTX-GST] VIDEO frames=5247 avg_fps=27.0 caps=video/x-raw, format=(string)I420, width=(int)1280, height=(int)720, interlace-mode=(string)progressive, pixel-aspect-ratio=(fraction)1/1, framerate=(fraction)0/1
[RTX-GST] VIDEO frames=5278 avg_fps=27.0 caps=video/x-raw, format=(string)I420, width=(int)1280, height=(int)720, interlace-mode=(string)progressive, pixel-aspect-ratio=(fraction)1/1, framerate=(fraction)0/1
[RTX-GST] VIDEO frames=5309 avg_fps=27.0 caps=video/x-raw, format=(string)I420, width=(int)1280, height=(int)720, interlace-mode=(string)progressive, pixel-aspect-ratio=(fraction)1/1, framerate=(fraction)0/1
[RTX-GST] VIDEO frames=5333 avg_fps=27.0 caps=video/x-raw, format=(string)I420, width=(int)1280, height=(int)720, interlace-mode=(string)progressive, pixel-aspect-ratio=(fraction)1/1, framerate=(fraction)0/1
[RTX-GST] VIDEO frames=5368 avg_fps=27.0 caps=video/x-raw, format=(string)I420, width=(int)1280, height=(int)720, interlace-mode=(string)progressive, pixel-aspect-ratio=(fraction)1/1, framerate=(fraction)0/1
[RTX-GST] VIDEO frames=5399 avg_fps=27.0 caps=video/x-raw, format=(string)I420, width=(int)1280, height=(int)720, interlace-mode=(string)progressive, pixel-aspect-ratio=(fraction)1/1, framerate=(fraction)0/1
[RTX-GST] VIDEO frames=5429 avg_fps=27.1 caps=video/x-raw, format=(string)I420, width=(int)1280, height=(int)720, interlace-mode=(string)progressive, pixel-aspect-ratio=(fraction)1/1, framerate=(fraction)0/1
[RTX-GST] VIDEO frames=5460 avg_fps=27.1 caps=video/x-raw, format=(string)I420, width=(int)1280, height=(int)720, interlace-mode=(string)progressive, pixel-aspect-ratio=(fraction)1/1, framerate=(fraction)0/1
[RTX-GST] VIDEO frames=5479 avg_fps=27.0 caps=video/x-raw, format=(string)I420, width=(int)1280, height=(int)720, interlace-mode=(string)progressive, pixel-aspect-ratio=(fraction)1/1, framerate=(fraction)0/1
[RTX-GST] VIDEO frames=5515 avg_fps=27.1 caps=video/x-raw, format=(string)I420, width=(int)1280, height=(int)720, interlace-mode=(string)progressive, pixel-aspect-ratio=(fraction)1/1, framerate=(fraction)0/1
[RTX-GST] VIDEO frames=5546 avg_fps=27.1 caps=video/x-raw, format=(string)I420, width=(int)1280, height=(int)720, interlace-mode=(string)progressive, pixel-aspect-ratio=(fraction)1/1, framerate=(fraction)0/1
[RTX-GST] VIDEO frames=5576 avg_fps=27.1 caps=video/x-raw, format=(string)I420, width=(int)1280, height=(int)720, interlace-mode=(string)progressive, pixel-aspect-ratio=(fraction)1/1, framerate=(fraction)0/1
[RTX-GST] VIDEO frames=5607 avg_fps=27.1 caps=video/x-raw, format=(string)I420, width=(int)1280, height=(int)720, interlace-mode=(string)progressive, pixel-aspect-ratio=(fraction)1/1, framerate=(fraction)0/1
[RTX-GST] VIDEO frames=5627 avg_fps=27.1 caps=video/x-raw, format=(string)I420, width=(int)1280, height=(int)720, interlace-mode=(string)progressive, pixel-aspect-ratio=(fraction)1/1, framerate=(fraction)0/1
[RTX-GST] VIDEO frames=5662 avg_fps=27.1 caps=video/x-raw, format=(string)I420, width=(int)1280, height=(int)720, interlace-mode=(string)progressive, pixel-aspect-ratio=(fraction)1/1, framerate=(fraction)0/1
[RTX-GST] VIDEO frames=5692 avg_fps=27.1 caps=video/x-raw, format=(string)I420, width=(int)1280, height=(int)720, interlace-mode=(string)progressive, pixel-aspect-ratio=(fraction)1/1, framerate=(fraction)0/1
[RTX-GST] VIDEO frames=5722 avg_fps=27.1 caps=video/x-raw, format=(string)I420, width=(int)1280, height=(int)720, interlace-mode=(string)progressive, pixel-aspect-ratio=(fraction)1/1, framerate=(fraction)0/1
[RTX-GST] VIDEO frames=5753 avg_fps=27.1 caps=video/x-raw, format=(string)I420, width=(int)1280, height=(int)720, interlace-mode=(string)progressive, pixel-aspect-ratio=(fraction)1/1, framerate=(fraction)0/1
[RTX-GST] VIDEO frames=5772 avg_fps=27.1 caps=video/x-raw, format=(string)I420, width=(int)1280, height=(int)720, interlace-mode=(string)progressive, pixel-aspect-ratio=(fraction)1/1, framerate=(fraction)0/1
[RTX-GST] VIDEO frames=5807 avg_fps=27.1 caps=video/x-raw, format=(string)I420, width=(int)1280, height=(int)720, interlace-mode=(string)progressive, pixel-aspect-ratio=(fraction)1/1, framerate=(fraction)0/1
[RTX-GST] VIDEO frames=5838 avg_fps=27.1 caps=video/x-raw, format=(string)I420, width=(int)1280, height=(int)720, interlace-mode=(string)progressive, pixel-aspect-ratio=(fraction)1/1, framerate=(fraction)0/1
[RTX-GST] VIDEO frames=5869 avg_fps=27.1 caps=video/x-raw, format=(string)I420, width=(int)1280, height=(int)720, interlace-mode=(string)progressive, pixel-aspect-ratio=(fraction)1/1, framerate=(fraction)0/1
[RTX-GST] VIDEO frames=5899 avg_fps=27.2 caps=video/x-raw, format=(string)I420, width=(int)1280, height=(int)720, interlace-mode=(string)progressive, pixel-aspect-ratio=(fraction)1/1, framerate=(fraction)0/1
[RTX-GST] VIDEO frames=5923 avg_fps=27.1 caps=video/x-raw, format=(string)I420, width=(int)1280, height=(int)720, interlace-mode=(string)progressive, pixel-aspect-ratio=(fraction)1/1, framerate=(fraction)0/1
[RTX-GST] VIDEO frames=5953 avg_fps=27.2 caps=video/x-raw, format=(string)I420, width=(int)1280, height=(int)720, interlace-mode=(string)progressive, pixel-aspect-ratio=(fraction)1/1, framerate=(fraction)0/1
[RTX-GST] VIDEO frames=5984 avg_fps=27.2 caps=video/x-raw, format=(string)I420, width=(int)1280, height=(int)720, interlace-mode=(string)progressive, pixel-aspect-ratio=(fraction)1/1, framerate=(fraction)0/1
[RTX-GST] VIDEO frames=6015 avg_fps=27.2 caps=video/x-raw, format=(string)I420, width=(int)1280, height=(int)720, interlace-mode=(string)progressive, pixel-aspect-ratio=(fraction)1/1, framerate=(fraction)0/1
[RTX-GST] VIDEO frames=6046 avg_fps=27.2 caps=video/x-raw, format=(string)I420, width=(int)1280, height=(int)720, interlace-mode=(string)progressive, pixel-aspect-ratio=(fraction)1/1, framerate=(fraction)0/1
[RTX-GST] VIDEO frames=6066 avg_fps=27.2 caps=video/x-raw, format=(string)I420, width=(int)1280, height=(int)720, interlace-mode=(string)progressive, pixel-aspect-ratio=(fraction)1/1, framerate=(fraction)0/1
[RTX-GST] VIDEO frames=6102 avg_fps=27.2 caps=video/x-raw, format=(string)I420, width=(int)1280, height=(int)720, interlace-mode=(string)progressive, pixel-aspect-ratio=(fraction)1/1, framerate=(fraction)0/1
[RTX-GST] VIDEO frames=6133 avg_fps=27.2 caps=video/x-raw, format=(string)I420, width=(int)1280, height=(int)720, interlace-mode=(string)progressive, pixel-aspect-ratio=(fraction)1/1, framerate=(fraction)0/1
[RTX-GST] VIDEO frames=6164 avg_fps=27.2 caps=video/x-raw, format=(string)I420, width=(int)1280, height=(int)720, interlace-mode=(string)progressive, pixel-aspect-ratio=(fraction)1/1, framerate=(fraction)0/1
[RTX-GST] VIDEO frames=6195 avg_fps=27.2 caps=video/x-raw, format=(string)I420, width=(int)1280, height=(int)720, interlace-mode=(string)progressive, pixel-aspect-ratio=(fraction)1/1, framerate=(fraction)0/1
[RTX-GST] VIDEO frames=6214 avg_fps=27.2 caps=video/x-raw, format=(string)I420, width=(int)1280, height=(int)720, interlace-mode=(string)progressive, pixel-aspect-ratio=(fraction)1/1, framerate=(fraction)0/1
[RTX-GST] VIDEO frames=6249 avg_fps=27.2 caps=video/x-raw, format=(string)I420, width=(int)1280, height=(int)720, interlace-mode=(string)progressive, pixel-aspect-ratio=(fraction)1/1, framerate=(fraction)0/1
[RTX-GST] VIDEO frames=6279 avg_fps=27.2 caps=video/x-raw, format=(string)I420, width=(int)1280, height=(int)720, interlace-mode=(string)progressive, pixel-aspect-ratio=(fraction)1/1, framerate=(fraction)0/1
[RTX-GST] VIDEO frames=6309 avg_fps=27.2 caps=video/x-raw, format=(string)I420, width=(int)1280, height=(int)720, interlace-mode=(string)progressive, pixel-aspect-ratio=(fraction)1/1, framerate=(fraction)0/1
[RTX-GST] VIDEO frames=6340 avg_fps=27.3 caps=video/x-raw, format=(string)I420, width=(int)1280, height=(int)720, interlace-mode=(string)progressive, pixel-aspect-ratio=(fraction)1/1, framerate=(fraction)0/1
[RTX-GST] VIDEO frames=6359 avg_fps=27.2 caps=video/x-raw, format=(string)I420, width=(int)1280, height=(int)720, interlace-mode=(string)progressive, pixel-aspect-ratio=(fraction)1/1, framerate=(fraction)0/1
[RTX-GST] VIDEO frames=6394 avg_fps=27.2 caps=video/x-raw, format=(string)I420, width=(int)1280, height=(int)720, interlace-mode=(string)progressive, pixel-aspect-ratio=(fraction)1/1, framerate=(fraction)0/1
[RTX-GST] VIDEO frames=6425 avg_fps=27.3 caps=video/x-raw, format=(string)I420, width=(int)1280, height=(int)720, interlace-mode=(string)progressive, pixel-aspect-ratio=(fraction)1/1, framerate=(fraction)0/1
[RTX-GST] VIDEO frames=6456 avg_fps=27.3 caps=video/x-raw, format=(string)I420, width=(int)1280, height=(int)720, interlace-mode=(string)progressive, pixel-aspect-ratio=(fraction)1/1, framerate=(fraction)0/1
[RTX-GST] VIDEO frames=6487 avg_fps=27.3 caps=video/x-raw, format=(string)I420, width=(int)1280, height=(int)720, interlace-mode=(string)progressive, pixel-aspect-ratio=(fraction)1/1, framerate=(fraction)0/1
[RTX-GST] VIDEO frames=6518 avg_fps=27.3 caps=video/x-raw, format=(string)I420, width=(int)1280, height=(int)720, interlace-mode=(string)progressive, pixel-aspect-ratio=(fraction)1/1, framerate=(fraction)0/1
[RTX-GST] VIDEO frames=6549 avg_fps=27.3 caps=video/x-raw, format=(string)I420, width=(int)1280, height=(int)720, interlace-mode=(string)progressive, pixel-aspect-ratio=(fraction)1/1, framerate=(fraction)0/1
[RTX-GST] VIDEO frames=6579 avg_fps=27.3 caps=video/x-raw, format=(string)I420, width=(int)1280, height=(int)720, interlace-mode=(string)progressive, pixel-aspect-ratio=(fraction)1/1, framerate=(fraction)0/1
[RTX-GST] VIDEO frames=6610 avg_fps=27.3 caps=video/x-raw, format=(string)I420, width=(int)1280, height=(int)720, interlace-mode=(string)progressive, pixel-aspect-ratio=(fraction)1/1, framerate=(fraction)0/1
[RTX-GST] VIDEO frames=6640 avg_fps=27.3 caps=video/x-raw, format=(string)I420, width=(int)1280, height=(int)720, interlace-mode=(string)progressive, pixel-aspect-ratio=(fraction)1/1, framerate=(fraction)0/1
[RTX-GST] VIDEO frames=6662 avg_fps=27.3 caps=video/x-raw, format=(string)I420, width=(int)1280, height=(int)720, interlace-mode=(string)progressive, pixel-aspect-ratio=(fraction)1/1, framerate=(fraction)0/1
[RTX-GST] VIDEO frames=6697 avg_fps=27.3 caps=video/x-raw, format=(string)I420, width=(int)1280, height=(int)720, interlace-mode=(string)progressive, pixel-aspect-ratio=(fraction)1/1, framerate=(fraction)0/1
[RTX-GST] VIDEO frames=6728 avg_fps=27.3 caps=video/x-raw, format=(string)I420, width=(int)1280, height=(int)720, interlace-mode=(string)progressive, pixel-aspect-ratio=(fraction)1/1, framerate=(fraction)0/1
[RTX-GST] VIDEO frames=6758 avg_fps=27.3 caps=video/x-raw, format=(string)I420, width=(int)1280, height=(int)720, interlace-mode=(string)progressive, pixel-aspect-ratio=(fraction)1/1, framerate=(fraction)0/1
[RTX-GST] VIDEO frames=6789 avg_fps=27.4 caps=video/x-raw, format=(string)I420, width=(int)1280, height=(int)720, interlace-mode=(string)progressive, pixel-aspect-ratio=(fraction)1/1, framerate=(fraction)0/1
[RTX-GST] VIDEO frames=6806 avg_fps=27.3 caps=video/x-raw, format=(string)I420, width=(int)1280, height=(int)720, interlace-mode=(string)progressive, pixel-aspect-ratio=(fraction)1/1, framerate=(fraction)0/1
[RTX-GST] VIDEO frames=6842 avg_fps=27.3 caps=video/x-raw, format=(string)I420, width=(int)1280, height=(int)720, interlace-mode=(string)progressive, pixel-aspect-ratio=(fraction)1/1, framerate=(fraction)0/1
[RTX-GST] VIDEO frames=6872 avg_fps=27.3 caps=video/x-raw, format=(string)I420, width=(int)1280, height=(int)720, interlace-mode=(string)progressive, pixel-aspect-ratio=(fraction)1/1, framerate=(fraction)0/1
[RTX-GST] VIDEO frames=6903 avg_fps=27.4 caps=video/x-raw, format=(string)I420, width=(int)1280, height=(int)720, interlace-mode=(string)progressive, pixel-aspect-ratio=(fraction)1/1, framerate=(fraction)0/1
[RTX-GST] VIDEO frames=6934 avg_fps=27.4 caps=video/x-raw, format=(string)I420, width=(int)1280, height=(int)720, interlace-mode=(string)progressive, pixel-aspect-ratio=(fraction)1/1, framerate=(fraction)0/1
[RTX-GST] VIDEO frames=6964 avg_fps=27.4 caps=video/x-raw, format=(string)I420, width=(int)1280, height=(int)720, interlace-mode=(string)progressive, pixel-aspect-ratio=(fraction)1/1, framerate=(fraction)0/1
[RTX-GST] VIDEO frames=6995 avg_fps=27.4 caps=video/x-raw, format=(string)I420, width=(int)1280, height=(int)720, interlace-mode=(string)progressive, pixel-aspect-ratio=(fraction)1/1, framerate=(fraction)0/1
[RTX-GST] VIDEO frames=7026 avg_fps=27.4 caps=video/x-raw, format=(string)I420, width=(int)1280, height=(int)720, interlace-mode=(string)progressive, pixel-aspect-ratio=(fraction)1/1, framerate=(fraction)0/1
[RTX-GST] VIDEO frames=7057 avg_fps=27.4 caps=video/x-raw, format=(string)I420, width=(int)1280, height=(int)720, interlace-mode=(string)progressive, pixel-aspect-ratio=(fraction)1/1, framerate=(fraction)0/1
[RTX-GST] VIDEO frames=7088 avg_fps=27.4 caps=video/x-raw, format=(string)I420, width=(int)1280, height=(int)720, interlace-mode=(string)progressive, pixel-aspect-ratio=(fraction)1/1, framerate=(fraction)0/1
[RTX-GST] VIDEO frames=7118 avg_fps=27.4 caps=video/x-raw, format=(string)I420, width=(int)1280, height=(int)720, interlace-mode=(string)progressive, pixel-aspect-ratio=(fraction)1/1, framerate=(fraction)0/1
[RTX-GST] VIDEO frames=7149 avg_fps=27.4 caps=video/x-raw, format=(string)I420, width=(int)1280, height=(int)720, interlace-mode=(string)progressive, pixel-aspect-ratio=(fraction)1/1, framerate=(fraction)0/1
[RTX-GST] VIDEO frames=7179 avg_fps=27.5 caps=video/x-raw, format=(string)I420, width=(int)1280, height=(int)720, interlace-mode=(string)progressive, pixel-aspect-ratio=(fraction)1/1, framerate=(fraction)0/1
[RTX-GST] VIDEO frames=7210 avg_fps=27.5 caps=video/x-raw, format=(string)I420, width=(int)1280, height=(int)720, interlace-mode=(string)progressive, pixel-aspect-ratio=(fraction)1/1, framerate=(fraction)0/1
[RTX-GST] VIDEO frames=7241 avg_fps=27.5 caps=video/x-raw, format=(string)I420, width=(int)1280, height=(int)720, interlace-mode=(string)progressive, pixel-aspect-ratio=(fraction)1/1, framerate=(fraction)0/1
[RTX-GST] VIDEO frames=7263 avg_fps=27.4 caps=video/x-raw, format=(string)I420, width=(int)1280, height=(int)720, interlace-mode=(string)progressive, pixel-aspect-ratio=(fraction)1/1, framerate=(fraction)0/1
[RTX-GST] VIDEO frames=7298 avg_fps=27.5 caps=video/x-raw, format=(string)I420, width=(int)1280, height=(int)720, interlace-mode=(string)progressive, pixel-aspect-ratio=(fraction)1/1, framerate=(fraction)0/1
[RTX-GST] VIDEO frames=7329 avg_fps=27.5 caps=video/x-raw, format=(string)I420, width=(int)1280, height=(int)720, interlace-mode=(string)progressive, pixel-aspect-ratio=(fraction)1/1, framerate=(fraction)0/1
[RTX-GST] VIDEO frames=7360 avg_fps=27.5 caps=video/x-raw, format=(string)I420, width=(int)1280, height=(int)720, interlace-mode=(string)progressive, pixel-aspect-ratio=(fraction)1/1, framerate=(fraction)0/1
[RTX-GST] VIDEO frames=7391 avg_fps=27.5 caps=video/x-raw, format=(string)I420, width=(int)1280, height=(int)720, interlace-mode=(string)progressive, pixel-aspect-ratio=(fraction)1/1, framerate=(fraction)0/1
[RTX-GST] VIDEO frames=7412 avg_fps=27.5 caps=video/x-raw, format=(string)I420, width=(int)1280, height=(int)720, interlace-mode=(string)progressive, pixel-aspect-ratio=(fraction)1/1, framerate=(fraction)0/1
[RTX-GST] VIDEO frames=7448 avg_fps=27.5 caps=video/x-raw, format=(string)I420, width=(int)1280, height=(int)720, interlace-mode=(string)progressive, pixel-aspect-ratio=(fraction)1/1, framerate=(fraction)0/1
[RTX-GST] VIDEO frames=7479 avg_fps=27.5 caps=video/x-raw, format=(string)I420, width=(int)1280, height=(int)720, interlace-mode=(string)progressive, pixel-aspect-ratio=(fraction)1/1, framerate=(fraction)0/1
[RTX-GST] VIDEO frames=7499 avg_fps=27.4 caps=video/x-raw, format=(string)I420, width=(int)1280, height=(int)720, interlace-mode=(string)progressive, pixel-aspect-ratio=(fraction)1/1, framerate=(fraction)0/1
[RTX-GST] VIDEO frames=7545 avg_fps=27.5 caps=video/x-raw, format=(string)I420, width=(int)1280, height=(int)720, interlace-mode=(string)progressive, pixel-aspect-ratio=(fraction)1/1, framerate=(fraction)0/1
[RTX-GST] VIDEO frames=7570 avg_fps=27.5 caps=video/x-raw, format=(string)I420, width=(int)1280, height=(int)720, interlace-mode=(string)progressive, pixel-aspect-ratio=(fraction)1/1, framerate=(fraction)0/1
[RTX-GST] VIDEO frames=7590 avg_fps=27.4 caps=video/x-raw, format=(string)I420, width=(int)1280, height=(int)720, interlace-mode=(string)progressive, pixel-aspect-ratio=(fraction)1/1, framerate=(fraction)0/1
[RTX-GST] VIDEO frames=7635 avg_fps=27.5 caps=video/x-raw, format=(string)I420, width=(int)1280, height=(int)720, interlace-mode=(string)progressive, pixel-aspect-ratio=(fraction)1/1, framerate=(fraction)0/1
[RTX-GST] VIDEO frames=7665 avg_fps=27.5 caps=video/x-raw, format=(string)I420, width=(int)1280, height=(int)720, interlace-mode=(string)progressive, pixel-aspect-ratio=(fraction)1/1, framerate=(fraction)0/1
[RTX-GST] VIDEO frames=7696 avg_fps=27.5 caps=video/x-raw, format=(string)I420, width=(int)1280, height=(int)720, interlace-mode=(string)progressive, pixel-aspect-ratio=(fraction)1/1, framerate=(fraction)0/1
[RTX-GST] VIDEO frames=7726 avg_fps=27.5 caps=video/x-raw, format=(string)I420, width=(int)1280, height=(int)720, interlace-mode=(string)progressive, pixel-aspect-ratio=(fraction)1/1, framerate=(fraction)0/1
[RTX-GST] VIDEO frames=7757 avg_fps=27.5 caps=video/x-raw, format=(string)I420, width=(int)1280, height=(int)720, interlace-mode=(string)progressive, pixel-aspect-ratio=(fraction)1/1, framerate=(fraction)0/1
[RTX-GST] VIDEO frames=7787 avg_fps=27.5 caps=video/x-raw, format=(string)I420, width=(int)1280, height=(int)720, interlace-mode=(string)progressive, pixel-aspect-ratio=(fraction)1/1, framerate=(fraction)0/1
[RTX-GST] VIDEO frames=7818 avg_fps=27.5 caps=video/x-raw, format=(string)I420, width=(int)1280, height=(int)720, interlace-mode=(string)progressive, pixel-aspect-ratio=(fraction)1/1, framerate=(fraction)0/1
[RTX-GST] VIDEO frames=7849 avg_fps=27.6 caps=video/x-raw, format=(string)I420, width=(int)1280, height=(int)720, interlace-mode=(string)progressive, pixel-aspect-ratio=(fraction)1/1, framerate=(fraction)0/1
[RTX-GST] VIDEO frames=7873 avg_fps=27.5 caps=video/x-raw, format=(string)I420, width=(int)1280, height=(int)720, interlace-mode=(string)progressive, pixel-aspect-ratio=(fraction)1/1, framerate=(fraction)0/1
[RTX-GST] VIDEO frames=7904 avg_fps=27.5 caps=video/x-raw, format=(string)I420, width=(int)1280, height=(int)720, interlace-mode=(string)progressive, pixel-aspect-ratio=(fraction)1/1, framerate=(fraction)0/1
[RTX-GST] VIDEO frames=7935 avg_fps=27.6 caps=video/x-raw, format=(string)I420, width=(int)1280, height=(int)720, interlace-mode=(string)progressive, pixel-aspect-ratio=(fraction)1/1, framerate=(fraction)0/1
[RTX-GST] VIDEO frames=7966 avg_fps=27.6 caps=video/x-raw, format=(string)I420, width=(int)1280, height=(int)720, interlace-mode=(string)progressive, pixel-aspect-ratio=(fraction)1/1, framerate=(fraction)0/1
[RTX-GST] VIDEO frames=7997 avg_fps=27.6 caps=video/x-raw, format=(string)I420, width=(int)1280, height=(int)720, interlace-mode=(string)progressive, pixel-aspect-ratio=(fraction)1/1, framerate=(fraction)0/1
[RTX-GST] VIDEO frames=8017 avg_fps=27.5 caps=video/x-raw, format=(string)I420, width=(int)1280, height=(int)720, interlace-mode=(string)progressive, pixel-aspect-ratio=(fraction)1/1, framerate=(fraction)0/1
[RTX-GST] VIDEO frames=8048 avg_fps=27.6 caps=video/x-raw, format=(string)I420, width=(int)1280, height=(int)720, interlace-mode=(string)progressive, pixel-aspect-ratio=(fraction)1/1, framerate=(fraction)0/1
[RTX-GST] VIDEO frames=8078 avg_fps=27.6 caps=video/x-raw, format=(string)I420, width=(int)1280, height=(int)720, interlace-mode=(string)progressive, pixel-aspect-ratio=(fraction)1/1, framerate=(fraction)0/1
[RTX-GST] VIDEO frames=8109 avg_fps=27.6 caps=video/x-raw, format=(string)I420, width=(int)1280, height=(int)720, interlace-mode=(string)progressive, pixel-aspect-ratio=(fraction)1/1, framerate=(fraction)0/1
[RTX-GST] VIDEO frames=8139 avg_fps=27.6 caps=video/x-raw, format=(string)I420, width=(int)1280, height=(int)720, interlace-mode=(string)progressive, pixel-aspect-ratio=(fraction)1/1, framerate=(fraction)0/1
[RTX-GST] VIDEO frames=8170 avg_fps=27.6 caps=video/x-raw, format=(string)I420, width=(int)1280, height=(int)720, interlace-mode=(string)progressive, pixel-aspect-ratio=(fraction)1/1, framerate=(fraction)0/1
[RTX-GST] VIDEO frames=8200 avg_fps=27.6 caps=video/x-raw, format=(string)I420, width=(int)1280, height=(int)720, interlace-mode=(string)progressive, pixel-aspect-ratio=(fraction)1/1, framerate=(fraction)0/1
[RTX-GST] VIDEO frames=8231 avg_fps=27.6 caps=video/x-raw, format=(string)I420, width=(int)1280, height=(int)720, interlace-mode=(string)progressive, pixel-aspect-ratio=(fraction)1/1, framerate=(fraction)0/1
[RTX-GST] VIDEO frames=8261 avg_fps=27.6 caps=video/x-raw, format=(string)I420, width=(int)1280, height=(int)720, interlace-mode=(string)progressive, pixel-aspect-ratio=(fraction)1/1, framerate=(fraction)0/1
[RTX-GST] VIDEO frames=8292 avg_fps=27.6 caps=video/x-raw, format=(string)I420, width=(int)1280, height=(int)720, interlace-mode=(string)progressive, pixel-aspect-ratio=(fraction)1/1, framerate=(fraction)0/1
[RTX-GST] VIDEO frames=8316 avg_fps=27.6 caps=video/x-raw, format=(string)I420, width=(int)1280, height=(int)720, interlace-mode=(string)progressive, pixel-aspect-ratio=(fraction)1/1, framerate=(fraction)0/1
[RTX-GST] VIDEO frames=8347 avg_fps=27.6 caps=video/x-raw, format=(string)I420, width=(int)1280, height=(int)720, interlace-mode=(string)progressive, pixel-aspect-ratio=(fraction)1/1, framerate=(fraction)0/1
[RTX-GST] VIDEO frames=8377 avg_fps=27.6 caps=video/x-raw, format=(string)I420, width=(int)1280, height=(int)720, interlace-mode=(string)progressive, pixel-aspect-ratio=(fraction)1/1, framerate=(fraction)0/1
[RTX-GST] VIDEO frames=8408 avg_fps=27.6 caps=video/x-raw, format=(string)I420, width=(int)1280, height=(int)720, interlace-mode=(string)progressive, pixel-aspect-ratio=(fraction)1/1, framerate=(fraction)0/1
[RTX-GST] VIDEO frames=8439 avg_fps=27.6 caps=video/x-raw, format=(string)I420, width=(int)1280, height=(int)720, interlace-mode=(string)progressive, pixel-aspect-ratio=(fraction)1/1, framerate=(fraction)0/1
[RTX-GST] VIDEO frames=8468 avg_fps=27.6 caps=video/x-raw, format=(string)I420, width=(int)1280, height=(int)720, interlace-mode=(string)progressive, pixel-aspect-ratio=(fraction)1/1, framerate=(fraction)0/1
[RTX-GST] VIDEO frames=8506 avg_fps=27.6 caps=video/x-raw, format=(string)I420, width=(int)1280, height=(int)720, interlace-mode=(string)progressive, pixel-aspect-ratio=(fraction)1/1, framerate=(fraction)0/1
[RTX-GST] VIDEO frames=8538 avg_fps=27.7 caps=video/x-raw, format=(string)I420, width=(int)1280, height=(int)720, interlace-mode=(string)progressive, pixel-aspect-ratio=(fraction)1/1, framerate=(fraction)0/1
[RTX-GST] VIDEO frames=8568 avg_fps=27.7 caps=video/x-raw, format=(string)I420, width=(int)1280, height=(int)720, interlace-mode=(string)progressive, pixel-aspect-ratio=(fraction)1/1, framerate=(fraction)0/1
[RTX-GST] VIDEO frames=8599 avg_fps=27.7 caps=video/x-raw, format=(string)I420, width=(int)1280, height=(int)720, interlace-mode=(string)progressive, pixel-aspect-ratio=(fraction)1/1, framerate=(fraction)0/1
[RTX-GST] VIDEO frames=8630 avg_fps=27.7 caps=video/x-raw, format=(string)I420, width=(int)1280, height=(int)720, interlace-mode=(string)progressive, pixel-aspect-ratio=(fraction)1/1, framerate=(fraction)0/1
[RTX-GST] VIDEO frames=8660 avg_fps=27.7 caps=video/x-raw, format=(string)I420, width=(int)1280, height=(int)720, interlace-mode=(string)progressive, pixel-aspect-ratio=(fraction)1/1, framerate=(fraction)0/1
[RTX-GST] VIDEO frames=8691 avg_fps=27.7 caps=video/x-raw, format=(string)I420, width=(int)1280, height=(int)720, interlace-mode=(string)progressive, pixel-aspect-ratio=(fraction)1/1, framerate=(fraction)0/1
[RTX-GST] VIDEO frames=8722 avg_fps=27.7 caps=video/x-raw, format=(string)I420, width=(int)1280, height=(int)720, interlace-mode=(string)progressive, pixel-aspect-ratio=(fraction)1/1, framerate=(fraction)0/1
[RTX-GST] VIDEO frames=8753 avg_fps=27.7 caps=video/x-raw, format=(string)I420, width=(int)1280, height=(int)720, interlace-mode=(string)progressive, pixel-aspect-ratio=(fraction)1/1, framerate=(fraction)0/1
[RTX-GST] VIDEO frames=8776 avg_fps=27.7 caps=video/x-raw, format=(string)I420, width=(int)1280, height=(int)720, interlace-mode=(string)progressive, pixel-aspect-ratio=(fraction)1/1, framerate=(fraction)0/1
[RTX-GST] VIDEO frames=8807 avg_fps=27.7 caps=video/x-raw, format=(string)I420, width=(int)1280, height=(int)720, interlace-mode=(string)progressive, pixel-aspect-ratio=(fraction)1/1, framerate=(fraction)0/1
[RTX-GST] VIDEO frames=8837 avg_fps=27.7 caps=video/x-raw, format=(string)I420, width=(int)1280, height=(int)720, interlace-mode=(string)progressive, pixel-aspect-ratio=(fraction)1/1, framerate=(fraction)0/1
[RTX-GST] VIDEO frames=8868 avg_fps=27.7 caps=video/x-raw, format=(string)I420, width=(int)1280, height=(int)720, interlace-mode=(string)progressive, pixel-aspect-ratio=(fraction)1/1, framerate=(fraction)0/1
[RTX-GST] VIDEO frames=8899 avg_fps=27.7 caps=video/x-raw, format=(string)I420, width=(int)1280, height=(int)720, interlace-mode=(string)progressive, pixel-aspect-ratio=(fraction)1/1, framerate=(fraction)0/1
[RTX-GST] VIDEO frames=8930 avg_fps=27.7 caps=video/x-raw, format=(string)I420, width=(int)1280, height=(int)720, interlace-mode=(string)progressive, pixel-aspect-ratio=(fraction)1/1, framerate=(fraction)0/1
[RTX-GST] VIDEO frames=8961 avg_fps=27.7 caps=video/x-raw, format=(string)I420, width=(int)1280, height=(int)720, interlace-mode=(string)progressive, pixel-aspect-ratio=(fraction)1/1, framerate=(fraction)0/1
[RTX-GST] VIDEO frames=8992 avg_fps=27.8 caps=video/x-raw, format=(string)I420, width=(int)1280, height=(int)720, interlace-mode=(string)progressive, pixel-aspect-ratio=(fraction)1/1, framerate=(fraction)0/1
[RTX-GST] VIDEO frames=9023 avg_fps=27.8 caps=video/x-raw, format=(string)I420, width=(int)1280, height=(int)720, interlace-mode=(string)progressive, pixel-aspect-ratio=(fraction)1/1, framerate=(fraction)0/1
[RTX-GST] VIDEO frames=9054 avg_fps=27.8 caps=video/x-raw, format=(string)I420, width=(int)1280, height=(int)720, interlace-mode=(string)progressive, pixel-aspect-ratio=(fraction)1/1, framerate=(fraction)0/1
[RTX-GST] VIDEO frames=9084 avg_fps=27.8 caps=video/x-raw, format=(string)I420, width=(int)1280, height=(int)720, interlace-mode=(string)progressive, pixel-aspect-ratio=(fraction)1/1, framerate=(fraction)0/1
[RTX-GST] VIDEO frames=9115 avg_fps=27.8 caps=video/x-raw, format=(string)I420, width=(int)1280, height=(int)720, interlace-mode=(string)progressive, pixel-aspect-ratio=(fraction)1/1, framerate=(fraction)0/1
[RTX-GST] VIDEO frames=9146 avg_fps=27.8 caps=video/x-raw, format=(string)I420, width=(int)1280, height=(int)720, interlace-mode=(string)progressive, pixel-aspect-ratio=(fraction)1/1, framerate=(fraction)0/1
[RTX-GST] VIDEO frames=9177 avg_fps=27.8 caps=video/x-raw, format=(string)I420, width=(int)1280, height=(int)720, interlace-mode=(string)progressive, pixel-aspect-ratio=(fraction)1/1, framerate=(fraction)0/1
[RTX-GST] VIDEO frames=9208 avg_fps=27.8 caps=video/x-raw, format=(string)I420, width=(int)1280, height=(int)720, interlace-mode=(string)progressive, pixel-aspect-ratio=(fraction)1/1, framerate=(fraction)0/1
[RTX-GST] VIDEO frames=9232 avg_fps=27.8 caps=video/x-raw, format=(string)I420, width=(int)1280, height=(int)720, interlace-mode=(string)progressive, pixel-aspect-ratio=(fraction)1/1, framerate=(fraction)0/1
[RTX-GST] VIDEO frames=9263 avg_fps=27.8 caps=video/x-raw, format=(string)I420, width=(int)1280, height=(int)720, interlace-mode=(string)progressive, pixel-aspect-ratio=(fraction)1/1, framerate=(fraction)0/1
[RTX-GST] VIDEO frames=9293 avg_fps=27.8 caps=video/x-raw, format=(string)I420, width=(int)1280, height=(int)720, interlace-mode=(string)progressive, pixel-aspect-ratio=(fraction)1/1, framerate=(fraction)0/1
[RTX-GST] VIDEO frames=9324 avg_fps=27.8 caps=video/x-raw, format=(string)I420, width=(int)1280, height=(int)720, interlace-mode=(string)progressive, pixel-aspect-ratio=(fraction)1/1, framerate=(fraction)0/1
[RTX-GST] VIDEO frames=9354 avg_fps=27.8 caps=video/x-raw, format=(string)I420, width=(int)1280, height=(int)720, interlace-mode=(string)progressive, pixel-aspect-ratio=(fraction)1/1, framerate=(fraction)0/1
[RTX-GST] VIDEO frames=9385 avg_fps=27.8 caps=video/x-raw, format=(string)I420, width=(int)1280, height=(int)720, interlace-mode=(string)progressive, pixel-aspect-ratio=(fraction)1/1, framerate=(fraction)0/1
[RTX-GST] VIDEO frames=9416 avg_fps=27.8 caps=video/x-raw, format=(string)I420, width=(int)1280, height=(int)720, interlace-mode=(string)progressive, pixel-aspect-ratio=(fraction)1/1, framerate=(fraction)0/1
[RTX-GST] VIDEO frames=9447 avg_fps=27.8 caps=video/x-raw, format=(string)I420, width=(int)1280, height=(int)720, interlace-mode=(string)progressive, pixel-aspect-ratio=(fraction)1/1, framerate=(fraction)0/1
[RTX-GST] VIDEO frames=9478 avg_fps=27.8 caps=video/x-raw, format=(string)I420, width=(int)1280, height=(int)720, interlace-mode=(string)progressive, pixel-aspect-ratio=(fraction)1/1, framerate=(fraction)0/1
[RTX-GST] VIDEO frames=9508 avg_fps=27.9 caps=video/x-raw, format=(string)I420, width=(int)1280, height=(int)720, interlace-mode=(string)progressive, pixel-aspect-ratio=(fraction)1/1, framerate=(fraction)0/1
[RTX-GST] VIDEO frames=9527 avg_fps=27.8 caps=video/x-raw, format=(string)I420, width=(int)1280, height=(int)720, interlace-mode=(string)progressive, pixel-aspect-ratio=(fraction)1/1, framerate=(fraction)0/1
[RTX-GST] VIDEO frames=9571 avg_fps=27.8 caps=video/x-raw, format=(string)I420, width=(int)1280, height=(int)720, interlace-mode=(string)progressive, pixel-aspect-ratio=(fraction)1/1, framerate=(fraction)0/1
[RTX-GST] VIDEO frames=9602 avg_fps=27.8 caps=video/x-raw, format=(string)I420, width=(int)1280, height=(int)720, interlace-mode=(string)progressive, pixel-aspect-ratio=(fraction)1/1, framerate=(fraction)0/1
[RTX-GST] VIDEO frames=9633 avg_fps=27.9 caps=video/x-raw, format=(string)I420, width=(int)1280, height=(int)720, interlace-mode=(string)progressive, pixel-aspect-ratio=(fraction)1/1, framerate=(fraction)0/1
[RTX-GST] VIDEO frames=9663 avg_fps=27.9 caps=video/x-raw, format=(string)I420, width=(int)1280, height=(int)720, interlace-mode=(string)progressive, pixel-aspect-ratio=(fraction)1/1, framerate=(fraction)0/1
[RTX-GST] VIDEO frames=9687 avg_fps=27.8 caps=video/x-raw, format=(string)I420, width=(int)1280, height=(int)720, interlace-mode=(string)progressive, pixel-aspect-ratio=(fraction)1/1, framerate=(fraction)0/1
[RTX-GST] VIDEO frames=9717 avg_fps=27.9 caps=video/x-raw, format=(string)I420, width=(int)1280, height=(int)720, interlace-mode=(string)progressive, pixel-aspect-ratio=(fraction)1/1, framerate=(fraction)0/1
[RTX-GST] VIDEO frames=9748 avg_fps=27.9 caps=video/x-raw, format=(string)I420, width=(int)1280, height=(int)720, interlace-mode=(string)progressive, pixel-aspect-ratio=(fraction)1/1, framerate=(fraction)0/1
[RTX-GST] VIDEO frames=9779 avg_fps=27.9 caps=video/x-raw, format=(string)I420, width=(int)1280, height=(int)720, interlace-mode=(string)progressive, pixel-aspect-ratio=(fraction)1/1, framerate=(fraction)0/1
[RTX-GST] VIDEO frames=9810 avg_fps=27.9 caps=video/x-raw, format=(string)I420, width=(int)1280, height=(int)720, interlace-mode=(string)progressive, pixel-aspect-ratio=(fraction)1/1, framerate=(fraction)0/1
[RTX-GST] VIDEO frames=9831 avg_fps=27.8 caps=video/x-raw, format=(string)I420, width=(int)1280, height=(int)720, interlace-mode=(string)progressive, pixel-aspect-ratio=(fraction)1/1, framerate=(fraction)0/1
[RTX-GST] VIDEO frames=9861 avg_fps=27.9 caps=video/x-raw, format=(string)I420, width=(int)1280, height=(int)720, interlace-mode=(string)progressive, pixel-aspect-ratio=(fraction)1/1, framerate=(fraction)0/1
[RTX-GST] VIDEO frames=9892 avg_fps=27.9 caps=video/x-raw, format=(string)I420, width=(int)1280, height=(int)720, interlace-mode=(string)progressive, pixel-aspect-ratio=(fraction)1/1, framerate=(fraction)0/1
[RTX-GST] VIDEO frames=9923 avg_fps=27.9 caps=video/x-raw, format=(string)I420, width=(int)1280, height=(int)720, interlace-mode=(string)progressive, pixel-aspect-ratio=(fraction)1/1, framerate=(fraction)0/1
[RTX-GST] VIDEO frames=9954 avg_fps=27.9 caps=video/x-raw, format=(string)I420, width=(int)1280, height=(int)720, interlace-mode=(string)progressive, pixel-aspect-ratio=(fraction)1/1, framerate=(fraction)0/1
[RTX-GST] VIDEO frames=9984 avg_fps=27.9 caps=video/x-raw, format=(string)I420, width=(int)1280, height=(int)720, interlace-mode=(string)progressive, pixel-aspect-ratio=(fraction)1/1, framerate=(fraction)0/1
[RTX-GST] VIDEO frames=10015 avg_fps=27.9 caps=video/x-raw, format=(string)I420, width=(int)1280, height=(int)720, interlace-mode=(string)progressive, pixel-aspect-ratio=(fraction)1/1, framerate=(fraction)0/1
[RTX-GST] VIDEO frames=10045 avg_fps=27.9 caps=video/x-raw, format=(string)I420, width=(int)1280, height=(int)720, interlace-mode=(string)progressive, pixel-aspect-ratio=(fraction)1/1, framerate=(fraction)0/1
[RTX-GST] VIDEO frames=10076 avg_fps=27.9 caps=video/x-raw, format=(string)I420, width=(int)1280, height=(int)720, interlace-mode=(string)progressive, pixel-aspect-ratio=(fraction)1/1, framerate=(fraction)0/1
[RTX-GST] VIDEO frames=10107 avg_fps=27.9 caps=video/x-raw, format=(string)I420, width=(int)1280, height=(int)720, interlace-mode=(string)progressive, pixel-aspect-ratio=(fraction)1/1, framerate=(fraction)0/1
[RTX-GST] VIDEO frames=10130 avg_fps=27.9 caps=video/x-raw, format=(string)I420, width=(int)1280, height=(int)720, interlace-mode=(string)progressive, pixel-aspect-ratio=(fraction)1/1, framerate=(fraction)0/1
[RTX-GST] VIDEO frames=10161 avg_fps=27.9 caps=video/x-raw, format=(string)I420, width=(int)1280, height=(int)720, interlace-mode=(string)progressive, pixel-aspect-ratio=(fraction)1/1, framerate=(fraction)0/1
[RTX-GST] VIDEO frames=10192 avg_fps=27.9 caps=video/x-raw, format=(string)I420, width=(int)1280, height=(int)720, interlace-mode=(string)progressive, pixel-aspect-ratio=(fraction)1/1, framerate=(fraction)0/1
[RTX-GST] VIDEO frames=10222 avg_fps=27.9 caps=video/x-raw, format=(string)I420, width=(int)1280, height=(int)720, interlace-mode=(string)progressive, pixel-aspect-ratio=(fraction)1/1, framerate=(fraction)0/1
[RTX-GST] VIDEO frames=10253 avg_fps=27.9 caps=video/x-raw, format=(string)I420, width=(int)1280, height=(int)720, interlace-mode=(string)progressive, pixel-aspect-ratio=(fraction)1/1, framerate=(fraction)0/1
[RTX-GST] VIDEO frames=10284 avg_fps=27.9 caps=video/x-raw, format=(string)I420, width=(int)1280, height=(int)720, interlace-mode=(string)progressive, pixel-aspect-ratio=(fraction)1/1, framerate=(fraction)0/1
[RTX-GST] VIDEO frames=10314 avg_fps=27.9 caps=video/x-raw, format=(string)I420, width=(int)1280, height=(int)720, interlace-mode=(string)progressive, pixel-aspect-ratio=(fraction)1/1, framerate=(fraction)0/1
[RTX-GST] VIDEO frames=10345 avg_fps=27.9 caps=video/x-raw, format=(string)I420, width=(int)1280, height=(int)720, interlace-mode=(string)progressive, pixel-aspect-ratio=(fraction)1/1, framerate=(fraction)0/1
[RTX-GST] VIDEO frames=10375 avg_fps=27.9 caps=video/x-raw, format=(string)I420, width=(int)1280, height=(int)720, interlace-mode=(string)progressive, pixel-aspect-ratio=(fraction)1/1, framerate=(fraction)0/1
[RTX-GST] VIDEO frames=10406 avg_fps=27.9 caps=video/x-raw, format=(string)I420, width=(int)1280, height=(int)720, interlace-mode=(string)progressive, pixel-aspect-ratio=(fraction)1/1, framerate=(fraction)0/1
[RTX-GST] VIDEO frames=10423 avg_fps=27.9 caps=video/x-raw, format=(string)I420, width=(int)1280, height=(int)720, interlace-mode=(string)progressive, pixel-aspect-ratio=(fraction)1/1, framerate=(fraction)0/1
[RTX-GST] VIDEO frames=10458 avg_fps=27.9 caps=video/x-raw, format=(string)I420, width=(int)1280, height=(int)720, interlace-mode=(string)progressive, pixel-aspect-ratio=(fraction)1/1, framerate=(fraction)0/1
[RTX-GST] VIDEO frames=10489 avg_fps=27.9 caps=video/x-raw, format=(string)I420, width=(int)1280, height=(int)720, interlace-mode=(string)progressive, pixel-aspect-ratio=(fraction)1/1, framerate=(fraction)0/1
[RTX-GST] VIDEO frames=10520 avg_fps=27.9 caps=video/x-raw, format=(string)I420, width=(int)1280, height=(int)720, interlace-mode=(string)progressive, pixel-aspect-ratio=(fraction)1/1, framerate=(fraction)0/1
[RTX-GST] VIDEO frames=10551 avg_fps=27.9 caps=video/x-raw, format=(string)I420, width=(int)1280, height=(int)720, interlace-mode=(string)progressive, pixel-aspect-ratio=(fraction)1/1, framerate=(fraction)0/1
[RTX-GST] VIDEO frames=10582 avg_fps=28.0 caps=video/x-raw, format=(string)I420, width=(int)1280, height=(int)720, interlace-mode=(string)progressive, pixel-aspect-ratio=(fraction)1/1, framerate=(fraction)0/1
[RTX-GST] VIDEO frames=10612 avg_fps=28.0 caps=video/x-raw, format=(string)I420, width=(int)1280, height=(int)720, interlace-mode=(string)progressive, pixel-aspect-ratio=(fraction)1/1, framerate=(fraction)0/1
[RTX-GST] VIDEO frames=10643 avg_fps=28.0 caps=video/x-raw, format=(string)I420, width=(int)1280, height=(int)720, interlace-mode=(string)progressive, pixel-aspect-ratio=(fraction)1/1, framerate=(fraction)0/1
[RTX-GST] VIDEO frames=10673 avg_fps=28.0 caps=video/x-raw, format=(string)I420, width=(int)1280, height=(int)720, interlace-mode=(string)progressive, pixel-aspect-ratio=(fraction)1/1, framerate=(fraction)0/1
[RTX-GST] VIDEO frames=10704 avg_fps=28.0 caps=video/x-raw, format=(string)I420, width=(int)1280, height=(int)720, interlace-mode=(string)progressive, pixel-aspect-ratio=(fraction)1/1, framerate=(fraction)0/1
[RTX-GST] VIDEO frames=10728 avg_fps=27.9 caps=video/x-raw, format=(string)I420, width=(int)1280, height=(int)720, interlace-mode=(string)progressive, pixel-aspect-ratio=(fraction)1/1, framerate=(fraction)0/1
[RTX-GST] VIDEO frames=10772 avg_fps=28.0 caps=video/x-raw, format=(string)I420, width=(int)1280, height=(int)720, interlace-mode=(string)progressive, pixel-aspect-ratio=(fraction)1/1, framerate=(fraction)0/1
[RTX-GST] VIDEO frames=10802 avg_fps=28.0 caps=video/x-raw, format=(string)I420, width=(int)1280, height=(int)720, interlace-mode=(string)progressive, pixel-aspect-ratio=(fraction)1/1, framerate=(fraction)0/1
[RTX-GST] VIDEO frames=10832 avg_fps=28.0 caps=video/x-raw, format=(string)I420, width=(int)1280, height=(int)720, interlace-mode=(string)progressive, pixel-aspect-ratio=(fraction)1/1, framerate=(fraction)0/1
[RTX-GST] VIDEO frames=10863 avg_fps=28.0 caps=video/x-raw, format=(string)I420, width=(int)1280, height=(int)720, interlace-mode=(string)progressive, pixel-aspect-ratio=(fraction)1/1, framerate=(fraction)0/1
[RTX-GST] VIDEO frames=10885 avg_fps=28.0 caps=video/x-raw, format=(string)I420, width=(int)1280, height=(int)720, interlace-mode=(string)progressive, pixel-aspect-ratio=(fraction)1/1, framerate=(fraction)0/1
[RTX-GST] VIDEO frames=10916 avg_fps=28.0 caps=video/x-raw, format=(string)I420, width=(int)1280, height=(int)720, interlace-mode=(string)progressive, pixel-aspect-ratio=(fraction)1/1, framerate=(fraction)0/1
[RTX-GST] VIDEO frames=10946 avg_fps=28.0 caps=video/x-raw, format=(string)I420, width=(int)1280, height=(int)720, interlace-mode=(string)progressive, pixel-aspect-ratio=(fraction)1/1, framerate=(fraction)0/1
[RTX-GST] VIDEO frames=10977 avg_fps=28.0 caps=video/x-raw, format=(string)I420, width=(int)1280, height=(int)720, interlace-mode=(string)progressive, pixel-aspect-ratio=(fraction)1/1, framerate=(fraction)0/1
[RTX-GST] VIDEO frames=11008 avg_fps=28.0 caps=video/x-raw, format=(string)I420, width=(int)1280, height=(int)720, interlace-mode=(string)progressive, pixel-aspect-ratio=(fraction)1/1, framerate=(fraction)0/1
[RTX-GST] VIDEO frames=11038 avg_fps=28.0 caps=video/x-raw, format=(string)I420, width=(int)1280, height=(int)720, interlace-mode=(string)progressive, pixel-aspect-ratio=(fraction)1/1, framerate=(fraction)0/1
[RTX-GST] VIDEO frames=11069 avg_fps=28.0 caps=video/x-raw, format=(string)I420, width=(int)1280, height=(int)720, interlace-mode=(string)progressive, pixel-aspect-ratio=(fraction)1/1, framerate=(fraction)0/1
[RTX-GST] VIDEO frames=11099 avg_fps=28.0 caps=video/x-raw, format=(string)I420, width=(int)1280, height=(int)720, interlace-mode=(string)progressive, pixel-aspect-ratio=(fraction)1/1, framerate=(fraction)0/1
[RTX-GST] VIDEO frames=11130 avg_fps=28.0 caps=video/x-raw, format=(string)I420, width=(int)1280, height=(int)720, interlace-mode=(string)progressive, pixel-aspect-ratio=(fraction)1/1, framerate=(fraction)0/1
[RTX-GST] VIDEO frames=11161 avg_fps=28.0 caps=video/x-raw, format=(string)I420, width=(int)1280, height=(int)720, interlace-mode=(string)progressive, pixel-aspect-ratio=(fraction)1/1, framerate=(fraction)0/1
[RTX-GST] VIDEO frames=11184 avg_fps=28.0 caps=video/x-raw, format=(string)I420, width=(int)1280, height=(int)720, interlace-mode=(string)progressive, pixel-aspect-ratio=(fraction)1/1, framerate=(fraction)0/1
[RTX-GST] VIDEO frames=11215 avg_fps=28.0 caps=video/x-raw, format=(string)I420, width=(int)1280, height=(int)720, interlace-mode=(string)progressive, pixel-aspect-ratio=(fraction)1/1, framerate=(fraction)0/1
[RTX-GST] VIDEO frames=11245 avg_fps=28.0 caps=video/x-raw, format=(string)I420, width=(int)1280, height=(int)720, interlace-mode=(string)progressive, pixel-aspect-ratio=(fraction)1/1, framerate=(fraction)0/1
[RTX-GST] VIDEO frames=11276 avg_fps=28.0 caps=video/x-raw, format=(string)I420, width=(int)1280, height=(int)720, interlace-mode=(string)progressive, pixel-aspect-ratio=(fraction)1/1, framerate=(fraction)0/1
[RTX-GST] VIDEO frames=11307 avg_fps=28.0 caps=video/x-raw, format=(string)I420, width=(int)1280, height=(int)720, interlace-mode=(string)progressive, pixel-aspect-ratio=(fraction)1/1, framerate=(fraction)0/1
[RTX-GST] VIDEO frames=11338 avg_fps=28.0 caps=video/x-raw, format=(string)I420, width=(int)1280, height=(int)720, interlace-mode=(string)progressive, pixel-aspect-ratio=(fraction)1/1, framerate=(fraction)0/1
[RTX-GST] VIDEO frames=11368 avg_fps=28.0 caps=video/x-raw, format=(string)I420, width=(int)1280, height=(int)720, interlace-mode=(string)progressive, pixel-aspect-ratio=(fraction)1/1, framerate=(fraction)0/1
[RTX-GST] VIDEO frames=11399 avg_fps=28.0 caps=video/x-raw, format=(string)I420, width=(int)1280, height=(int)720, interlace-mode=(string)progressive, pixel-aspect-ratio=(fraction)1/1, framerate=(fraction)0/1
[RTX-GST] VIDEO frames=11430 avg_fps=28.1 caps=video/x-raw, format=(string)I420, width=(int)1280, height=(int)720, interlace-mode=(string)progressive, pixel-aspect-ratio=(fraction)1/1, framerate=(fraction)0/1
[RTX-GST] VIDEO frames=11461 avg_fps=28.1 caps=video/x-raw, format=(string)I420, width=(int)1280, height=(int)720, interlace-mode=(string)progressive, pixel-aspect-ratio=(fraction)1/1, framerate=(fraction)0/1
[RTX-GST] VIDEO frames=11492 avg_fps=28.1 caps=video/x-raw, format=(string)I420, width=(int)1280, height=(int)720, interlace-mode=(string)progressive, pixel-aspect-ratio=(fraction)1/1, framerate=(fraction)0/1
[RTX-GST] VIDEO frames=11522 avg_fps=28.1 caps=video/x-raw, format=(string)I420, width=(int)1280, height=(int)720, interlace-mode=(string)progressive, pixel-aspect-ratio=(fraction)1/1, framerate=(fraction)0/1
[RTX-GST] VIDEO frames=11552 avg_fps=28.1 caps=video/x-raw, format=(string)I420, width=(int)1280, height=(int)720, interlace-mode=(string)progressive, pixel-aspect-ratio=(fraction)1/1, framerate=(fraction)0/1
[RTX-GST] VIDEO frames=11583 avg_fps=28.1 caps=video/x-raw, format=(string)I420, width=(int)1280, height=(int)720, interlace-mode=(string)progressive, pixel-aspect-ratio=(fraction)1/1, framerate=(fraction)0/1
[RTX-GST] VIDEO frames=11614 avg_fps=28.1 caps=video/x-raw, format=(string)I420, width=(int)1280, height=(int)720, interlace-mode=(string)progressive, pixel-aspect-ratio=(fraction)1/1, framerate=(fraction)0/1
[RTX-GST] VIDEO frames=11635 avg_fps=28.1 caps=video/x-raw, format=(string)I420, width=(int)1280, height=(int)720, interlace-mode=(string)progressive, pixel-aspect-ratio=(fraction)1/1, framerate=(fraction)0/1
[RTX-GST] VIDEO frames=11675 avg_fps=28.1 caps=video/x-raw, format=(string)I420, width=(int)1280, height=(int)720, interlace-mode=(string)progressive, pixel-aspect-ratio=(fraction)1/1, framerate=(fraction)0/1
[RTX-GST] VIDEO frames=11706 avg_fps=28.1 caps=video/x-raw, format=(string)I420, width=(int)1280, height=(int)720, interlace-mode=(string)progressive, pixel-aspect-ratio=(fraction)1/1, framerate=(fraction)0/1
[RTX-GST] VIDEO frames=11737 avg_fps=28.1 caps=video/x-raw, format=(string)I420, width=(int)1280, height=(int)720, interlace-mode=(string)progressive, pixel-aspect-ratio=(fraction)1/1, framerate=(fraction)0/1
[RTX-GST] VIDEO frames=11768 avg_fps=28.1 caps=video/x-raw, format=(string)I420, width=(int)1280, height=(int)720, interlace-mode=(string)progressive, pixel-aspect-ratio=(fraction)1/1, framerate=(fraction)0/1
[RTX-GST] VIDEO frames=11799 avg_fps=28.1 caps=video/x-raw, format=(string)I420, width=(int)1280, height=(int)720, interlace-mode=(string)progressive, pixel-aspect-ratio=(fraction)1/1, framerate=(fraction)0/1
[RTX-GST] VIDEO frames=11829 avg_fps=28.1 caps=video/x-raw, format=(string)I420, width=(int)1280, height=(int)720, interlace-mode=(string)progressive, pixel-aspect-ratio=(fraction)1/1, framerate=(fraction)0/1
[RTX-GST] VIDEO frames=11860 avg_fps=28.1 caps=video/x-raw, format=(string)I420, width=(int)1280, height=(int)720, interlace-mode=(string)progressive, pixel-aspect-ratio=(fraction)1/1, framerate=(fraction)0/1
[RTX-GST] VIDEO frames=11891 avg_fps=28.1 caps=video/x-raw, format=(string)I420, width=(int)1280, height=(int)720, interlace-mode=(string)progressive, pixel-aspect-ratio=(fraction)1/1, framerate=(fraction)0/1
[RTX-GST] VIDEO frames=11921 avg_fps=28.1 caps=video/x-raw, format=(string)I420, width=(int)1280, height=(int)720, interlace-mode=(string)progressive, pixel-aspect-ratio=(fraction)1/1, framerate=(fraction)0/1
[RTX-GST] VIDEO frames=11944 avg_fps=28.1 caps=video/x-raw, format=(string)I420, width=(int)1280, height=(int)720, interlace-mode=(string)progressive, pixel-aspect-ratio=(fraction)1/1, framerate=(fraction)0/1
[RTX-GST] VIDEO frames=11979 avg_fps=28.1 caps=video/x-raw, format=(string)I420, width=(int)1280, height=(int)720, interlace-mode=(string)progressive, pixel-aspect-ratio=(fraction)1/1, framerate=(fraction)0/1
[RTX-GST] VIDEO frames=12010 avg_fps=28.1 caps=video/x-raw, format=(string)I420, width=(int)1280, height=(int)720, interlace-mode=(string)progressive, pixel-aspect-ratio=(fraction)1/1, framerate=(fraction)0/1
[RTX-GST] VIDEO frames=12041 avg_fps=28.1 caps=video/x-raw, format=(string)I420, width=(int)1280, height=(int)720, interlace-mode=(string)progressive, pixel-aspect-ratio=(fraction)1/1, framerate=(fraction)0/1
[RTX-GST] VIDEO frames=12072 avg_fps=28.1 caps=video/x-raw, format=(string)I420, width=(int)1280, height=(int)720, interlace-mode=(string)progressive, pixel-aspect-ratio=(fraction)1/1, framerate=(fraction)0/1
[RTX-GST] VIDEO frames=12090 avg_fps=28.1 caps=video/x-raw, format=(string)I420, width=(int)1280, height=(int)720, interlace-mode=(string)progressive, pixel-aspect-ratio=(fraction)1/1, framerate=(fraction)0/1
[RTX-GST] VIDEO frames=12125 avg_fps=28.1 caps=video/x-raw, format=(string)I420, width=(int)1280, height=(int)720, interlace-mode=(string)progressive, pixel-aspect-ratio=(fraction)1/1, framerate=(fraction)0/1
[RTX-GST] VIDEO frames=12156 avg_fps=28.1 caps=video/x-raw, format=(string)I420, width=(int)1280, height=(int)720, interlace-mode=(string)progressive, pixel-aspect-ratio=(fraction)1/1, framerate=(fraction)0/1
[RTX-GST] VIDEO frames=12187 avg_fps=28.1 caps=video/x-raw, format=(string)I420, width=(int)1280, height=(int)720, interlace-mode=(string)progressive, pixel-aspect-ratio=(fraction)1/1, framerate=(fraction)0/1
[RTX-GST] VIDEO frames=12218 avg_fps=28.1 caps=video/x-raw, format=(string)I420, width=(int)1280, height=(int)720, interlace-mode=(string)progressive, pixel-aspect-ratio=(fraction)1/1, framerate=(fraction)0/1
[RTX-GST] VIDEO frames=12249 avg_fps=28.1 caps=video/x-raw, format=(string)I420, width=(int)1280, height=(int)720, interlace-mode=(string)progressive, pixel-aspect-ratio=(fraction)1/1, framerate=(fraction)0/1
[RTX-GST] VIDEO frames=12280 avg_fps=28.1 caps=video/x-raw, format=(string)I420, width=(int)1280, height=(int)720, interlace-mode=(string)progressive, pixel-aspect-ratio=(fraction)1/1, framerate=(fraction)0/1
[RTX-GST] VIDEO frames=12310 avg_fps=28.1 caps=video/x-raw, format=(string)I420, width=(int)1280, height=(int)720, interlace-mode=(string)progressive, pixel-aspect-ratio=(fraction)1/1, framerate=(fraction)0/1
[RTX-GST] VIDEO frames=12341 avg_fps=28.1 caps=video/x-raw, format=(string)I420, width=(int)1280, height=(int)720, interlace-mode=(string)progressive, pixel-aspect-ratio=(fraction)1/1, framerate=(fraction)0/1
[RTX-GST] VIDEO frames=12372 avg_fps=28.2 caps=video/x-raw, format=(string)I420, width=(int)1280, height=(int)720, interlace-mode=(string)progressive, pixel-aspect-ratio=(fraction)1/1, framerate=(fraction)0/1
[RTX-GST] VIDEO frames=12403 avg_fps=28.2 caps=video/x-raw, format=(string)I420, width=(int)1280, height=(int)720, interlace-mode=(string)progressive, pixel-aspect-ratio=(fraction)1/1, framerate=(fraction)0/1
[RTX-GST] VIDEO frames=12422 avg_fps=28.1 caps=video/x-raw, format=(string)I420, width=(int)1280, height=(int)720, interlace-mode=(string)progressive, pixel-aspect-ratio=(fraction)1/1, framerate=(fraction)0/1
[RTX-GST] VIDEO frames=12453 avg_fps=28.1 caps=video/x-raw, format=(string)I420, width=(int)1280, height=(int)720, interlace-mode=(string)progressive, pixel-aspect-ratio=(fraction)1/1, framerate=(fraction)0/1
[RTX-GST] VIDEO frames=12484 avg_fps=28.1 caps=video/x-raw, format=(string)I420, width=(int)1280, height=(int)720, interlace-mode=(string)progressive, pixel-aspect-ratio=(fraction)1/1, framerate=(fraction)0/1
[RTX-GST] VIDEO frames=12514 avg_fps=28.1 caps=video/x-raw, format=(string)I420, width=(int)1280, height=(int)720, interlace-mode=(string)progressive, pixel-aspect-ratio=(fraction)1/1, framerate=(fraction)0/1
[RTX-GST] VIDEO frames=12542 avg_fps=28.1 caps=video/x-raw, format=(string)I420, width=(int)1280, height=(int)720, interlace-mode=(string)progressive, pixel-aspect-ratio=(fraction)1/1, framerate=(fraction)0/1
[RTX-GST] VIDEO frames=12578 avg_fps=28.2 caps=video/x-raw, format=(string)I420, width=(int)1280, height=(int)720, interlace-mode=(string)progressive, pixel-aspect-ratio=(fraction)1/1, framerate=(fraction)0/1
[RTX-GST] VIDEO frames=12608 avg_fps=28.2 caps=video/x-raw, format=(string)I420, width=(int)1280, height=(int)720, interlace-mode=(string)progressive, pixel-aspect-ratio=(fraction)1/1, framerate=(fraction)0/1
[RTX-GST] VIDEO frames=12638 avg_fps=28.2 caps=video/x-raw, format=(string)I420, width=(int)1280, height=(int)720, interlace-mode=(string)progressive, pixel-aspect-ratio=(fraction)1/1, framerate=(fraction)0/1
[RTX-GST] VIDEO frames=12669 avg_fps=28.2 caps=video/x-raw, format=(string)I420, width=(int)1280, height=(int)720, interlace-mode=(string)progressive, pixel-aspect-ratio=(fraction)1/1, framerate=(fraction)0/1
[RTX-GST] VIDEO frames=12697 avg_fps=28.1 caps=video/x-raw, format=(string)I420, width=(int)1280, height=(int)720, interlace-mode=(string)progressive, pixel-aspect-ratio=(fraction)1/1, framerate=(fraction)0/1
[RTX-GST] VIDEO frames=12732 avg_fps=28.2 caps=video/x-raw, format=(string)I420, width=(int)1280, height=(int)720, interlace-mode=(string)progressive, pixel-aspect-ratio=(fraction)1/1, framerate=(fraction)0/1
[RTX-GST] VIDEO frames=12763 avg_fps=28.2 caps=video/x-raw, format=(string)I420, width=(int)1280, height=(int)720, interlace-mode=(string)progressive, pixel-aspect-ratio=(fraction)1/1, framerate=(fraction)0/1
[RTX-GST] VIDEO frames=12794 avg_fps=28.2 caps=video/x-raw, format=(string)I420, width=(int)1280, height=(int)720, interlace-mode=(string)progressive, pixel-aspect-ratio=(fraction)1/1, framerate=(fraction)0/1
[RTX-GST] VIDEO frames=12824 avg_fps=28.2 caps=video/x-raw, format=(string)I420, width=(int)1280, height=(int)720, interlace-mode=(string)progressive, pixel-aspect-ratio=(fraction)1/1, framerate=(fraction)0/1
[RTX-GST] VIDEO frames=12842 avg_fps=28.1 caps=video/x-raw, format=(string)I420, width=(int)1280, height=(int)720, interlace-mode=(string)progressive, pixel-aspect-ratio=(fraction)1/1, framerate=(fraction)0/1
[RTX-GST] VIDEO frames=12877 avg_fps=28.2 caps=video/x-raw, format=(string)I420, width=(int)1280, height=(int)720, interlace-mode=(string)progressive, pixel-aspect-ratio=(fraction)1/1, framerate=(fraction)0/1
[RTX-GST] VIDEO frames=12908 avg_fps=28.2 caps=video/x-raw, format=(string)I420, width=(int)1280, height=(int)720, interlace-mode=(string)progressive, pixel-aspect-ratio=(fraction)1/1, framerate=(fraction)0/1
[RTX-GST] VIDEO frames=12939 avg_fps=28.2 caps=video/x-raw, format=(string)I420, width=(int)1280, height=(int)720, interlace-mode=(string)progressive, pixel-aspect-ratio=(fraction)1/1, framerate=(fraction)0/1
[RTX-GST] VIDEO frames=12970 avg_fps=28.2 caps=video/x-raw, format=(string)I420, width=(int)1280, height=(int)720, interlace-mode=(string)progressive, pixel-aspect-ratio=(fraction)1/1, framerate=(fraction)0/1
[RTX-GST] VIDEO frames=12994 avg_fps=28.2 caps=video/x-raw, format=(string)I420, width=(int)1280, height=(int)720, interlace-mode=(string)progressive, pixel-aspect-ratio=(fraction)1/1, framerate=(fraction)0/1
[RTX-GST] VIDEO frames=13021 avg_fps=28.2 caps=video/x-raw, format=(string)I420, width=(int)1280, height=(int)720, interlace-mode=(string)progressive, pixel-aspect-ratio=(fraction)1/1, framerate=(fraction)0/1
[RTX-GST] VIDEO frames=13058 avg_fps=28.2 caps=video/x-raw, format=(string)I420, width=(int)1280, height=(int)720, interlace-mode=(string)progressive, pixel-aspect-ratio=(fraction)1/1, framerate=(fraction)0/1
[RTX-GST] VIDEO frames=13088 avg_fps=28.2 caps=video/x-raw, format=(string)I420, width=(int)1280, height=(int)720, interlace-mode=(string)progressive, pixel-aspect-ratio=(fraction)1/1, framerate=(fraction)0/1
[RTX-GST] VIDEO frames=13119 avg_fps=28.2 caps=video/x-raw, format=(string)I420, width=(int)1280, height=(int)720, interlace-mode=(string)progressive, pixel-aspect-ratio=(fraction)1/1, framerate=(fraction)0/1
[RTX-GST] VIDEO frames=13149 avg_fps=28.2 caps=video/x-raw, format=(string)I420, width=(int)1280, height=(int)720, interlace-mode=(string)progressive, pixel-aspect-ratio=(fraction)1/1, framerate=(fraction)0/1
[RTX-GST] VIDEO frames=13179 avg_fps=28.2 caps=video/x-raw, format=(string)I420, width=(int)1280, height=(int)720, interlace-mode=(string)progressive, pixel-aspect-ratio=(fraction)1/1, framerate=(fraction)0/1
[RTX-GST] VIDEO frames=13210 avg_fps=28.2 caps=video/x-raw, format=(string)I420, width=(int)1280, height=(int)720, interlace-mode=(string)progressive, pixel-aspect-ratio=(fraction)1/1, framerate=(fraction)0/1
[RTX-GST] VIDEO frames=13241 avg_fps=28.2 caps=video/x-raw, format=(string)I420, width=(int)1280, height=(int)720, interlace-mode=(string)progressive, pixel-aspect-ratio=(fraction)1/1, framerate=(fraction)0/1
[RTX-GST] VIDEO frames=13272 avg_fps=28.2 caps=video/x-raw, format=(string)I420, width=(int)1280, height=(int)720, interlace-mode=(string)progressive, pixel-aspect-ratio=(fraction)1/1, framerate=(fraction)0/1
[RTX-GST] VIDEO frames=13288 avg_fps=28.2 caps=video/x-raw, format=(string)I420, width=(int)1280, height=(int)720, interlace-mode=(string)progressive, pixel-aspect-ratio=(fraction)1/1, framerate=(fraction)0/1
[RTX-GST] VIDEO frames=13323 avg_fps=28.2 caps=video/x-raw, format=(string)I420, width=(int)1280, height=(int)720, interlace-mode=(string)progressive, pixel-aspect-ratio=(fraction)1/1, framerate=(fraction)0/1
[RTX-GST] VIDEO frames=13354 avg_fps=28.2 caps=video/x-raw, format=(string)I420, width=(int)1280, height=(int)720, interlace-mode=(string)progressive, pixel-aspect-ratio=(fraction)1/1, framerate=(fraction)0/1
[RTX-GST] VIDEO frames=13385 avg_fps=28.2 caps=video/x-raw, format=(string)I420, width=(int)1280, height=(int)720, interlace-mode=(string)progressive, pixel-aspect-ratio=(fraction)1/1, framerate=(fraction)0/1
[RTX-GST] VIDEO frames=13416 avg_fps=28.2 caps=video/x-raw, format=(string)I420, width=(int)1280, height=(int)720, interlace-mode=(string)progressive, pixel-aspect-ratio=(fraction)1/1, framerate=(fraction)0/1
[RTX-GST] VIDEO frames=13439 avg_fps=28.2 caps=video/x-raw, format=(string)I420, width=(int)1280, height=(int)720, interlace-mode=(string)progressive, pixel-aspect-ratio=(fraction)1/1, framerate=(fraction)0/1
[RTX-GST] VIDEO frames=13485 avg_fps=28.2 caps=video/x-raw, format=(string)I420, width=(int)1280, height=(int)720, interlace-mode=(string)progressive, pixel-aspect-ratio=(fraction)1/1, framerate=(fraction)0/1
[RTX-GST] VIDEO frames=13516 avg_fps=28.2 caps=video/x-raw, format=(string)I420, width=(int)1280, height=(int)720, interlace-mode=(string)progressive, pixel-aspect-ratio=(fraction)1/1, framerate=(fraction)0/1
[RTX-GST] VIDEO frames=13547 avg_fps=28.2 caps=video/x-raw, format=(string)I420, width=(int)1280, height=(int)720, interlace-mode=(string)progressive, pixel-aspect-ratio=(fraction)1/1, framerate=(fraction)0/1
[RTX-GST] VIDEO frames=13578 avg_fps=28.2 caps=video/x-raw, format=(string)I420, width=(int)1280, height=(int)720, interlace-mode=(string)progressive, pixel-aspect-ratio=(fraction)1/1, framerate=(fraction)0/1
[RTX-GST] VIDEO frames=13602 avg_fps=28.2 caps=video/x-raw, format=(string)I420, width=(int)1280, height=(int)720, interlace-mode=(string)progressive, pixel-aspect-ratio=(fraction)1/1, framerate=(fraction)0/1
[RTX-GST] VIDEO frames=13632 avg_fps=28.2 caps=video/x-raw, format=(string)I420, width=(int)1280, height=(int)720, interlace-mode=(string)progressive, pixel-aspect-ratio=(fraction)1/1, framerate=(fraction)0/1
[RTX-GST] VIDEO frames=13663 avg_fps=28.2 caps=video/x-raw, format=(string)I420, width=(int)1280, height=(int)720, interlace-mode=(string)progressive, pixel-aspect-ratio=(fraction)1/1, framerate=(fraction)0/1
[RTX-GST] VIDEO frames=13694 avg_fps=28.2 caps=video/x-raw, format=(string)I420, width=(int)1280, height=(int)720, interlace-mode=(string)progressive, pixel-aspect-ratio=(fraction)1/1, framerate=(fraction)0/1
[RTX-GST] VIDEO frames=13724 avg_fps=28.2 caps=video/x-raw, format=(string)I420, width=(int)1280, height=(int)720, interlace-mode=(string)progressive, pixel-aspect-ratio=(fraction)1/1, framerate=(fraction)0/1
[RTX-GST] VIDEO frames=13755 avg_fps=28.2 caps=video/x-raw, format=(string)I420, width=(int)1280, height=(int)720, interlace-mode=(string)progressive, pixel-aspect-ratio=(fraction)1/1, framerate=(fraction)0/1
[RTX-GST] VIDEO frames=13786 avg_fps=28.2 caps=video/x-raw, format=(string)I420, width=(int)1280, height=(int)720, interlace-mode=(string)progressive, pixel-aspect-ratio=(fraction)1/1, framerate=(fraction)0/1
[RTX-GST] VIDEO frames=13816 avg_fps=28.2 caps=video/x-raw, format=(string)I420, width=(int)1280, height=(int)720, interlace-mode=(string)progressive, pixel-aspect-ratio=(fraction)1/1, framerate=(fraction)0/1
[RTX-GST] VIDEO frames=13847 avg_fps=28.2 caps=video/x-raw, format=(string)I420, width=(int)1280, height=(int)720, interlace-mode=(string)progressive, pixel-aspect-ratio=(fraction)1/1, framerate=(fraction)0/1
[RTX-GST] VIDEO frames=13878 avg_fps=28.2 caps=video/x-raw, format=(string)I420, width=(int)1280, height=(int)720, interlace-mode=(string)progressive, pixel-aspect-ratio=(fraction)1/1, framerate=(fraction)0/1
[RTX-GST] VIDEO frames=13909 avg_fps=28.2 caps=video/x-raw, format=(string)I420, width=(int)1280, height=(int)720, interlace-mode=(string)progressive, pixel-aspect-ratio=(fraction)1/1, framerate=(fraction)0/1
[RTX-GST] VIDEO frames=13940 avg_fps=28.2 caps=video/x-raw, format=(string)I420, width=(int)1280, height=(int)720, interlace-mode=(string)progressive, pixel-aspect-ratio=(fraction)1/1, framerate=(fraction)0/1
[RTX-GST] VIDEO frames=13971 avg_fps=28.2 caps=video/x-raw, format=(string)I420, width=(int)1280, height=(int)720, interlace-mode=(string)progressive, pixel-aspect-ratio=(fraction)1/1, framerate=(fraction)0/1
[RTX-GST] VIDEO frames=14001 avg_fps=28.3 caps=video/x-raw, format=(string)I420, width=(int)1280, height=(int)720, interlace-mode=(string)progressive, pixel-aspect-ratio=(fraction)1/1, framerate=(fraction)0/1
[RTX-GST] VIDEO frames=14032 avg_fps=28.3 caps=video/x-raw, format=(string)I420, width=(int)1280, height=(int)720, interlace-mode=(string)progressive, pixel-aspect-ratio=(fraction)1/1, framerate=(fraction)0/1
[RTX-GST] VIDEO frames=14056 avg_fps=28.2 caps=video/x-raw, format=(string)I420, width=(int)1280, height=(int)720, interlace-mode=(string)progressive, pixel-aspect-ratio=(fraction)1/1, framerate=(fraction)0/1
[RTX-GST] VIDEO frames=14086 avg_fps=28.2 caps=video/x-raw, format=(string)I420, width=(int)1280, height=(int)720, interlace-mode=(string)progressive, pixel-aspect-ratio=(fraction)1/1, framerate=(fraction)0/1
[RTX-GST] VIDEO frames=14117 avg_fps=28.3 caps=video/x-raw, format=(string)I420, width=(int)1280, height=(int)720, interlace-mode=(string)progressive, pixel-aspect-ratio=(fraction)1/1, framerate=(fraction)0/1
[RTX-GST] VIDEO frames=14148 avg_fps=28.3 caps=video/x-raw, format=(string)I420, width=(int)1280, height=(int)720, interlace-mode=(string)progressive, pixel-aspect-ratio=(fraction)1/1, framerate=(fraction)0/1
[RTX-GST] VIDEO frames=14178 avg_fps=28.3 caps=video/x-raw, format=(string)I420, width=(int)1280, height=(int)720, interlace-mode=(string)progressive, pixel-aspect-ratio=(fraction)1/1, framerate=(fraction)0/1
[RTX-GST] VIDEO frames=14202 avg_fps=28.2 caps=video/x-raw, format=(string)I420, width=(int)1280, height=(int)720, interlace-mode=(string)progressive, pixel-aspect-ratio=(fraction)1/1, framerate=(fraction)0/1
[RTX-GST] VIDEO frames=14232 avg_fps=28.3 caps=video/x-raw, format=(string)I420, width=(int)1280, height=(int)720, interlace-mode=(string)progressive, pixel-aspect-ratio=(fraction)1/1, framerate=(fraction)0/1
[RTX-GST] VIDEO frames=14263 avg_fps=28.3 caps=video/x-raw, format=(string)I420, width=(int)1280, height=(int)720, interlace-mode=(string)progressive, pixel-aspect-ratio=(fraction)1/1, framerate=(fraction)0/1
[RTX-GST] VIDEO frames=14294 avg_fps=28.3 caps=video/x-raw, format=(string)I420, width=(int)1280, height=(int)720, interlace-mode=(string)progressive, pixel-aspect-ratio=(fraction)1/1, framerate=(fraction)0/1
[RTX-GST] VIDEO frames=14325 avg_fps=28.3 caps=video/x-raw, format=(string)I420, width=(int)1280, height=(int)720, interlace-mode=(string)progressive, pixel-aspect-ratio=(fraction)1/1, framerate=(fraction)0/1
[RTX-GST] VIDEO frames=14344 avg_fps=28.2 caps=video/x-raw, format=(string)I420, width=(int)1280, height=(int)720, interlace-mode=(string)progressive, pixel-aspect-ratio=(fraction)1/1, framerate=(fraction)0/1
[RTX-GST] VIDEO frames=14387 avg_fps=28.3 caps=video/x-raw, format=(string)I420, width=(int)1280, height=(int)720, interlace-mode=(string)progressive, pixel-aspect-ratio=(fraction)1/1, framerate=(fraction)0/1
[RTX-GST] VIDEO frames=14418 avg_fps=28.3 caps=video/x-raw, format=(string)I420, width=(int)1280, height=(int)720, interlace-mode=(string)progressive, pixel-aspect-ratio=(fraction)1/1, framerate=(fraction)0/1
[RTX-GST] VIDEO frames=14445 avg_fps=28.3 caps=video/x-raw, format=(string)I420, width=(int)1280, height=(int)720, interlace-mode=(string)progressive, pixel-aspect-ratio=(fraction)1/1, framerate=(fraction)0/1
[RTX-GST] VIDEO frames=14481 avg_fps=28.3 caps=video/x-raw, format=(string)I420, width=(int)1280, height=(int)720, interlace-mode=(string)progressive, pixel-aspect-ratio=(fraction)1/1, framerate=(fraction)0/1
[RTX-GST] VIDEO frames=14512 avg_fps=28.3 caps=video/x-raw, format=(string)I420, width=(int)1280, height=(int)720, interlace-mode=(string)progressive, pixel-aspect-ratio=(fraction)1/1, framerate=(fraction)0/1
[RTX-GST] VIDEO frames=14542 avg_fps=28.3 caps=video/x-raw, format=(string)I420, width=(int)1280, height=(int)720, interlace-mode=(string)progressive, pixel-aspect-ratio=(fraction)1/1, framerate=(fraction)0/1
[RTX-GST] VIDEO frames=14573 avg_fps=28.3 caps=video/x-raw, format=(string)I420, width=(int)1280, height=(int)720, interlace-mode=(string)progressive, pixel-aspect-ratio=(fraction)1/1, framerate=(fraction)0/1
[RTX-GST] VIDEO frames=14603 avg_fps=28.3 caps=video/x-raw, format=(string)I420, width=(int)1280, height=(int)720, interlace-mode=(string)progressive, pixel-aspect-ratio=(fraction)1/1, framerate=(fraction)0/1
[RTX-GST] VIDEO frames=14634 avg_fps=28.3 caps=video/x-raw, format=(string)I420, width=(int)1280, height=(int)720, interlace-mode=(string)progressive, pixel-aspect-ratio=(fraction)1/1, framerate=(fraction)0/1
[RTX-GST] VIDEO frames=14662 avg_fps=28.3 caps=video/x-raw, format=(string)I420, width=(int)1280, height=(int)720, interlace-mode=(string)progressive, pixel-aspect-ratio=(fraction)1/1, framerate=(fraction)0/1
[RTX-GST] VIDEO frames=14693 avg_fps=28.3 caps=video/x-raw, format=(string)I420, width=(int)1280, height=(int)720, interlace-mode=(string)progressive, pixel-aspect-ratio=(fraction)1/1, framerate=(fraction)0/1
[RTX-GST] VIDEO frames=14725 avg_fps=28.3 caps=video/x-raw, format=(string)I420, width=(int)1280, height=(int)720, interlace-mode=(string)progressive, pixel-aspect-ratio=(fraction)1/1, framerate=(fraction)0/1
[RTX-GST] VIDEO frames=14756 avg_fps=28.3 caps=video/x-raw, format=(string)I420, width=(int)1280, height=(int)720, interlace-mode=(string)progressive, pixel-aspect-ratio=(fraction)1/1, framerate=(fraction)0/1
[RTX-GST] VIDEO frames=14786 avg_fps=28.3 caps=video/x-raw, format=(string)I420, width=(int)1280, height=(int)720, interlace-mode=(string)progressive, pixel-aspect-ratio=(fraction)1/1, framerate=(fraction)0/1
[RTX-GST] VIDEO frames=14817 avg_fps=28.3 caps=video/x-raw, format=(string)I420, width=(int)1280, height=(int)720, interlace-mode=(string)progressive, pixel-aspect-ratio=(fraction)1/1, framerate=(fraction)0/1
[RTX-GST] VIDEO frames=14848 avg_fps=28.3 caps=video/x-raw, format=(string)I420, width=(int)1280, height=(int)720, interlace-mode=(string)progressive, pixel-aspect-ratio=(fraction)1/1, framerate=(fraction)0/1
[RTX-GST] VIDEO frames=14879 avg_fps=28.3 caps=video/x-raw, format=(string)I420, width=(int)1280, height=(int)720, interlace-mode=(string)progressive, pixel-aspect-ratio=(fraction)1/1, framerate=(fraction)0/1
[RTX-GST] VIDEO frames=14910 avg_fps=28.3 caps=video/x-raw, format=(string)I420, width=(int)1280, height=(int)720, interlace-mode=(string)progressive, pixel-aspect-ratio=(fraction)1/1, framerate=(fraction)0/1
[RTX-GST] VIDEO frames=14940 avg_fps=28.3 caps=video/x-raw, format=(string)I420, width=(int)1280, height=(int)720, interlace-mode=(string)progressive, pixel-aspect-ratio=(fraction)1/1, framerate=(fraction)0/1
[RTX-GST] VIDEO frames=14960 avg_fps=28.3 caps=video/x-raw, format=(string)I420, width=(int)1280, height=(int)720, interlace-mode=(string)progressive, pixel-aspect-ratio=(fraction)1/1, framerate=(fraction)0/1
[RTX-GST] VIDEO frames=14991 avg_fps=28.3 caps=video/x-raw, format=(string)I420, width=(int)1280, height=(int)720, interlace-mode=(string)progressive, pixel-aspect-ratio=(fraction)1/1, framerate=(fraction)0/1
[RTX-GST] VIDEO frames=15022 avg_fps=28.3 caps=video/x-raw, format=(string)I420, width=(int)1280, height=(int)720, interlace-mode=(string)progressive, pixel-aspect-ratio=(fraction)1/1, framerate=(fraction)0/1
[RTX-GST] VIDEO frames=15053 avg_fps=28.3 caps=video/x-raw, format=(string)I420, width=(int)1280, height=(int)720, interlace-mode=(string)progressive, pixel-aspect-ratio=(fraction)1/1, framerate=(fraction)0/1
[RTX-GST] VIDEO frames=15083 avg_fps=28.3 caps=video/x-raw, format=(string)I420, width=(int)1280, height=(int)720, interlace-mode=(string)progressive, pixel-aspect-ratio=(fraction)1/1, framerate=(fraction)0/1
[RTX-GST] VIDEO frames=15106 avg_fps=28.3 caps=video/x-raw, format=(string)I420, width=(int)1280, height=(int)720, interlace-mode=(string)progressive, pixel-aspect-ratio=(fraction)1/1, framerate=(fraction)0/1
[RTX-GST] VIDEO frames=15137 avg_fps=28.3 caps=video/x-raw, format=(string)I420, width=(int)1280, height=(int)720, interlace-mode=(string)progressive, pixel-aspect-ratio=(fraction)1/1, framerate=(fraction)0/1
[RTX-GST] VIDEO frames=15168 avg_fps=28.3 caps=video/x-raw, format=(string)I420, width=(int)1280, height=(int)720, interlace-mode=(string)progressive, pixel-aspect-ratio=(fraction)1/1, framerate=(fraction)0/1
[RTX-GST] VIDEO frames=15198 avg_fps=28.3 caps=video/x-raw, format=(string)I420, width=(int)1280, height=(int)720, interlace-mode=(string)progressive, pixel-aspect-ratio=(fraction)1/1, framerate=(fraction)0/1
[RTX-GST] VIDEO frames=15228 avg_fps=28.3 caps=video/x-raw, format=(string)I420, width=(int)1280, height=(int)720, interlace-mode=(string)progressive, pixel-aspect-ratio=(fraction)1/1, framerate=(fraction)0/1
[RTX-GST] VIDEO frames=15246 avg_fps=28.3 caps=video/x-raw, format=(string)I420, width=(int)1280, height=(int)720, interlace-mode=(string)progressive, pixel-aspect-ratio=(fraction)1/1, framerate=(fraction)0/1
[RTX-GST] VIDEO frames=15283 avg_fps=28.3 caps=video/x-raw, format=(string)I420, width=(int)1280, height=(int)720, interlace-mode=(string)progressive, pixel-aspect-ratio=(fraction)1/1, framerate=(fraction)0/1
[RTX-GST] VIDEO frames=15314 avg_fps=28.3 caps=video/x-raw, format=(string)I420, width=(int)1280, height=(int)720, interlace-mode=(string)progressive, pixel-aspect-ratio=(fraction)1/1, framerate=(fraction)0/1
[RTX-GST] VIDEO frames=15345 avg_fps=28.3 caps=video/x-raw, format=(string)I420, width=(int)1280, height=(int)720, interlace-mode=(string)progressive, pixel-aspect-ratio=(fraction)1/1, framerate=(fraction)0/1
[RTX-GST] VIDEO frames=15376 avg_fps=28.3 caps=video/x-raw, format=(string)I420, width=(int)1280, height=(int)720, interlace-mode=(string)progressive, pixel-aspect-ratio=(fraction)1/1, framerate=(fraction)0/1
[RTX-GST] VIDEO frames=15395 avg_fps=28.3 caps=video/x-raw, format=(string)I420, width=(int)1280, height=(int)720, interlace-mode=(string)progressive, pixel-aspect-ratio=(fraction)1/1, framerate=(fraction)0/1
[RTX-GST] VIDEO frames=15430 avg_fps=28.3 caps=video/x-raw, format=(string)I420, width=(int)1280, height=(int)720, interlace-mode=(string)progressive, pixel-aspect-ratio=(fraction)1/1, framerate=(fraction)0/1
[RTX-GST] VIDEO frames=15460 avg_fps=28.3 caps=video/x-raw, format=(string)I420, width=(int)1280, height=(int)720, interlace-mode=(string)progressive, pixel-aspect-ratio=(fraction)1/1, framerate=(fraction)0/1
[RTX-GST] VIDEO frames=15491 avg_fps=28.3 caps=video/x-raw, format=(string)I420, width=(int)1280, height=(int)720, interlace-mode=(string)progressive, pixel-aspect-ratio=(fraction)1/1, framerate=(fraction)0/1
[RTX-GST] VIDEO frames=15521 avg_fps=28.3 caps=video/x-raw, format=(string)I420, width=(int)1280, height=(int)720, interlace-mode=(string)progressive, pixel-aspect-ratio=(fraction)1/1, framerate=(fraction)0/1
[RTX-GST] peer jetson disconnected
