[RTX-GST] PUBLIC 14.139.108.62:56741
[RTX-GST] PEER_CANDIDATE 152.58.29.56:54973
[RTX-GST] SIGNALING_P2P READY peer=152.58.29.56:54973
[RTX-GST] SAVE frames -> /var/tmp/mcqueen-junior/recordings/jitter25_204850 (JPEG + meta.csv, async writer)
[RTX-GST] PLAYING <enum GST_STATE_CHANGE_ASYNC of type Gst.StateChangeReturn>
[RTX-GST] PEER_CANDIDATE 152.58.29.56:48655
[RTX-GST] RTP_RX pkts=30 meta=6 frames_rx=5
[RTX-GST] RTP_RX pkts=60 meta=13 frames_rx=13
[RTX-GST] RTP_RX pkts=90 meta=19 frames_rx=20
[RTX-GST] RTP_RX pkts=120 meta=27 frames_rx=28
[RTX-GST] PYTORCH device=cpu (CPU dummy inference — no GPU contention)
[RTX-GST] VIDEO frames_rx=29 fps=0.1 assoc_ok=1 assoc_miss=0 ctrl_sent=1 infer_avg=0.73ms
[RTX-GST] RTP_RX pkts=150 meta=33 frames_rx=34
[RTX-GST] RTP_RX pkts=180 meta=41 frames_rx=42
[RTX-GST] RTP_RX pkts=210 meta=49 frames_rx=50
[RTX-GST] RTP_RX pkts=240 meta=57 frames_rx=57
[RTX-GST] VIDEO frames_rx=59 fps=0.2 assoc_ok=32 assoc_miss=0 ctrl_sent=32 infer_avg=0.07ms
[RTX-GST] RTP_RX pkts=270 meta=63 frames_rx=63
[RTX-GST] RTP_RX pkts=300 meta=71 frames_rx=71
[RTX-GST] RTP_RX pkts=330 meta=78 frames_rx=78
[RTX-GST] RTP_RX pkts=360 meta=86 frames_rx=86
[RTX-GST] VIDEO frames_rx=90 fps=0.3 assoc_ok=61 assoc_miss=1 ctrl_sent=61 infer_avg=0.07ms
[RTX-GST] RTP_RX pkts=390 meta=92 frames_rx=92
[RTX-GST] RTP_RX pkts=420 meta=99 frames_rx=99
[RTX-GST] RTP_RX pkts=450 meta=107 frames_rx=107
[RTX-GST] RTP_RX pkts=480 meta=115 frames_rx=115
[RTX-GST] VIDEO frames_rx=120 fps=0.4 assoc_ok=90 assoc_miss=2 ctrl_sent=90 infer_avg=0.07ms
[RTX-GST] RTP_RX pkts=510 meta=121 frames_rx=122
[RTX-GST] RTP_RX pkts=540 meta=129 frames_rx=130
[RTX-GST] SAVED n=100 dropped=0 recv2save_p50=0.93ms recv2save_p95=1.30ms
[RTX-GST] RTP_RX pkts=570 meta=136 frames_rx=137
[RTX-GST] RTP_RX pkts=600 meta=145 frames_rx=144
[RTX-GST] VIDEO frames_rx=147 fps=0.4 assoc_ok=115 assoc_miss=4 ctrl_sent=115 infer_avg=0.08ms
[RTX-GST] RTP_RX pkts=630 meta=151 frames_rx=150
[RTX-GST] RTP_RX pkts=660 meta=159 frames_rx=158
[RTX-GST] RTP_RX pkts=690 meta=167 frames_rx=165
[RTX-GST] RTP_RX pkts=720 meta=173 frames_rx=173
[RTX-GST] RTP_RX pkts=750 meta=178 frames_rx=179
[RTX-GST] VIDEO frames_rx=181 fps=0.5 assoc_ok=146 assoc_miss=6 ctrl_sent=146 infer_avg=0.09ms
[RTX-GST] RTP_RX pkts=780 meta=186 frames_rx=186
[RTX-GST] RTP_RX pkts=810 meta=194 frames_rx=193
[RTX-GST] RTP_RX pkts=840 meta=203 frames_rx=200
[RTX-GST] VIDEO frames_rx=205 fps=0.6 assoc_ok=168 assoc_miss=8 ctrl_sent=168 infer_avg=0.09ms
[RTX-GST] RTP_RX pkts=870 meta=209 frames_rx=206
[RTX-GST] RTP_RX pkts=900 meta=215 frames_rx=213
[RTX-GST] RTP_RX pkts=930 meta=223 frames_rx=221
[RTX-GST] RTP_RX pkts=960 meta=231 frames_rx=229
[RTX-GST] RTP_RX pkts=990 meta=238 frames_rx=236
[RTX-GST] VIDEO frames_rx=237 fps=0.7 assoc_ok=199 assoc_miss=9 ctrl_sent=199 infer_avg=0.08ms
[RTX-GST] SAVED n=200 dropped=0 recv2save_p50=0.98ms recv2save_p95=1.37ms
[RTX-GST] RTP_RX pkts=1020 meta=244 frames_rx=243
[RTX-GST] RTP_RX pkts=1050 meta=252 frames_rx=250
[RTX-GST] RTP_RX pkts=1080 meta=260 frames_rx=258
[RTX-GST] RTP_RX pkts=1110 meta=265 frames_rx=264
[RTX-GST] VIDEO frames_rx=268 fps=0.8 assoc_ok=228 assoc_miss=11 ctrl_sent=228 infer_avg=0.08ms
[RTX-GST] RTP_RX pkts=1140 meta=273 frames_rx=272
[RTX-GST] RTP_RX pkts=1170 meta=281 frames_rx=279
[RTX-GST] RTP_RX pkts=1200 meta=289 frames_rx=286
[RTX-GST] VIDEO frames_rx=287 fps=0.8 assoc_ok=248 assoc_miss=11 ctrl_sent=248 infer_avg=0.08ms
[RTX-GST] RTP_RX pkts=1230 meta=296 frames_rx=293
[RTX-GST] RTP_RX pkts=1260 meta=304 frames_rx=301
[RTX-GST] RTP_RX pkts=1290 meta=310 frames_rx=309
[RTX-GST] RTP_RX pkts=1320 meta=317 frames_rx=316
[RTX-GST] RTP_RX pkts=1350 meta=323 frames_rx=324
[RTX-GST] VIDEO frames_rx=328 fps=0.9 assoc_ok=286 assoc_miss=14 ctrl_sent=286 infer_avg=0.07ms
[RTX-GST] RTP_RX pkts=1380 meta=330 frames_rx=332
[RTX-GST] RTP_RX pkts=1410 meta=337 frames_rx=339
[RTX-GST] SAVED n=300 dropped=0 recv2save_p50=0.97ms recv2save_p95=1.29ms
[RTX-GST] RTP_RX pkts=1440 meta=343 frames_rx=345
[RTX-GST] RTP_RX pkts=1470 meta=350 frames_rx=353
[RTX-GST] VIDEO frames_rx=360 fps=1.0 assoc_ok=313 assoc_miss=17 ctrl_sent=313 infer_avg=0.07ms
[RTX-GST] RTP_RX pkts=1500 meta=358 frames_rx=361
[RTX-GST] RTP_RX pkts=1530 meta=367 frames_rx=369
[RTX-GST] RTP_RX pkts=1560 meta=373 frames_rx=375
[RTX-GST] RTP_RX pkts=1590 meta=380 frames_rx=382
[RTX-GST] VIDEO frames_rx=390 fps=1.1 assoc_ok=340 assoc_miss=18 ctrl_sent=340 infer_avg=0.08ms
[RTX-GST] RTP_RX pkts=1620 meta=388 frames_rx=390
[RTX-GST] RTP_RX pkts=1650 meta=395 frames_rx=397
[RTX-GST] RTP_RX pkts=1680 meta=402 frames_rx=403
[RTX-GST] RTP_RX pkts=1710 meta=411 frames_rx=411
[RTX-GST] RTP_RX pkts=1740 meta=419 frames_rx=418
[RTX-GST] RTP_RX pkts=1770 meta=428 frames_rx=425
[RTX-GST] VIDEO frames_rx=427 fps=1.2 assoc_ok=369 assoc_miss=18 ctrl_sent=369 infer_avg=0.09ms
[RTX-GST] RTP_RX pkts=1800 meta=435 frames_rx=432
[RTX-GST] RTP_RX pkts=1830 meta=441 frames_rx=439
[RTX-GST] RTP_RX pkts=1860 meta=449 frames_rx=447
[RTX-GST] RTP_RX pkts=1890 meta=457 frames_rx=455
[RTX-GST] VIDEO frames_rx=457 fps=1.3 assoc_ok=396 assoc_miss=20 ctrl_sent=396 infer_avg=0.10ms
[RTX-GST] SAVED n=400 dropped=0 recv2save_p50=0.97ms recv2save_p95=1.28ms
[RTX-GST] RTP_RX pkts=1920 meta=463 frames_rx=461
[RTX-GST] RTP_RX pkts=1950 meta=470 frames_rx=468
[RTX-GST] RTP_RX pkts=1980 meta=478 frames_rx=476
[RTX-GST] RTP_RX pkts=2010 meta=486 frames_rx=483
[RTX-GST] VIDEO frames_rx=485 fps=1.4 assoc_ok=423 assoc_miss=20 ctrl_sent=423 infer_avg=0.07ms
[RTX-GST] RTP_RX pkts=2040 meta=493 frames_rx=489
[RTX-GST] RTP_RX pkts=2070 meta=499 frames_rx=496
[RTX-GST] RTP_RX pkts=2100 meta=507 frames_rx=504
[RTX-GST] RTP_RX pkts=2130 meta=514 frames_rx=511
[RTX-GST] VIDEO frames_rx=515 fps=1.5 assoc_ok=440 assoc_miss=21 ctrl_sent=440 infer_avg=0.08ms
[RTX-GST] RTP_RX pkts=2160 meta=519 frames_rx=518
[RTX-GST] RTP_RX pkts=2190 meta=527 frames_rx=525
[RTX-GST] RTP_RX pkts=2220 meta=534 frames_rx=532
[RTX-GST] RTP_RX pkts=2250 meta=541 frames_rx=539
[RTX-GST] RTP_RX pkts=2280 meta=547 frames_rx=545
[RTX-GST] VIDEO frames_rx=548 fps=1.5 assoc_ok=470 assoc_miss=24 ctrl_sent=470 infer_avg=0.07ms
[RTX-GST] RTP_RX pkts=2310 meta=555 frames_rx=553
[RTX-GST] RTP_RX pkts=2340 meta=563 frames_rx=561
[RTX-GST] RTP_RX pkts=2370 meta=570 frames_rx=568
[RTX-GST] RTP_RX pkts=2400 meta=576 frames_rx=574
[RTX-GST] VIDEO frames_rx=577 fps=1.6 assoc_ok=499 assoc_miss=24 ctrl_sent=499 infer_avg=0.08ms
[RTX-GST] SAVED n=500 dropped=0 recv2save_p50=0.98ms recv2save_p95=1.28ms
[RTX-GST] RTP_RX pkts=2430 meta=584 frames_rx=582
[RTX-GST] RTP_RX pkts=2460 meta=592 frames_rx=590
[RTX-GST] RTP_RX pkts=2490 meta=600 frames_rx=598
[RTX-GST] RTP_RX pkts=2520 meta=606 frames_rx=604
[RTX-GST] VIDEO frames_rx=609 fps=1.7 assoc_ok=530 assoc_miss=24 ctrl_sent=530 infer_avg=0.06ms
[RTX-GST] RTP_RX pkts=2550 meta=613 frames_rx=611
[RTX-GST] RTP_RX pkts=2580 meta=621 frames_rx=619
[RTX-GST] RTP_RX pkts=2610 meta=628 frames_rx=626
[RTX-GST] RTP_RX pkts=2640 meta=635 frames_rx=633
[RTX-GST] VIDEO frames_rx=639 fps=1.8 assoc_ok=560 assoc_miss=24 ctrl_sent=560 infer_avg=0.08ms
[RTX-GST] RTP_RX pkts=2670 meta=641 frames_rx=639
[RTX-GST] RTP_RX pkts=2700 meta=649 frames_rx=647
[RTX-GST] RTP_RX pkts=2730 meta=656 frames_rx=654
[RTX-GST] RTP_RX pkts=2760 meta=664 frames_rx=662
[RTX-GST] VIDEO frames_rx=668 fps=1.9 assoc_ok=589 assoc_miss=24 ctrl_sent=589 infer_avg=0.07ms
[RTX-GST] RTP_RX pkts=2790 meta=670 frames_rx=668
[RTX-GST] RTP_RX pkts=2820 meta=677 frames_rx=675
[RTX-GST] SAVED n=600 dropped=0 recv2save_p50=0.99ms recv2save_p95=1.29ms
[RTX-GST] RTP_RX pkts=2850 meta=685 frames_rx=683
[RTX-GST] RTP_RX pkts=2880 meta=692 frames_rx=691
[RTX-GST] VIDEO frames_rx=695 fps=1.9 assoc_ok=615 assoc_miss=25 ctrl_sent=615 infer_avg=0.07ms
[RTX-GST] RTP_RX pkts=2910 meta=697 frames_rx=696
[RTX-GST] RTP_RX pkts=2940 meta=705 frames_rx=704
[RTX-GST] RTP_RX pkts=2970 meta=713 frames_rx=712
[RTX-GST] RTP_RX pkts=3000 meta=720 frames_rx=719
[RTX-GST] RTP_RX pkts=3030 meta=726 frames_rx=725
[RTX-GST] VIDEO frames_rx=726 fps=2.0 assoc_ok=645 assoc_miss=25 ctrl_sent=645 infer_avg=0.07ms
[RTX-GST] RTP_RX pkts=3060 meta=733 frames_rx=732
[RTX-GST] RTP_RX pkts=3090 meta=741 frames_rx=740
[RTX-GST] RTP_RX pkts=3120 meta=748 frames_rx=747
[RTX-GST] RTP_RX pkts=3150 meta=754 frames_rx=753
[RTX-GST] RTP_RX pkts=3180 meta=762 frames_rx=761
[RTX-GST] VIDEO frames_rx=762 fps=2.1 assoc_ok=678 assoc_miss=27 ctrl_sent=678 infer_avg=0.06ms
[RTX-GST] RTP_RX pkts=3210 meta=769 frames_rx=768
[RTX-GST] RTP_RX pkts=3240 meta=777 frames_rx=776
[RTX-GST] RTP_RX pkts=3270 meta=784 frames_rx=783
[RTX-GST] SAVED n=700 dropped=0 recv2save_p50=0.98ms recv2save_p95=1.29ms
[RTX-GST] RTP_RX pkts=3300 meta=790 frames_rx=789
[RTX-GST] VIDEO frames_rx=790 fps=2.2 assoc_ok=704 assoc_miss=28 ctrl_sent=704 infer_avg=0.09ms
[RTX-GST] RTP_RX pkts=3330 meta=797 frames_rx=796
[RTX-GST] RTP_RX pkts=3360 meta=805 frames_rx=804
[RTX-GST] RTP_RX pkts=3390 meta=812 frames_rx=811
[RTX-GST] RTP_RX pkts=3420 meta=818 frames_rx=817
[RTX-GST] RTP_RX pkts=3450 meta=826 frames_rx=825
[RTX-GST] VIDEO frames_rx=827 fps=2.3 assoc_ok=733 assoc_miss=28 ctrl_sent=733 infer_avg=0.07ms
[RTX-GST] RTP_RX pkts=3480 meta=833 frames_rx=832
[RTX-GST] RTP_RX pkts=3510 meta=841 frames_rx=839
[RTX-GST] RTP_RX pkts=3540 meta=847 frames_rx=845
[RTX-GST] VIDEO frames_rx=848 fps=2.3 assoc_ok=754 assoc_miss=28 ctrl_sent=754 infer_avg=0.08ms
[RTX-GST] RTP_RX pkts=3570 meta=854 frames_rx=852
[RTX-GST] RTP_RX pkts=3600 meta=862 frames_rx=860
[RTX-GST] RTP_RX pkts=3630 meta=869 frames_rx=867
[RTX-GST] RTP_RX pkts=3660 meta=875 frames_rx=873
[RTX-GST] RTP_RX pkts=3690 meta=883 frames_rx=880
[RTX-GST] RTP_RX pkts=3720 meta=890 frames_rx=888
[RTX-GST] VIDEO frames_rx=891 fps=2.4 assoc_ok=795 assoc_miss=30 ctrl_sent=795 infer_avg=0.07ms
[RTX-GST] RTP_RX pkts=3750 meta=897 frames_rx=895
[RTX-GST] SAVED n=800 dropped=0 recv2save_p50=0.97ms recv2save_p95=1.31ms
[RTX-GST] RTP_RX pkts=3780 meta=903 frames_rx=901
[RTX-GST] RTP_RX pkts=3810 meta=910 frames_rx=908
[RTX-GST] RTP_RX pkts=3840 meta=918 frames_rx=916
[RTX-GST] VIDEO frames_rx=921 fps=2.5 assoc_ok=823 assoc_miss=31 ctrl_sent=823 infer_avg=0.06ms
[RTX-GST] RTP_RX pkts=3870 meta=925 frames_rx=923
[RTX-GST] RTP_RX pkts=3900 meta=933 frames_rx=931
[RTX-GST] RTP_RX pkts=3930 meta=939 frames_rx=937
[RTX-GST] RTP_RX pkts=3960 meta=946 frames_rx=944
[RTX-GST] RTP_RX pkts=3990 meta=954 frames_rx=952
[RTX-GST] VIDEO frames_rx=952 fps=2.6 assoc_ok=853 assoc_miss=31 ctrl_sent=853 infer_avg=0.07ms
[RTX-GST] RTP_RX pkts=4020 meta=961 frames_rx=959
[RTX-GST] RTP_RX pkts=4050 meta=967 frames_rx=965
[RTX-GST] RTP_RX pkts=4080 meta=974 frames_rx=973
[RTX-GST] RTP_RX pkts=4110 meta=982 frames_rx=980
[RTX-GST] VIDEO frames_rx=985 fps=2.7 assoc_ok=884 assoc_miss=33 ctrl_sent=884 infer_avg=0.08ms
[RTX-GST] RTP_RX pkts=4140 meta=989 frames_rx=987
[RTX-GST] RTP_RX pkts=4170 meta=995 frames_rx=993
[RTX-GST] RTP_RX pkts=4200 meta=1003 frames_rx=1001
[RTX-GST] SAVED n=900 dropped=0 recv2save_p50=0.98ms recv2save_p95=1.37ms
[RTX-GST] RTP_RX pkts=4230 meta=1010 frames_rx=1008
[RTX-GST] VIDEO frames_rx=1016 fps=2.7 assoc_ok=913 assoc_miss=35 ctrl_sent=913 infer_avg=0.07ms
[RTX-GST] RTP_RX pkts=4260 meta=1017 frames_rx=1016
[RTX-GST] RTP_RX pkts=4290 meta=1024 frames_rx=1021
[RTX-GST] RTP_RX pkts=4320 meta=1031 frames_rx=1029
[RTX-GST] RTP_RX pkts=4350 meta=1039 frames_rx=1035
[RTX-GST] RTP_RX pkts=4380 meta=1046 frames_rx=1042
[RTX-GST] VIDEO frames_rx=1044 fps=2.8 assoc_ok=940 assoc_miss=38 ctrl_sent=940 infer_avg=0.08ms
[RTX-GST] RTP_RX pkts=4410 meta=1053 frames_rx=1049
[RTX-GST] RTP_RX pkts=4440 meta=1060 frames_rx=1056
[RTX-GST] RTP_RX pkts=4470 meta=1067 frames_rx=1063
[RTX-GST] RTP_RX pkts=4500 meta=1075 frames_rx=1071
[RTX-GST] VIDEO frames_rx=1074 fps=2.9 assoc_ok=968 assoc_miss=40 ctrl_sent=968 infer_avg=0.10ms
[RTX-GST] RTP_RX pkts=4530 meta=1082 frames_rx=1078
[RTX-GST] RTP_RX pkts=4560 meta=1088 frames_rx=1084
[RTX-GST] RTP_RX pkts=4590 meta=1095 frames_rx=1091
[RTX-GST] RTP_RX pkts=4620 meta=1103 frames_rx=1099
[RTX-GST] VIDEO frames_rx=1104 fps=2.9 assoc_ok=992 assoc_miss=44 ctrl_sent=992 infer_avg=0.07ms
[RTX-GST] RTP_RX pkts=4650 meta=1111 frames_rx=1107
[RTX-GST] SAVED n=1000 dropped=0 recv2save_p50=0.97ms recv2save_p95=1.40ms
[RTX-GST] RTP_RX pkts=4680 meta=1116 frames_rx=1112
[RTX-GST] RTP_RX pkts=4710 meta=1124 frames_rx=1120
[RTX-GST] RTP_RX pkts=4740 meta=1131 frames_rx=1127
[RTX-GST] VIDEO frames_rx=1135 fps=3.0 assoc_ok=1022 assoc_miss=47 ctrl_sent=1022 infer_avg=0.07ms
[RTX-GST] RTP_RX pkts=4770 meta=1139 frames_rx=1135
[RTX-GST] RTP_RX pkts=4800 meta=1145 frames_rx=1141
[RTX-GST] RTP_RX pkts=4830 meta=1152 frames_rx=1148
[RTX-GST] RTP_RX pkts=4860 meta=1160 frames_rx=1156
[RTX-GST] RTP_RX pkts=4890 meta=1167 frames_rx=1163
[RTX-GST] VIDEO frames_rx=1166 fps=3.1 assoc_ok=1051 assoc_miss=49 ctrl_sent=1051 infer_avg=0.09ms
[RTX-GST] RTP_RX pkts=4920 meta=1173 frames_rx=1169
[RTX-GST] RTP_RX pkts=4950 meta=1181 frames_rx=1177
[RTX-GST] RTP_RX pkts=4980 meta=1188 frames_rx=1184
[RTX-GST] RTP_RX pkts=5010 meta=1196 frames_rx=1192
[RTX-GST] VIDEO frames_rx=1196 fps=3.2 assoc_ok=1080 assoc_miss=50 ctrl_sent=1080 infer_avg=0.07ms
[RTX-GST] RTP_RX pkts=5040 meta=1203 frames_rx=1199
[RTX-GST] RTP_RX pkts=5070 meta=1208 frames_rx=1205
[RTX-GST] RTP_RX pkts=5100 meta=1216 frames_rx=1213
[RTX-GST] SAVED n=1100 dropped=0 recv2save_p50=0.97ms recv2save_p95=1.42ms
[RTX-GST] RTP_RX pkts=5130 meta=1223 frames_rx=1220
[RTX-GST] VIDEO frames_rx=1228 fps=3.2 assoc_ok=1110 assoc_miss=52 ctrl_sent=1110 infer_avg=0.07ms
[RTX-GST] RTP_RX pkts=5160 meta=1231 frames_rx=1228
[RTX-GST] RTP_RX pkts=5190 meta=1237 frames_rx=1234
[RTX-GST] RTP_RX pkts=5220 meta=1244 frames_rx=1241
[RTX-GST] RTP_RX pkts=5250 meta=1252 frames_rx=1249
[RTX-GST] RTP_RX pkts=5280 meta=1259 frames_rx=1256
[RTX-GST] VIDEO frames_rx=1259 fps=3.3 assoc_ok=1139 assoc_miss=53 ctrl_sent=1139 infer_avg=0.07ms
[RTX-GST] RTP_RX pkts=5310 meta=1265 frames_rx=1262
[RTX-GST] RTP_RX pkts=5340 meta=1272 frames_rx=1269
[RTX-GST] RTP_RX pkts=5370 meta=1280 frames_rx=1277
[RTX-GST] RTP_RX pkts=5400 meta=1287 frames_rx=1284
[RTX-GST] VIDEO frames_rx=1289 fps=3.4 assoc_ok=1168 assoc_miss=54 ctrl_sent=1168 infer_avg=0.07ms
[RTX-GST] RTP_RX pkts=5430 meta=1292 frames_rx=1290
[RTX-GST] RTP_RX pkts=5460 meta=1299 frames_rx=1298
[RTX-GST] RTP_RX pkts=5490 meta=1307 frames_rx=1305
[RTX-GST] RTP_RX pkts=5520 meta=1315 frames_rx=1313
[RTX-GST] RTP_RX pkts=5550 meta=1321 frames_rx=1319
[RTX-GST] VIDEO frames_rx=1320 fps=3.5 assoc_ok=1197 assoc_miss=56 ctrl_sent=1197 infer_avg=0.07ms
[RTX-GST] SAVED n=1200 dropped=0 recv2save_p50=0.96ms recv2save_p95=1.40ms
[RTX-GST] RTP_RX pkts=5580 meta=1329 frames_rx=1327
[RTX-GST] RTP_RX pkts=5610 meta=1336 frames_rx=1334
[RTX-GST] RTP_RX pkts=5640 meta=1344 frames_rx=1342
[RTX-GST] RTP_RX pkts=5670 meta=1351 frames_rx=1349
[RTX-GST] VIDEO frames_rx=1353 fps=3.5 assoc_ok=1227 assoc_miss=58 ctrl_sent=1227 infer_avg=0.07ms
[RTX-GST] RTP_RX pkts=5700 meta=1357 frames_rx=1355
[RTX-GST] RTP_RX pkts=5730 meta=1365 frames_rx=1362
[RTX-GST] RTP_RX pkts=5760 meta=1372 frames_rx=1370
[RTX-GST] RTP_RX pkts=5790 meta=1380 frames_rx=1378
[RTX-GST] VIDEO frames_rx=1382 fps=3.6 assoc_ok=1254 assoc_miss=59 ctrl_sent=1254 infer_avg=0.07ms
[RTX-GST] RTP_RX pkts=5820 meta=1385 frames_rx=1383
[RTX-GST] RTP_RX pkts=5850 meta=1393 frames_rx=1391
[RTX-GST] RTP_RX pkts=5880 meta=1401 frames_rx=1399
[RTX-GST] RTP_RX pkts=5910 meta=1408 frames_rx=1406
[RTX-GST] RTP_RX pkts=5940 meta=1414 frames_rx=1412
[RTX-GST] VIDEO frames_rx=1413 fps=3.7 assoc_ok=1281 assoc_miss=62 ctrl_sent=1281 infer_avg=0.07ms
[RTX-GST] RTP_RX pkts=5970 meta=1422 frames_rx=1419
[RTX-GST] RTP_RX pkts=6000 meta=1430 frames_rx=1427
[RTX-GST] SAVED n=1300 dropped=0 recv2save_p50=0.96ms recv2save_p95=1.40ms
[RTX-GST] RTP_RX pkts=6030 meta=1438 frames_rx=1435
[RTX-GST] RTP_RX pkts=6060 meta=1444 frames_rx=1441
[RTX-GST] VIDEO frames_rx=1442 fps=3.7 assoc_ok=1309 assoc_miss=63 ctrl_sent=1309 infer_avg=0.08ms
[RTX-GST] RTP_RX pkts=6090 meta=1452 frames_rx=1449
[RTX-GST] RTP_RX pkts=6120 meta=1459 frames_rx=1456
[RTX-GST] RTP_RX pkts=6150 meta=1467 frames_rx=1464
[RTX-GST] RTP_RX pkts=6180 meta=1473 frames_rx=1470
[RTX-GST] VIDEO frames_rx=1473 fps=3.8 assoc_ok=1338 assoc_miss=65 ctrl_sent=1338 infer_avg=0.10ms
[RTX-GST] RTP_RX pkts=6210 meta=1480 frames_rx=1478
[RTX-GST] RTP_RX pkts=6240 meta=1487 frames_rx=1485
[RTX-GST] RTP_RX pkts=6270 meta=1495 frames_rx=1493
[RTX-GST] RTP_RX pkts=6300 meta=1500 frames_rx=1498
[RTX-GST] VIDEO frames_rx=1503 fps=3.9 assoc_ok=1366 assoc_miss=67 ctrl_sent=1366 infer_avg=0.07ms
[RTX-GST] RTP_RX pkts=6330 meta=1508 frames_rx=1506
[RTX-GST] RTP_RX pkts=6360 meta=1516 frames_rx=1514
[RTX-GST] RTP_RX pkts=6390 meta=1523 frames_rx=1521
[RTX-GST] RTP_RX pkts=6420 meta=1530 frames_rx=1528
[RTX-GST] VIDEO frames_rx=1534 fps=3.9 assoc_ok=1396 assoc_miss=68 ctrl_sent=1396 infer_avg=0.07ms
[RTX-GST] RTP_RX pkts=6450 meta=1537 frames_rx=1535
[RTX-GST] SAVED n=1400 dropped=0 recv2save_p50=0.95ms recv2save_p95=1.35ms
[RTX-GST] RTP_RX pkts=6480 meta=1544 frames_rx=1542
[RTX-GST] RTP_RX pkts=6510 meta=1552 frames_rx=1550
[RTX-GST] RTP_RX pkts=6540 meta=1559 frames_rx=1557
[RTX-GST] RTP_RX pkts=6570 meta=1566 frames_rx=1564
[RTX-GST] VIDEO frames_rx=1572 fps=4.0 assoc_ok=1419 assoc_miss=70 ctrl_sent=1419 infer_avg=0.07ms
[RTX-GST] RTP_RX pkts=6600 meta=1574 frames_rx=1572
[RTX-GST] RTP_RX pkts=6630 meta=1581 frames_rx=1579
[RTX-GST] RTP_RX pkts=6660 meta=1589 frames_rx=1587
[RTX-GST] RTP_RX pkts=6690 meta=1594 frames_rx=1592
[RTX-GST] RTP_RX pkts=6720 meta=1602 frames_rx=1600
[RTX-GST] VIDEO frames_rx=1602 fps=4.1 assoc_ok=1449 assoc_miss=70 ctrl_sent=1449 infer_avg=0.08ms
[RTX-GST] RTP_RX pkts=6750 meta=1609 frames_rx=1607
[RTX-GST] RTP_RX pkts=6780 meta=1617 frames_rx=1615
[RTX-GST] RTP_RX pkts=6810 meta=1623 frames_rx=1621
[RTX-GST] RTP_RX pkts=6840 meta=1630 frames_rx=1629
[RTX-GST] VIDEO frames_rx=1633 fps=4.2 assoc_ok=1480 assoc_miss=70 ctrl_sent=1480 infer_avg=0.08ms
[RTX-GST] RTP_RX pkts=6870 meta=1638 frames_rx=1636
[RTX-GST] RTP_RX pkts=6900 meta=1645 frames_rx=1643
[RTX-GST] RTP_RX pkts=6930 meta=1651 frames_rx=1649
[RTX-GST] SAVED n=1500 dropped=0 recv2save_p50=0.96ms recv2save_p95=1.37ms
[RTX-GST] RTP_RX pkts=6960 meta=1659 frames_rx=1657
[RTX-GST] VIDEO frames_rx=1663 fps=4.2 assoc_ok=1508 assoc_miss=71 ctrl_sent=1508 infer_avg=0.08ms
[RTX-GST] RTP_RX pkts=6990 meta=1667 frames_rx=1665
[RTX-GST] RTP_RX pkts=7020 meta=1674 frames_rx=1672
[RTX-GST] RTP_RX pkts=7050 meta=1680 frames_rx=1678
[RTX-GST] RTP_RX pkts=7080 meta=1688 frames_rx=1686
[RTX-GST] VIDEO frames_rx=1694 fps=4.3 assoc_ok=1538 assoc_miss=72 ctrl_sent=1538 infer_avg=0.07ms
[RTX-GST] RTP_RX pkts=7110 meta=1696 frames_rx=1694
[RTX-GST] RTP_RX pkts=7140 meta=1703 frames_rx=1701
[RTX-GST] RTP_RX pkts=7170 meta=1710 frames_rx=1708
[RTX-GST] RTP_RX pkts=7200 meta=1717 frames_rx=1715
[RTX-GST] RTP_RX pkts=7230 meta=1724 frames_rx=1722
[RTX-GST] VIDEO frames_rx=1724 fps=4.4 assoc_ok=1566 assoc_miss=73 ctrl_sent=1566 infer_avg=0.09ms
[RTX-GST] RTP_RX pkts=7260 meta=1732 frames_rx=1730
[RTX-GST] RTP_RX pkts=7290 meta=1739 frames_rx=1737
[RTX-GST] RTP_RX pkts=7320 meta=1745 frames_rx=1743
[RTX-GST] RTP_RX pkts=7350 meta=1753 frames_rx=1751
[RTX-GST] VIDEO frames_rx=1755 fps=4.4 assoc_ok=1594 assoc_miss=76 ctrl_sent=1594 infer_avg=0.07ms
[RTX-GST] RTP_RX pkts=7380 meta=1760 frames_rx=1758
[RTX-GST] SAVED n=1600 dropped=0 recv2save_p50=0.96ms recv2save_p95=1.36ms
[RTX-GST] RTP_RX pkts=7410 meta=1768 frames_rx=1766
[RTX-GST] RTP_RX pkts=7440 meta=1774 frames_rx=1772
[RTX-GST] RTP_RX pkts=7470 meta=1782 frames_rx=1780
[RTX-GST] VIDEO frames_rx=1785 fps=4.5 assoc_ok=1624 assoc_miss=76 ctrl_sent=1624 infer_avg=0.10ms
[RTX-GST] RTP_RX pkts=7500 meta=1789 frames_rx=1787
[RTX-GST] RTP_RX pkts=7530 meta=1796 frames_rx=1795
[RTX-GST] RTP_RX pkts=7560 meta=1803 frames_rx=1801
[RTX-GST] RTP_RX pkts=7590 meta=1810 frames_rx=1809
[RTX-GST] VIDEO frames_rx=1815 fps=4.6 assoc_ok=1651 assoc_miss=79 ctrl_sent=1651 infer_avg=0.08ms
[RTX-GST] RTP_RX pkts=7620 meta=1818 frames_rx=1816
[RTX-GST] RTP_RX pkts=7650 meta=1825 frames_rx=1824
[RTX-GST] RTP_RX pkts=7680 meta=1831 frames_rx=1830
[RTX-GST] RTP_RX pkts=7710 meta=1838 frames_rx=1838
[RTX-GST] VIDEO frames_rx=1846 fps=4.6 assoc_ok=1679 assoc_miss=82 ctrl_sent=1679 infer_avg=0.07ms
[RTX-GST] RTP_RX pkts=7740 meta=1846 frames_rx=1846
[RTX-GST] RTP_RX pkts=7770 meta=1852 frames_rx=1853
[RTX-GST] RTP_RX pkts=7800 meta=1858 frames_rx=1859
[RTX-GST] RTP_RX pkts=7830 meta=1866 frames_rx=1867
[RTX-GST] SAVED n=1700 dropped=0 recv2save_p50=0.97ms recv2save_p95=1.39ms
[RTX-GST] RTP_RX pkts=7860 meta=1873 frames_rx=1874
[RTX-GST] VIDEO frames_rx=1877 fps=4.7 assoc_ok=1706 assoc_miss=84 ctrl_sent=1706 infer_avg=0.10ms
[RTX-GST] RTP_RX pkts=7890 meta=1881 frames_rx=1882
[RTX-GST] RTP_RX pkts=7920 meta=1887 frames_rx=1888
[RTX-GST] RTP_RX pkts=7950 meta=1894 frames_rx=1895
[RTX-GST] RTP_RX pkts=7980 meta=1902 frames_rx=1903
[RTX-GST] VIDEO frames_rx=1908 fps=4.8 assoc_ok=1737 assoc_miss=84 ctrl_sent=1737 infer_avg=0.07ms
[RTX-GST] RTP_RX pkts=8010 meta=1909 frames_rx=1910
[RTX-GST] RTP_RX pkts=8040 meta=1917 frames_rx=1918
[RTX-GST] RTP_RX pkts=8070 meta=1923 frames_rx=1924
[RTX-GST] RTP_RX pkts=8100 meta=1931 frames_rx=1931
[RTX-GST] VIDEO frames_rx=1938 fps=4.8 assoc_ok=1764 assoc_miss=86 ctrl_sent=1764 infer_avg=0.06ms
[RTX-GST] RTP_RX pkts=8130 meta=1938 frames_rx=1939
[RTX-GST] RTP_RX pkts=8160 meta=1945 frames_rx=1946
[RTX-GST] RTP_RX pkts=8190 meta=1951 frames_rx=1951
[RTX-GST] RTP_RX pkts=8220 meta=1959 frames_rx=1959
[RTX-GST] RTP_RX pkts=8250 meta=1966 frames_rx=1966
[RTX-GST] VIDEO frames_rx=1967 fps=4.9 assoc_ok=1791 assoc_miss=89 ctrl_sent=1791 infer_avg=0.09ms
[RTX-GST] RTP_RX pkts=8280 meta=1974 frames_rx=1974
[RTX-GST] SAVED n=1800 dropped=0 recv2save_p50=0.98ms recv2save_p95=1.39ms
[RTX-GST] RTP_RX pkts=8310 meta=1980 frames_rx=1980
[RTX-GST] RTP_RX pkts=8340 meta=1987 frames_rx=1987
[RTX-GST] RTP_RX pkts=8370 meta=1994 frames_rx=1995
[RTX-GST] VIDEO frames_rx=1998 fps=4.9 assoc_ok=1819 assoc_miss=92 ctrl_sent=1819 infer_avg=0.08ms
[RTX-GST] RTP_RX pkts=8400 meta=2001 frames_rx=2002
[RTX-GST] RTP_RX pkts=8430 meta=2007 frames_rx=2008
[RTX-GST] RTP_RX pkts=8460 meta=2015 frames_rx=2016
[RTX-GST] RTP_RX pkts=8490 meta=2022 frames_rx=2023
[RTX-GST] VIDEO frames_rx=2029 fps=5.0 assoc_ok=1848 assoc_miss=93 ctrl_sent=1848 infer_avg=0.06ms
[RTX-GST] RTP_RX pkts=8520 meta=2030 frames_rx=2031
[RTX-GST] RTP_RX pkts=8550 meta=2035 frames_rx=2036
[RTX-GST] RTP_RX pkts=8580 meta=2043 frames_rx=2044
[RTX-GST] RTP_RX pkts=8610 meta=2051 frames_rx=2052
[RTX-GST] RTP_RX pkts=8640 meta=2058 frames_rx=2059
[RTX-GST] VIDEO frames_rx=2061 fps=5.1 assoc_ok=1880 assoc_miss=93 ctrl_sent=1880 infer_avg=0.07ms
[RTX-GST] RTP_RX pkts=8670 meta=2065 frames_rx=2066
[RTX-GST] RTP_RX pkts=8700 meta=2072 frames_rx=2073
[RTX-GST] RTP_RX pkts=8730 meta=2080 frames_rx=2081
[RTX-GST] SAVED n=1900 dropped=0 recv2save_p50=0.98ms recv2save_p95=1.39ms
[RTX-GST] RTP_RX pkts=8760 meta=2088 frames_rx=2089
[RTX-GST] VIDEO frames_rx=2092 fps=5.1 assoc_ok=1910 assoc_miss=94 ctrl_sent=1910 infer_avg=0.07ms
[RTX-GST] RTP_RX pkts=8790 meta=2095 frames_rx=2096
[RTX-GST] RTP_RX pkts=8820 meta=2101 frames_rx=2100
[RTX-GST] RTP_RX pkts=8850 meta=2109 frames_rx=2108
[RTX-GST] RTP_RX pkts=8880 meta=2116 frames_rx=2115
[RTX-GST] VIDEO frames_rx=2121 fps=5.2 assoc_ok=1939 assoc_miss=94 ctrl_sent=1939 infer_avg=0.07ms
[RTX-GST] RTP_RX pkts=8910 meta=2124 frames_rx=2123
[RTX-GST] RTP_RX pkts=8940 meta=2130 frames_rx=2129
[RTX-GST] RTP_RX pkts=8970 meta=2137 frames_rx=2136
[RTX-GST] RTP_RX pkts=9000 meta=2145 frames_rx=2144
[RTX-GST] VIDEO frames_rx=2152 fps=5.3 assoc_ok=1969 assoc_miss=94 ctrl_sent=1969 infer_avg=0.08ms
[RTX-GST] RTP_RX pkts=9030 meta=2153 frames_rx=2152
[RTX-GST] RTP_RX pkts=9060 meta=2159 frames_rx=2159
[RTX-GST] RTP_RX pkts=9090 meta=2167 frames_rx=2166
[RTX-GST] RTP_RX pkts=9120 meta=2174 frames_rx=2173
[RTX-GST] RTP_RX pkts=9150 meta=2182 frames_rx=2181
[RTX-GST] VIDEO frames_rx=2183 fps=5.3 assoc_ok=1998 assoc_miss=95 ctrl_sent=1998 infer_avg=0.06ms
[RTX-GST] SAVED n=2000 dropped=0 recv2save_p50=0.97ms recv2save_p95=1.38ms
[RTX-GST] RTP_RX pkts=9180 meta=2188 frames_rx=2187
[RTX-GST] RTP_RX pkts=9210 meta=2196 frames_rx=2193
[RTX-GST] RTP_RX pkts=9240 meta=2203 frames_rx=2201
[RTX-GST] RTP_RX pkts=9270 meta=2211 frames_rx=2209
[RTX-GST] VIDEO frames_rx=2212 fps=5.4 assoc_ok=2024 assoc_miss=99 ctrl_sent=2024 infer_avg=0.10ms
[RTX-GST] RTP_RX pkts=9300 meta=2216 frames_rx=2214
[RTX-GST] RTP_RX pkts=9330 meta=2224 frames_rx=2222
[RTX-GST] RTP_RX pkts=9360 meta=2232 frames_rx=2230
[RTX-GST] RTP_RX pkts=9390 meta=2239 frames_rx=2237
[RTX-GST] VIDEO frames_rx=2243 fps=5.4 assoc_ok=2054 assoc_miss=99 ctrl_sent=2054 infer_avg=0.07ms
[RTX-GST] RTP_RX pkts=9420 meta=2246 frames_rx=2244
[RTX-GST] RTP_RX pkts=9450 meta=2253 frames_rx=2251
[RTX-GST] RTP_RX pkts=9480 meta=2260 frames_rx=2259
[RTX-GST] RTP_RX pkts=9510 meta=2268 frames_rx=2267
[RTX-GST] RTP_RX pkts=9540 meta=2274 frames_rx=2273
[RTX-GST] VIDEO frames_rx=2274 fps=5.5 assoc_ok=2084 assoc_miss=100 ctrl_sent=2084 infer_avg=0.07ms
[RTX-GST] RTP_RX pkts=9570 meta=2280 frames_rx=2280
[RTX-GST] RTP_RX pkts=9600 meta=2288 frames_rx=2288
[RTX-GST] SAVED n=2100 dropped=0 recv2save_p50=0.95ms recv2save_p95=1.37ms
[RTX-GST] RTP_RX pkts=9630 meta=2296 frames_rx=2296
[RTX-GST] RTP_RX pkts=9660 meta=2303 frames_rx=2303
[RTX-GST] VIDEO frames_rx=2304 fps=5.6 assoc_ok=2111 assoc_miss=102 ctrl_sent=2111 infer_avg=0.07ms
[RTX-GST] RTP_RX pkts=9690 meta=2309 frames_rx=2309
[RTX-GST] RTP_RX pkts=9720 meta=2317 frames_rx=2317
[RTX-GST] RTP_RX pkts=9750 meta=2324 frames_rx=2325
[RTX-GST] RTP_RX pkts=9780 meta=2331 frames_rx=2332
[RTX-GST] VIDEO frames_rx=2336 fps=5.6 assoc_ok=2139 assoc_miss=104 ctrl_sent=2139 infer_avg=0.09ms
[RTX-GST] RTP_RX pkts=9810 meta=2336 frames_rx=2338
[RTX-GST] RTP_RX pkts=9840 meta=2344 frames_rx=2346
[RTX-GST] RTP_RX pkts=9870 meta=2352 frames_rx=2355
[RTX-GST] RTP_RX pkts=9900 meta=2360 frames_rx=2362
[RTX-GST] VIDEO frames_rx=2367 fps=5.7 assoc_ok=2167 assoc_miss=106 ctrl_sent=2167 infer_avg=0.07ms
[RTX-GST] RTP_RX pkts=9930 meta=2366 frames_rx=2368
[RTX-GST] RTP_RX pkts=9960 meta=2373 frames_rx=2376
[RTX-GST] RTP_RX pkts=9990 meta=2382 frames_rx=2383
[RTX-GST] RTP_RX pkts=10020 meta=2388 frames_rx=2390
[RTX-GST] VIDEO frames_rx=2395 fps=5.7 assoc_ok=2196 assoc_miss=106 ctrl_sent=2196 infer_avg=0.09ms
[RTX-GST] RTP_RX pkts=10050 meta=2395 frames_rx=2396
[RTX-GST] SAVED n=2200 dropped=0 recv2save_p50=0.95ms recv2save_p95=1.36ms
[RTX-GST] RTP_RX pkts=10080 meta=2402 frames_rx=2402
[RTX-GST] RTP_RX pkts=10110 meta=2410 frames_rx=2410
[RTX-GST] RTP_RX pkts=10140 meta=2418 frames_rx=2417
[RTX-GST] VIDEO frames_rx=2421 fps=5.8 assoc_ok=2222 assoc_miss=107 ctrl_sent=2222 infer_avg=0.08ms
[RTX-GST] RTP_RX pkts=10170 meta=2423 frames_rx=2422
[RTX-GST] RTP_RX pkts=10200 meta=2432 frames_rx=2429
[RTX-GST] RTP_RX pkts=10230 meta=2438 frames_rx=2436
[RTX-GST] RTP_RX pkts=10260 meta=2444 frames_rx=2443
[RTX-GST] VIDEO frames_rx=2449 fps=5.8 assoc_ok=2248 assoc_miss=112 ctrl_sent=2248 infer_avg=0.07ms
[RTX-GST] RTP_RX pkts=10290 meta=2450 frames_rx=2449
[RTX-GST] RTP_RX pkts=10320 meta=2457 frames_rx=2456
[RTX-GST] RTP_RX pkts=10350 meta=2464 frames_rx=2464
[RTX-GST] RTP_RX pkts=10380 meta=2471 frames_rx=2472
[RTX-GST] RTP_RX pkts=10410 meta=2477 frames_rx=2478
[RTX-GST] VIDEO frames_rx=2479 fps=5.9 assoc_ok=2275 assoc_miss=114 ctrl_sent=2275 infer_avg=0.07ms
[RTX-GST] RTP_RX pkts=10440 meta=2485 frames_rx=2485
[RTX-GST] RTP_RX pkts=10470 meta=2492 frames_rx=2493
[RTX-GST] RTP_RX pkts=10500 meta=2500 frames_rx=2501
[RTX-GST] VIDEO frames_rx=2502 fps=5.9 assoc_ok=2297 assoc_miss=115 ctrl_sent=2297 infer_avg=0.09ms
[RTX-GST] SAVED n=2300 dropped=0 recv2save_p50=0.97ms recv2save_p95=1.36ms
[RTX-GST] RTP_RX pkts=10530 meta=2506 frames_rx=2507
[RTX-GST] RTP_RX pkts=10560 meta=2513 frames_rx=2514
[RTX-GST] RTP_RX pkts=10590 meta=2520 frames_rx=2522
[RTX-GST] RTP_RX pkts=10620 meta=2528 frames_rx=2530
[RTX-GST] RTP_RX pkts=10650 meta=2534 frames_rx=2536
[RTX-GST] VIDEO frames_rx=2541 fps=6.0 assoc_ok=2328 assoc_miss=122 ctrl_sent=2328 infer_avg=0.08ms
[RTX-GST] RTP_RX pkts=10680 meta=2541 frames_rx=2543
[RTX-GST] RTP_RX pkts=10710 meta=2549 frames_rx=2551
[RTX-GST] RTP_RX pkts=10740 meta=2556 frames_rx=2558
[RTX-GST] RTP_RX pkts=10770 meta=2564 frames_rx=2565
[RTX-GST] RTP_RX pkts=10800 meta=2571 frames_rx=2572
[RTX-GST] VIDEO frames_rx=2577 fps=6.1 assoc_ok=2350 assoc_miss=124 ctrl_sent=2350 infer_avg=0.06ms
[RTX-GST] RTP_RX pkts=10830 meta=2579 frames_rx=2580
[RTX-GST] RTP_RX pkts=10860 meta=2585 frames_rx=2587
[RTX-GST] RTP_RX pkts=10890 meta=2592 frames_rx=2593
[RTX-GST] RTP_RX pkts=10920 meta=2599 frames_rx=2601
[RTX-GST] VIDEO frames_rx=2608 fps=6.1 assoc_ok=2379 assoc_miss=126 ctrl_sent=2379 infer_avg=0.08ms
[RTX-GST] RTP_RX pkts=10950 meta=2608 frames_rx=2610
[RTX-GST] RTP_RX pkts=10980 meta=2616 frames_rx=2618
[RTX-GST] RTP_RX pkts=11010 meta=2621 frames_rx=2624
[RTX-GST] RTP_RX pkts=11040 meta=2629 frames_rx=2632
[RTX-GST] SAVED n=2400 dropped=0 recv2save_p50=0.98ms recv2save_p95=1.36ms
[RTX-GST] RTP_RX pkts=11070 meta=2636 frames_rx=2639
[RTX-GST] VIDEO frames_rx=2640 fps=6.2 assoc_ok=2407 assoc_miss=128 ctrl_sent=2407 infer_avg=0.09ms
[RTX-GST] RTP_RX pkts=11100 meta=2644 frames_rx=2647
[RTX-GST] RTP_RX pkts=11130 meta=2649 frames_rx=2653
[RTX-GST] RTP_RX pkts=11160 meta=2656 frames_rx=2660
[RTX-GST] RTP_RX pkts=11190 meta=2663 frames_rx=2668
[RTX-GST] VIDEO frames_rx=2670 fps=6.3 assoc_ok=2435 assoc_miss=130 ctrl_sent=2435 infer_avg=0.08ms
[RTX-GST] RTP_RX pkts=11220 meta=2671 frames_rx=2676
[RTX-GST] RTP_RX pkts=11250 meta=2678 frames_rx=2683
[RTX-GST] RTP_RX pkts=11280 meta=2684 frames_rx=2689
[RTX-GST] RTP_RX pkts=11310 meta=2691 frames_rx=2697
[RTX-GST] VIDEO frames_rx=2700 fps=6.3 assoc_ok=2462 assoc_miss=132 ctrl_sent=2462 infer_avg=0.09ms
[RTX-GST] RTP_RX pkts=11340 meta=2698 frames_rx=2704
[RTX-GST] RTP_RX pkts=11370 meta=2706 frames_rx=2712
[RTX-GST] RTP_RX pkts=11400 meta=2712 frames_rx=2718
[RTX-GST] RTP_RX pkts=11430 meta=2720 frames_rx=2726
[RTX-GST] VIDEO frames_rx=2729 fps=6.4 assoc_ok=2484 assoc_miss=138 ctrl_sent=2484 infer_avg=0.07ms
[RTX-GST] RTP_RX pkts=11460 meta=2727 frames_rx=2734
[RTX-GST] RTP_RX pkts=11490 meta=2735 frames_rx=2741
[RTX-GST] SAVED n=2500 dropped=0 recv2save_p50=0.99ms recv2save_p95=1.39ms
[RTX-GST] RTP_RX pkts=11520 meta=2741 frames_rx=2747
[RTX-GST] RTP_RX pkts=11550 meta=2747 frames_rx=2754
[RTX-GST] RTP_RX pkts=11580 meta=2755 frames_rx=2762
[RTX-GST] VIDEO frames_rx=2763 fps=6.4 assoc_ok=2516 assoc_miss=140 ctrl_sent=2516 infer_avg=0.08ms
[RTX-GST] RTP_RX pkts=11610 meta=2762 frames_rx=2769
[RTX-GST] RTP_RX pkts=11640 meta=2769 frames_rx=2775
[RTX-GST] RTP_RX pkts=11670 meta=2776 frames_rx=2783
[RTX-GST] RTP_RX pkts=11700 meta=2784 frames_rx=2790
[RTX-GST] VIDEO frames_rx=2797 fps=6.5 assoc_ok=2542 assoc_miss=145 ctrl_sent=2542 infer_avg=0.08ms
[RTX-GST] RTP_RX pkts=11730 meta=2791 frames_rx=2797
[RTX-GST] RTP_RX pkts=11760 meta=2798 frames_rx=2804
[RTX-GST] RTP_RX pkts=11790 meta=2805 frames_rx=2811
[RTX-GST] RTP_RX pkts=11820 meta=2813 frames_rx=2819
[RTX-GST] RTP_RX pkts=11850 meta=2820 frames_rx=2826
[RTX-GST] VIDEO frames_rx=2827 fps=6.5 assoc_ok=2570 assoc_miss=147 ctrl_sent=2570 infer_avg=0.08ms
[RTX-GST] RTP_RX pkts=11880 meta=2826 frames_rx=2832
[RTX-GST] RTP_RX pkts=11910 meta=2833 frames_rx=2839
[RTX-GST] RTP_RX pkts=11940 meta=2841 frames_rx=2847
[RTX-GST] RTP_RX pkts=11970 meta=2849 frames_rx=2855
[RTX-GST] VIDEO frames_rx=2858 fps=6.6 assoc_ok=2599 assoc_miss=149 ctrl_sent=2599 infer_avg=0.07ms
[RTX-GST] SAVED n=2600 dropped=0 recv2save_p50=1.01ms recv2save_p95=1.37ms
[RTX-GST] RTP_RX pkts=12000 meta=2856 frames_rx=2862
[RTX-GST] RTP_RX pkts=12030 meta=2862 frames_rx=2869
[RTX-GST] RTP_RX pkts=12060 meta=2870 frames_rx=2876
[RTX-GST] RTP_RX pkts=12090 meta=2877 frames_rx=2883
[RTX-GST] VIDEO frames_rx=2886 fps=6.6 assoc_ok=2626 assoc_miss=149 ctrl_sent=2626 infer_avg=0.09ms
[RTX-GST] RTP_RX pkts=12120 meta=2884 frames_rx=2891
[RTX-GST] RTP_RX pkts=12150 meta=2889 frames_rx=2897
[RTX-GST] RTP_RX pkts=12180 meta=2898 frames_rx=2904
[RTX-GST] RTP_RX pkts=12210 meta=2905 frames_rx=2912
[RTX-GST] RTP_RX pkts=12240 meta=2912 frames_rx=2920
[RTX-GST] VIDEO frames_rx=2922 fps=6.7 assoc_ok=2658 assoc_miss=153 ctrl_sent=2658 infer_avg=0.08ms
[RTX-GST] RTP_RX pkts=12270 meta=2918 frames_rx=2925
[RTX-GST] RTP_RX pkts=12300 meta=2926 frames_rx=2933
[RTX-GST] RTP_RX pkts=12330 meta=2934 frames_rx=2941
[RTX-GST] RTP_RX pkts=12360 meta=2941 frames_rx=2948
[RTX-GST] VIDEO frames_rx=2953 fps=6.8 assoc_ok=2685 assoc_miss=157 ctrl_sent=2685 infer_avg=0.08ms
[RTX-GST] RTP_RX pkts=12390 meta=2947 frames_rx=2954
[RTX-GST] RTP_RX pkts=12420 meta=2955 frames_rx=2962
[RTX-GST] SAVED n=2700 dropped=0 recv2save_p50=0.98ms recv2save_p95=1.31ms
[RTX-GST] RTP_RX pkts=12450 meta=2962 frames_rx=2969
[RTX-GST] RTP_RX pkts=12480 meta=2970 frames_rx=2977
[RTX-GST] RTP_RX pkts=12510 meta=2976 frames_rx=2983
[RTX-GST] VIDEO frames_rx=2985 fps=6.8 assoc_ok=2715 assoc_miss=159 ctrl_sent=2715 infer_avg=0.07ms
[RTX-GST] RTP_RX pkts=12540 meta=2983 frames_rx=2990
[RTX-GST] RTP_RX pkts=12570 meta=2991 frames_rx=2998
[RTX-GST] RTP_RX pkts=12600 meta=2999 frames_rx=3006
[RTX-GST] RTP_RX pkts=12630 meta=3005 frames_rx=3012
[RTX-GST] VIDEO frames_rx=3016 fps=6.9 assoc_ok=2742 assoc_miss=162 ctrl_sent=2742 infer_avg=0.10ms
[RTX-GST] RTP_RX pkts=12660 meta=3012 frames_rx=3019
[RTX-GST] RTP_RX pkts=12690 meta=3020 frames_rx=3027
[RTX-GST] RTP_RX pkts=12720 meta=3028 frames_rx=3035
[RTX-GST] RTP_RX pkts=12750 meta=3035 frames_rx=3042
[RTX-GST] VIDEO frames_rx=3047 fps=6.9 assoc_ok=2771 assoc_miss=164 ctrl_sent=2771 infer_avg=0.08ms
[RTX-GST] RTP_RX pkts=12780 meta=3041 frames_rx=3048
[RTX-GST] RTP_RX pkts=12810 meta=3049 frames_rx=3056
[RTX-GST] RTP_RX pkts=12840 meta=3057 frames_rx=3063
[RTX-GST] VIDEO frames_rx=3064 fps=7.0 assoc_ok=2787 assoc_miss=165 ctrl_sent=2787 infer_avg=0.09ms
[RTX-GST] RTP_RX pkts=12870 meta=3064 frames_rx=3071
[RTX-GST] RTP_RX pkts=12900 meta=3070 frames_rx=3077
[RTX-GST] SAVED n=2800 dropped=0 recv2save_p50=1.00ms recv2save_p95=1.36ms
[RTX-GST] RTP_RX pkts=12930 meta=3077 frames_rx=3084
[RTX-GST] RTP_RX pkts=12960 meta=3085 frames_rx=3092
[RTX-GST] RTP_RX pkts=12990 meta=3093 frames_rx=3100
[RTX-GST] VIDEO frames_rx=3101 fps=7.0 assoc_ok=2815 assoc_miss=173 ctrl_sent=2815 infer_avg=0.13ms
[RTX-GST] RTP_RX pkts=13020 meta=3099 frames_rx=3106
[RTX-GST] RTP_RX pkts=13050 meta=3107 frames_rx=3113
[RTX-GST] RTP_RX pkts=13080 meta=3114 frames_rx=3121
[RTX-GST] RTP_RX pkts=13110 meta=3121 frames_rx=3128
[RTX-GST] VIDEO frames_rx=3134 fps=7.1 assoc_ok=2843 assoc_miss=175 ctrl_sent=2843 infer_avg=0.12ms
[RTX-GST] RTP_RX pkts=13140 meta=3127 frames_rx=3134
[RTX-GST] RTP_RX pkts=13170 meta=3135 frames_rx=3142
[RTX-GST] VIDEO frames_rx=3148 fps=7.1 assoc_ok=2855 assoc_miss=177 ctrl_sent=2855 infer_avg=0.11ms
[RTX-GST] RTP_RX pkts=13200 meta=3142 frames_rx=3149
[RTX-GST] RTP_RX pkts=13230 meta=3150 frames_rx=3157
[RTX-GST] VIDEO frames_rx=3161 fps=7.1 assoc_ok=2867 assoc_miss=178 ctrl_sent=2867 infer_avg=0.10ms
[RTX-GST] RTP_RX pkts=13260 meta=3157 frames_rx=3164
[RTX-GST] RTP_RX pkts=13290 meta=3165 frames_rx=3172
[RTX-GST] VIDEO frames_rx=3179 fps=7.1 assoc_ok=2886 assoc_miss=178 ctrl_sent=2886 infer_avg=0.08ms
[RTX-GST] RTP_RX pkts=13320 meta=3174 frames_rx=3179
[RTX-GST] RTP_RX pkts=13350 meta=3181 frames_rx=3186
[RTX-GST] RTP_RX pkts=13380 meta=3189 frames_rx=3194
[RTX-GST] RTP_RX pkts=13410 meta=3196 frames_rx=3202
[RTX-GST] SAVED n=2900 dropped=0 recv2save_p50=1.00ms recv2save_p95=1.39ms
[RTX-GST] VIDEO frames_rx=3205 fps=7.2 assoc_ok=2901 assoc_miss=181 ctrl_sent=2901 infer_avg=0.08ms
[RTX-GST] RTP_RX pkts=13440 meta=3203 frames_rx=3209
[RTX-GST] RTP_RX pkts=13470 meta=3211 frames_rx=3216
[RTX-GST] VIDEO frames_rx=3222 fps=7.2 assoc_ok=2911 assoc_miss=182 ctrl_sent=2911 infer_avg=0.10ms
[RTX-GST] RTP_RX pkts=13500 meta=3220 frames_rx=3223
[RTX-GST] RTP_RX pkts=13530 meta=3227 frames_rx=3228
[RTX-GST] RTP_RX pkts=13560 meta=3233 frames_rx=3236
[RTX-GST] RTP_RX pkts=13590 meta=3241 frames_rx=3244
[RTX-GST] RTP_RX pkts=13620 meta=3250 frames_rx=3251
[RTX-GST] VIDEO frames_rx=3256 fps=7.2 assoc_ok=2931 assoc_miss=187 ctrl_sent=2931 infer_avg=0.10ms
[RTX-GST] RTP_RX pkts=13650 meta=3259 frames_rx=3258
[RTX-GST] RTP_RX pkts=13680 meta=3267 frames_rx=3266
[RTX-GST] RTP_RX pkts=13710 meta=3273 frames_rx=3271
[RTX-GST] RTP_RX pkts=13740 meta=3280 frames_rx=3279
[RTX-GST] RTP_RX pkts=13770 meta=3288 frames_rx=3287
[RTX-GST] RTP_RX pkts=13800 meta=3295 frames_rx=3294
[RTX-GST] VIDEO frames_rx=3297 fps=7.3 assoc_ok=2968 assoc_miss=189 ctrl_sent=2968 infer_avg=0.06ms
[RTX-GST] RTP_RX pkts=13830 meta=3302 frames_rx=3301
[RTX-GST] RTP_RX pkts=13860 meta=3309 frames_rx=3308
[RTX-GST] RTP_RX pkts=13890 meta=3317 frames_rx=3316
[RTX-GST] RTP_RX pkts=13920 meta=3324 frames_rx=3323
[RTX-GST] VIDEO frames_rx=3330 fps=7.4 assoc_ok=2999 assoc_miss=190 ctrl_sent=2999 infer_avg=0.06ms
[RTX-GST] RTP_RX pkts=13950 meta=3332 frames_rx=3331
[RTX-GST] SAVED n=3000 dropped=0 recv2save_p50=0.98ms recv2save_p95=1.35ms
[RTX-GST] RTP_RX pkts=13980 meta=3338 frames_rx=3337
[RTX-GST] RTP_RX pkts=14010 meta=3345 frames_rx=3345
[RTX-GST] RTP_RX pkts=14040 meta=3353 frames_rx=3352
[RTX-GST] RTP_RX pkts=14070 meta=3361 frames_rx=3359
[RTX-GST] RTP_RX pkts=14100 meta=3367 frames_rx=3366
[RTX-GST] RTP_RX pkts=14130 meta=3374 frames_rx=3374
[RTX-GST] RTP_RX pkts=14160 meta=3382 frames_rx=3382
[RTX-GST] VIDEO frames_rx=3384 fps=7.5 assoc_ok=3038 assoc_miss=201 ctrl_sent=3038 infer_avg=0.07ms
[RTX-GST] RTP_RX pkts=14190 meta=3389 frames_rx=3389
[RTX-GST] RTP_RX pkts=14220 meta=3395 frames_rx=3395
[RTX-GST] RTP_RX pkts=14250 meta=3403 frames_rx=3402
[RTX-GST] RTP_RX pkts=14280 meta=3409 frames_rx=3410
[RTX-GST] RTP_RX pkts=14310 meta=3417 frames_rx=3418
[RTX-GST] VIDEO frames_rx=3421 fps=7.5 assoc_ok=3070 assoc_miss=206 ctrl_sent=3070 infer_avg=0.06ms
[RTX-GST] RTP_RX pkts=14340 meta=3423 frames_rx=3424
[RTX-GST] RTP_RX pkts=14370 meta=3431 frames_rx=3432
[RTX-GST] RTP_RX pkts=14400 meta=3438 frames_rx=3438
[RTX-GST] RTP_RX pkts=14430 meta=3446 frames_rx=3446
[RTX-GST] RTP_RX pkts=14460 meta=3452 frames_rx=3452
[RTX-GST] VIDEO frames_rx=3453 fps=7.6 assoc_ok=3100 assoc_miss=207 ctrl_sent=3100 infer_avg=0.07ms
[RTX-GST] SAVED n=3100 dropped=0 recv2save_p50=0.95ms recv2save_p95=1.35ms
[RTX-GST] RTP_RX pkts=14490 meta=3459 frames_rx=3459
[RTX-GST] RTP_RX pkts=14520 meta=3467 frames_rx=3467
[RTX-GST] RTP_RX pkts=14550 meta=3475 frames_rx=3475
[RTX-GST] VIDEO frames_rx=3481 fps=7.6 assoc_ok=3121 assoc_miss=212 ctrl_sent=3121 infer_avg=0.06ms
[RTX-GST] RTP_RX pkts=14580 meta=3480 frames_rx=3481
[RTX-GST] RTP_RX pkts=14610 meta=3486 frames_rx=3488
[RTX-GST] RTP_RX pkts=14640 meta=3494 frames_rx=3496
[RTX-GST] RTP_RX pkts=14670 meta=3501 frames_rx=3503
[RTX-GST] RTP_RX pkts=14700 meta=3506 frames_rx=3510
[RTX-GST] VIDEO frames_rx=3513 fps=7.7 assoc_ok=3145 assoc_miss=216 ctrl_sent=3145 infer_avg=0.07ms
[RTX-GST] RTP_RX pkts=14730 meta=3513 frames_rx=3517
[RTX-GST] RTP_RX pkts=14760 meta=3521 frames_rx=3524
[RTX-GST] RTP_RX pkts=14790 meta=3528 frames_rx=3532
[RTX-GST] RTP_RX pkts=14820 meta=3536 frames_rx=3540
[RTX-GST] VIDEO frames_rx=3541 fps=7.7 assoc_ok=3168 assoc_miss=219 ctrl_sent=3168 infer_avg=0.05ms
[RTX-GST] RTP_RX pkts=14850 meta=3541 frames_rx=3545
[RTX-GST] RTP_RX pkts=14880 meta=3549 frames_rx=3553
[RTX-GST] RTP_RX pkts=14910 meta=3557 frames_rx=3561
[RTX-GST] RTP_RX pkts=14940 meta=3564 frames_rx=3568
[RTX-GST] RTP_RX pkts=14970 meta=3572 frames_rx=3576
[RTX-GST] SAVED n=3200 dropped=0 recv2save_p50=0.92ms recv2save_p95=1.36ms
[RTX-GST] VIDEO frames_rx=3577 fps=7.8 assoc_ok=3200 assoc_miss=220 ctrl_sent=3200 infer_avg=0.06ms
[RTX-GST] RTP_RX pkts=15000 meta=3581 frames_rx=3583
[RTX-GST] RTP_RX pkts=15030 meta=3589 frames_rx=3590
[RTX-GST] RTP_RX pkts=15060 meta=3595 frames_rx=3596
[RTX-GST] VIDEO frames_rx=3601 fps=7.8 assoc_ok=3216 assoc_miss=221 ctrl_sent=3216 infer_avg=0.07ms
[RTX-GST] RTP_RX pkts=15090 meta=3603 frames_rx=3605
[RTX-GST] RTP_RX pkts=15120 meta=3611 frames_rx=3612
[RTX-GST] RTP_RX pkts=15150 meta=3618 frames_rx=3619
[RTX-GST] RTP_RX pkts=15180 meta=3624 frames_rx=3625
[RTX-GST] VIDEO frames_rx=3632 fps=7.9 assoc_ok=3247 assoc_miss=222 ctrl_sent=3247 infer_avg=0.06ms
[RTX-GST] RTP_RX pkts=15210 meta=3632 frames_rx=3633
[RTX-GST] RTP_RX pkts=15240 meta=3639 frames_rx=3640
[RTX-GST] RTP_RX pkts=15270 meta=3647 frames_rx=3648
[RTX-GST] RTP_RX pkts=15300 meta=3653 frames_rx=3654
[RTX-GST] RTP_RX pkts=15330 meta=3660 frames_rx=3662
[RTX-GST] VIDEO frames_rx=3663 fps=7.9 assoc_ok=3275 assoc_miss=224 ctrl_sent=3275 infer_avg=0.07ms
[RTX-GST] RTP_RX pkts=15360 meta=3668 frames_rx=3669
[RTX-GST] RTP_RX pkts=15390 meta=3675 frames_rx=3676
[RTX-GST] RTP_RX pkts=15420 meta=3682 frames_rx=3683
[RTX-GST] SAVED n=3300 dropped=0 recv2save_p50=0.89ms recv2save_p95=1.31ms
[RTX-GST] RTP_RX pkts=15450 meta=3689 frames_rx=3690
[RTX-GST] VIDEO frames_rx=3695 fps=8.0 assoc_ok=3305 assoc_miss=225 ctrl_sent=3305 infer_avg=0.07ms
[RTX-GST] RTP_RX pkts=15480 meta=3697 frames_rx=3697
[RTX-GST] RTP_RX pkts=15510 meta=3704 frames_rx=3704
[RTX-GST] RTP_RX pkts=15540 meta=3712 frames_rx=3712
[RTX-GST] RTP_RX pkts=15570 meta=3718 frames_rx=3718
[RTX-GST] VIDEO frames_rx=3725 fps=8.0 assoc_ok=3333 assoc_miss=228 ctrl_sent=3333 infer_avg=0.06ms
[RTX-GST] RTP_RX pkts=15600 meta=3725 frames_rx=3725
[RTX-GST] RTP_RX pkts=15630 meta=3733 frames_rx=3733
[RTX-GST] RTP_RX pkts=15660 meta=3740 frames_rx=3740
[RTX-GST] RTP_RX pkts=15690 meta=3746 frames_rx=3746
[RTX-GST] RTP_RX pkts=15720 meta=3753 frames_rx=3753
[RTX-GST] VIDEO frames_rx=3757 fps=8.1 assoc_ok=3364 assoc_miss=229 ctrl_sent=3364 infer_avg=0.07ms
[RTX-GST] RTP_RX pkts=15750 meta=3761 frames_rx=3761
[RTX-GST] RTP_RX pkts=15780 meta=3769 frames_rx=3768
[RTX-GST] RTP_RX pkts=15810 meta=3775 frames_rx=3775
[RTX-GST] RTP_RX pkts=15840 meta=3781 frames_rx=3782
[RTX-GST] VIDEO frames_rx=3786 fps=8.1 assoc_ok=3390 assoc_miss=232 ctrl_sent=3390 infer_avg=0.06ms
[RTX-GST] RTP_RX pkts=15870 meta=3789 frames_rx=3790
[RTX-GST] SAVED n=3400 dropped=0 recv2save_p50=0.87ms recv2save_p95=1.09ms
[RTX-GST] RTP_RX pkts=15900 meta=3795 frames_rx=3797
[RTX-GST] RTP_RX pkts=15930 meta=3802 frames_rx=3804
[RTX-GST] VIDEO frames_rx=3811 fps=8.2 assoc_ok=3413 assoc_miss=233 ctrl_sent=3413 infer_avg=0.07ms
[RTX-GST] RTP_RX pkts=15960 meta=3809 frames_rx=3812
[RTX-GST] RTP_RX pkts=15990 meta=3817 frames_rx=3819
[RTX-GST] RTP_RX pkts=16020 meta=3825 frames_rx=3826
[RTX-GST] RTP_RX pkts=16050 meta=3830 frames_rx=3832
[RTX-GST] RTP_RX pkts=16080 meta=3838 frames_rx=3840
[RTX-GST] RTP_RX pkts=16110 meta=3845 frames_rx=3847
[RTX-GST] VIDEO frames_rx=3849 fps=8.2 assoc_ok=3449 assoc_miss=236 ctrl_sent=3449 infer_avg=0.06ms
[RTX-GST] RTP_RX pkts=16140 meta=3853 frames_rx=3855
[RTX-GST] RTP_RX pkts=16170 meta=3860 frames_rx=3862
[RTX-GST] RTP_RX pkts=16200 meta=3866 frames_rx=3868
[RTX-GST] RTP_RX pkts=16230 meta=3874 frames_rx=3876
[RTX-GST] VIDEO frames_rx=3880 fps=8.3 assoc_ok=3477 assoc_miss=238 ctrl_sent=3477 infer_avg=0.07ms
[RTX-GST] RTP_RX pkts=16260 meta=3881 frames_rx=3883
[RTX-GST] RTP_RX pkts=16290 meta=3889 frames_rx=3891
[RTX-GST] RTP_RX pkts=16320 meta=3895 frames_rx=3897
[RTX-GST] SAVED n=3500 dropped=0 recv2save_p50=0.86ms recv2save_p95=1.07ms
[RTX-GST] RTP_RX pkts=16350 meta=3902 frames_rx=3904
[RTX-GST] VIDEO frames_rx=3911 fps=8.3 assoc_ok=3508 assoc_miss=239 ctrl_sent=3508 infer_avg=0.06ms
[RTX-GST] RTP_RX pkts=16380 meta=3910 frames_rx=3912
[RTX-GST] RTP_RX pkts=16410 meta=3917 frames_rx=3919
[RTX-GST] RTP_RX pkts=16440 meta=3923 frames_rx=3925
[RTX-GST] RTP_RX pkts=16470 meta=3931 frames_rx=3933
[RTX-GST] RTP_RX pkts=16500 meta=3939 frames_rx=3941
[RTX-GST] RTP_RX pkts=16530 meta=3946 frames_rx=3948
[RTX-GST] RTP_RX pkts=16560 meta=3953 frames_rx=3955
[RTX-GST] RTP_RX pkts=16590 meta=3960 frames_rx=3962
[RTX-GST] VIDEO frames_rx=3968 fps=8.4 assoc_ok=3535 assoc_miss=240 ctrl_sent=3535 infer_avg=0.08ms
[RTX-GST] RTP_RX pkts=16620 meta=3968 frames_rx=3970
[RTX-GST] RTP_RX pkts=16650 meta=3976 frames_rx=3978
[RTX-GST] RTP_RX pkts=16680 meta=3980 frames_rx=3983
[RTX-GST] RTP_RX pkts=16710 meta=3988 frames_rx=3991
[RTX-GST] VIDEO frames_rx=3998 fps=8.5 assoc_ok=3563 assoc_miss=242 ctrl_sent=3563 infer_avg=0.06ms
[RTX-GST] RTP_RX pkts=16740 meta=3996 frames_rx=3999
[RTX-GST] RTP_RX pkts=16770 meta=4003 frames_rx=4006
[RTX-GST] RTP_RX pkts=16800 meta=4009 frames_rx=4012
[RTX-GST] RTP_RX pkts=16830 meta=4017 frames_rx=4020
[RTX-GST] RTP_RX pkts=16860 meta=4024 frames_rx=4027
[RTX-GST] VIDEO frames_rx=4029 fps=8.5 assoc_ok=3593 assoc_miss=243 ctrl_sent=3593 infer_avg=0.06ms
[RTX-GST] RTP_RX pkts=16890 meta=4031 frames_rx=4034
[RTX-GST] SAVED n=3600 dropped=0 recv2save_p50=0.86ms recv2save_p95=1.06ms
[RTX-GST] RTP_RX pkts=16920 meta=4039 frames_rx=4042
[RTX-GST] RTP_RX pkts=16950 meta=4044 frames_rx=4047
[RTX-GST] RTP_RX pkts=16980 meta=4052 frames_rx=4055
[RTX-GST] VIDEO frames_rx=4059 fps=8.5 assoc_ok=3621 assoc_miss=245 ctrl_sent=3621 infer_avg=0.07ms
[RTX-GST] RTP_RX pkts=17010 meta=4059 frames_rx=4062
[RTX-GST] RTP_RX pkts=17040 meta=4067 frames_rx=4070
[RTX-GST] RTP_RX pkts=17070 meta=4073 frames_rx=4076
[RTX-GST] RTP_RX pkts=17100 meta=4080 frames_rx=4083
[RTX-GST] RTP_RX pkts=17130 meta=4088 frames_rx=4091
[RTX-GST] VIDEO frames_rx=4092 fps=8.6 assoc_ok=3652 assoc_miss=245 ctrl_sent=3652 infer_avg=0.08ms
[RTX-GST] RTP_RX pkts=17160 meta=4095 frames_rx=4098
[RTX-GST] RTP_RX pkts=17190 meta=4101 frames_rx=4104
[RTX-GST] RTP_RX pkts=17220 meta=4109 frames_rx=4112
[RTX-GST] RTP_RX pkts=17250 meta=4116 frames_rx=4119
[RTX-GST] VIDEO frames_rx=4124 fps=8.6 assoc_ok=3684 assoc_miss=247 ctrl_sent=3684 infer_avg=0.09ms
[RTX-GST] RTP_RX pkts=17280 meta=4123 frames_rx=4126
[RTX-GST] RTP_RX pkts=17310 meta=4130 frames_rx=4132
[RTX-GST] RTP_RX pkts=17340 meta=4136 frames_rx=4139
[RTX-GST] SAVED n=3700 dropped=0 recv2save_p50=0.87ms recv2save_p95=1.09ms
[RTX-GST] RTP_RX pkts=17370 meta=4144 frames_rx=4147
[RTX-GST] VIDEO frames_rx=4152 fps=8.7 assoc_ok=3710 assoc_miss=250 ctrl_sent=3710 infer_avg=0.07ms
[RTX-GST] RTP_RX pkts=17400 meta=4151 frames_rx=4154
[RTX-GST] RTP_RX pkts=17430 meta=4157 frames_rx=4160
[RTX-GST] RTP_RX pkts=17460 meta=4165 frames_rx=4168
[RTX-GST] RTP_RX pkts=17490 meta=4172 frames_rx=4175
[RTX-GST] RTP_RX pkts=17520 meta=4180 frames_rx=4183
[RTX-GST] VIDEO frames_rx=4184 fps=8.7 assoc_ok=3740 assoc_miss=252 ctrl_sent=3740 infer_avg=0.08ms
[RTX-GST] RTP_RX pkts=17550 meta=4186 frames_rx=4189
[RTX-GST] RTP_RX pkts=17580 meta=4193 frames_rx=4196
[RTX-GST] RTP_RX pkts=17610 meta=4201 frames_rx=4204
[RTX-GST] RTP_RX pkts=17640 meta=4209 frames_rx=4212
[RTX-GST] VIDEO frames_rx=4215 fps=8.8 assoc_ok=3770 assoc_miss=253 ctrl_sent=3770 infer_avg=0.08ms
[RTX-GST] RTP_RX pkts=17670 meta=4215 frames_rx=4219
[RTX-GST] RTP_RX pkts=17700 meta=4221 frames_rx=4225
[RTX-GST] RTP_RX pkts=17730 meta=4229 frames_rx=4233
[RTX-GST] RTP_RX pkts=17760 meta=4236 frames_rx=4240
[RTX-GST] VIDEO frames_rx=4246 fps=8.8 assoc_ok=3798 assoc_miss=255 ctrl_sent=3798 infer_avg=0.08ms
[RTX-GST] SAVED n=3800 dropped=0 recv2save_p50=0.89ms recv2save_p95=1.19ms
[RTX-GST] RTP_RX pkts=17790 meta=4243 frames_rx=4248
[RTX-GST] RTP_RX pkts=17820 meta=4250 frames_rx=4254
[RTX-GST] RTP_RX pkts=17850 meta=4257 frames_rx=4261
[RTX-GST] VIDEO frames_rx=4265 fps=8.8 assoc_ok=3818 assoc_miss=256 ctrl_sent=3818 infer_avg=0.09ms
[RTX-GST] RTP_RX pkts=17880 meta=4265 frames_rx=4269
[RTX-GST] RTP_RX pkts=17910 meta=4272 frames_rx=4276
[RTX-GST] RTP_RX pkts=17940 meta=4279 frames_rx=4283
[RTX-GST] RTP_RX pkts=17970 meta=4286 frames_rx=4290
[RTX-GST] RTP_RX pkts=18000 meta=4293 frames_rx=4298
[RTX-GST] VIDEO frames_rx=4305 fps=8.9 assoc_ok=3853 assoc_miss=260 ctrl_sent=3853 infer_avg=0.07ms
[RTX-GST] RTP_RX pkts=18030 meta=4300 frames_rx=4305
[RTX-GST] RTP_RX pkts=18060 meta=4307 frames_rx=4312
[RTX-GST] RTP_RX pkts=18090 meta=4314 frames_rx=4320
[RTX-GST] RTP_RX pkts=18120 meta=4322 frames_rx=4327
[RTX-GST] VIDEO frames_rx=4335 fps=9.0 assoc_ok=3881 assoc_miss=262 ctrl_sent=3881 infer_avg=0.08ms
[RTX-GST] RTP_RX pkts=18150 meta=4330 frames_rx=4335
[RTX-GST] RTP_RX pkts=18180 meta=4336 frames_rx=4341
[RTX-GST] RTP_RX pkts=18210 meta=4344 frames_rx=4349
[RTX-GST] SAVED n=3900 dropped=0 recv2save_p50=0.92ms recv2save_p95=1.19ms
[RTX-GST] RTP_RX pkts=18240 meta=4352 frames_rx=4357
[RTX-GST] RTP_RX pkts=18270 meta=4359 frames_rx=4364
[RTX-GST] VIDEO frames_rx=4366 fps=9.0 assoc_ok=3908 assoc_miss=266 ctrl_sent=3908 infer_avg=0.08ms
[RTX-GST] RTP_RX pkts=18300 meta=4365 frames_rx=4370
[RTX-GST] RTP_RX pkts=18330 meta=4372 frames_rx=4377
[RTX-GST] RTP_RX pkts=18360 meta=4380 frames_rx=4385
[RTX-GST] RTP_RX pkts=18390 meta=4388 frames_rx=4392
[RTX-GST] VIDEO frames_rx=4395 fps=9.0 assoc_ok=3935 assoc_miss=268 ctrl_sent=3935 infer_avg=0.06ms
[RTX-GST] RTP_RX pkts=18420 meta=4393 frames_rx=4397
[RTX-GST] RTP_RX pkts=18450 meta=4401 frames_rx=4405
[RTX-GST] RTP_RX pkts=18480 meta=4408 frames_rx=4413
[RTX-GST] RTP_RX pkts=18510 meta=4415 frames_rx=4420
[RTX-GST] VIDEO frames_rx=4426 fps=9.1 assoc_ok=3961 assoc_miss=272 ctrl_sent=3961 infer_avg=0.07ms
[RTX-GST] RTP_RX pkts=18540 meta=4422 frames_rx=4427
[RTX-GST] RTP_RX pkts=18570 meta=4429 frames_rx=4434
[RTX-GST] RTP_RX pkts=18600 meta=4437 frames_rx=4442
[RTX-GST] RTP_RX pkts=18630 meta=4444 frames_rx=4449
[RTX-GST] VIDEO frames_rx=4456 fps=9.1 assoc_ok=3989 assoc_miss=274 ctrl_sent=3989 infer_avg=0.07ms
[RTX-GST] RTP_RX pkts=18660 meta=4452 frames_rx=4456
[RTX-GST] RTP_RX pkts=18690 meta=4458 frames_rx=4462
[RTX-GST] SAVED n=4000 dropped=0 recv2save_p50=0.93ms recv2save_p95=1.19ms
[RTX-GST] RTP_RX pkts=18720 meta=4466 frames_rx=4470
[RTX-GST] RTP_RX pkts=18750 meta=4473 frames_rx=4477
[RTX-GST] RTP_RX pkts=18780 meta=4481 frames_rx=4485
[RTX-GST] VIDEO frames_rx=4487 fps=9.2 assoc_ok=4020 assoc_miss=275 ctrl_sent=4020 infer_avg=0.09ms
[RTX-GST] RTP_RX pkts=18810 meta=4487 frames_rx=4491
[RTX-GST] RTP_RX pkts=18840 meta=4494 frames_rx=4498
[RTX-GST] RTP_RX pkts=18870 meta=4502 frames_rx=4506
[RTX-GST] RTP_RX pkts=18900 meta=4509 frames_rx=4513
[RTX-GST] VIDEO frames_rx=4520 fps=9.2 assoc_ok=4050 assoc_miss=277 ctrl_sent=4050 infer_avg=0.08ms
[RTX-GST] RTP_RX pkts=18930 meta=4516 frames_rx=4520
[RTX-GST] RTP_RX pkts=18960 meta=4523 frames_rx=4527
[RTX-GST] RTP_RX pkts=18990 meta=4531 frames_rx=4535
[RTX-GST] RTP_RX pkts=19020 meta=4538 frames_rx=4542
[RTX-GST] RTP_RX pkts=19050 meta=4545 frames_rx=4549
[RTX-GST] VIDEO frames_rx=4549 fps=9.3 assoc_ok=4076 assoc_miss=278 ctrl_sent=4076 infer_avg=0.07ms
[RTX-GST] RTP_RX pkts=19080 meta=4552 frames_rx=4556
[RTX-GST] RTP_RX pkts=19110 meta=4559 frames_rx=4564
[RTX-GST] RTP_RX pkts=19140 meta=4566 frames_rx=4571
[RTX-GST] SAVED n=4100 dropped=0 recv2save_p50=0.95ms recv2save_p95=1.19ms
[RTX-GST] RTP_RX pkts=19170 meta=4572 frames_rx=4577
[RTX-GST] VIDEO frames_rx=4581 fps=9.3 assoc_ok=4104 assoc_miss=281 ctrl_sent=4104 infer_avg=0.10ms
[RTX-GST] RTP_RX pkts=19200 meta=4580 frames_rx=4584
[RTX-GST] RTP_RX pkts=19230 meta=4587 frames_rx=4591
[RTX-GST] RTP_RX pkts=19260 meta=4595 frames_rx=4599
[RTX-GST] RTP_RX pkts=19290 meta=4601 frames_rx=4605
[RTX-GST] VIDEO frames_rx=4609 fps=9.3 assoc_ok=4131 assoc_miss=282 ctrl_sent=4131 infer_avg=0.07ms
[RTX-GST] RTP_RX pkts=19320 meta=4608 frames_rx=4612
[RTX-GST] RTP_RX pkts=19350 meta=4616 frames_rx=4620
[RTX-GST] RTP_RX pkts=19380 meta=4623 frames_rx=4627
[RTX-GST] RTP_RX pkts=19410 meta=4631 frames_rx=4635
[RTX-GST] RTP_RX pkts=19440 meta=4637 frames_rx=4641
[RTX-GST] VIDEO frames_rx=4641 fps=9.4 assoc_ok=4161 assoc_miss=283 ctrl_sent=4161 infer_avg=0.08ms
[RTX-GST] RTP_RX pkts=19470 meta=4644 frames_rx=4648
[RTX-GST] RTP_RX pkts=19500 meta=4652 frames_rx=4655
[RTX-GST] RTP_RX pkts=19530 meta=4660 frames_rx=4663
[RTX-GST] RTP_RX pkts=19560 meta=4666 frames_rx=4669
[RTX-GST] VIDEO frames_rx=4672 fps=9.4 assoc_ok=4191 assoc_miss=284 ctrl_sent=4191 infer_avg=0.09ms
[RTX-GST] RTP_RX pkts=19590 meta=4673 frames_rx=4676
[RTX-GST] SAVED n=4200 dropped=0 recv2save_p50=0.96ms recv2save_p95=1.17ms
[RTX-GST] RTP_RX pkts=19620 meta=4681 frames_rx=4684
[RTX-GST] RTP_RX pkts=19650 meta=4688 frames_rx=4691
[RTX-GST] RTP_RX pkts=19680 meta=4694 frames_rx=4697
[RTX-GST] VIDEO frames_rx=4700 fps=9.5 assoc_ok=4217 assoc_miss=286 ctrl_sent=4217 infer_avg=0.09ms
[RTX-GST] RTP_RX pkts=19710 meta=4703 frames_rx=4705
[RTX-GST] RTP_RX pkts=19740 meta=4710 frames_rx=4713
[RTX-GST] RTP_RX pkts=19770 meta=4718 frames_rx=4721
[RTX-GST] RTP_RX pkts=19800 meta=4724 frames_rx=4726
[RTX-GST] VIDEO frames_rx=4731 fps=9.5 assoc_ok=4246 assoc_miss=288 ctrl_sent=4246 infer_avg=0.08ms
[RTX-GST] RTP_RX pkts=19830 meta=4732 frames_rx=4734
[RTX-GST] RTP_RX pkts=19860 meta=4739 frames_rx=4741
[RTX-GST] RTP_RX pkts=19890 meta=4747 frames_rx=4749
[RTX-GST] RTP_RX pkts=19920 meta=4753 frames_rx=4755
[RTX-GST] VIDEO frames_rx=4762 fps=9.5 assoc_ok=4275 assoc_miss=290 ctrl_sent=4275 infer_avg=0.07ms
[RTX-GST] RTP_RX pkts=19950 meta=4760 frames_rx=4762
[RTX-GST] RTP_RX pkts=19980 meta=4768 frames_rx=4770
[RTX-GST] RTP_RX pkts=20010 meta=4774 frames_rx=4777
[RTX-GST] RTP_RX pkts=20040 meta=4781 frames_rx=4784
[RTX-GST] SAVED n=4300 dropped=0 recv2save_p50=0.95ms recv2save_p95=1.13ms
[RTX-GST] RTP_RX pkts=20070 meta=4788 frames_rx=4791
[RTX-GST] VIDEO frames_rx=4794 fps=9.6 assoc_ok=4302 assoc_miss=293 ctrl_sent=4302 infer_avg=0.09ms
[RTX-GST] RTP_RX pkts=20100 meta=4796 frames_rx=4799
[RTX-GST] RTP_RX pkts=20130 meta=4803 frames_rx=4806
[RTX-GST] RTP_RX pkts=20160 meta=4810 frames_rx=4813
[RTX-GST] RTP_RX pkts=20190 meta=4817 frames_rx=4820
[RTX-GST] VIDEO frames_rx=4825 fps=9.6 assoc_ok=4333 assoc_miss=294 ctrl_sent=4333 infer_avg=0.12ms
[RTX-GST] RTP_RX pkts=20220 meta=4824 frames_rx=4828
[RTX-GST] RTP_RX pkts=20250 meta=4832 frames_rx=4835
[RTX-GST] RTP_RX pkts=20280 meta=4840 frames_rx=4842
[RTX-GST] RTP_RX pkts=20310 meta=4845 frames_rx=4847
[RTX-GST] VIDEO frames_rx=4855 fps=9.7 assoc_ok=4359 assoc_miss=298 ctrl_sent=4359 infer_avg=0.09ms
[RTX-GST] RTP_RX pkts=20340 meta=4853 frames_rx=4855
[RTX-GST] RTP_RX pkts=20370 meta=4860 frames_rx=4862
[RTX-GST] RTP_RX pkts=20400 meta=4868 frames_rx=4870
[RTX-GST] RTP_RX pkts=20430 meta=4874 frames_rx=4875
[RTX-GST] RTP_RX pkts=20460 meta=4882 frames_rx=4883
[RTX-GST] VIDEO frames_rx=4886 fps=9.7 assoc_ok=4389 assoc_miss=300 ctrl_sent=4389 infer_avg=0.07ms
[RTX-GST] RTP_RX pkts=20490 meta=4888 frames_rx=4890
[RTX-GST] SAVED n=4400 dropped=0 recv2save_p50=0.96ms recv2save_p95=1.33ms
[RTX-GST] RTP_RX pkts=20520 meta=4896 frames_rx=4898
[RTX-GST] RTP_RX pkts=20550 meta=4902 frames_rx=4904
[RTX-GST] RTP_RX pkts=20580 meta=4909 frames_rx=4911
[RTX-GST] VIDEO frames_rx=4916 fps=9.8 assoc_ok=4418 assoc_miss=301 ctrl_sent=4418 infer_avg=0.08ms
[RTX-GST] RTP_RX pkts=20610 meta=4917 frames_rx=4919
[RTX-GST] RTP_RX pkts=20640 meta=4924 frames_rx=4927
[RTX-GST] RTP_RX pkts=20670 meta=4930 frames_rx=4932
[RTX-GST] RTP_RX pkts=20700 meta=4938 frames_rx=4940
[RTX-GST] VIDEO frames_rx=4947 fps=9.8 assoc_ok=4445 assoc_miss=303 ctrl_sent=4445 infer_avg=0.08ms
[RTX-GST] RTP_RX pkts=20730 meta=4945 frames_rx=4947
[RTX-GST] RTP_RX pkts=20760 meta=4953 frames_rx=4955
[RTX-GST] RTP_RX pkts=20790 meta=4959 frames_rx=4960
[RTX-GST] RTP_RX pkts=20820 meta=4967 frames_rx=4969
[RTX-GST] VIDEO frames_rx=4977 fps=9.8 assoc_ok=4469 assoc_miss=305 ctrl_sent=4469 infer_avg=0.10ms
[RTX-GST] RTP_RX pkts=20850 meta=4975 frames_rx=4977
[RTX-GST] RTP_RX pkts=20880 meta=4982 frames_rx=4984
[RTX-GST] RTP_RX pkts=20910 meta=4988 frames_rx=4990
[RTX-GST] RTP_RX pkts=20940 meta=4996 frames_rx=4997
[RTX-GST] RTP_RX pkts=20970 meta=5003 frames_rx=5005
[RTX-GST] VIDEO frames_rx=5008 fps=9.9 assoc_ok=4494 assoc_miss=307 ctrl_sent=4494 infer_avg=0.07ms
[RTX-GST] RTP_RX pkts=21000 meta=5011 frames_rx=5013
[RTX-GST] SAVED n=4500 dropped=0 recv2save_p50=0.97ms recv2save_p95=1.35ms
[RTX-GST] RTP_RX pkts=21030 meta=5018 frames_rx=5020
[RTX-GST] RTP_RX pkts=21060 meta=5024 frames_rx=5026
[RTX-GST] RTP_RX pkts=21090 meta=5032 frames_rx=5034
[RTX-GST] VIDEO frames_rx=5039 fps=9.9 assoc_ok=4522 assoc_miss=310 ctrl_sent=4522 infer_avg=0.09ms
[RTX-GST] RTP_RX pkts=21120 meta=5040 frames_rx=5042
[RTX-GST] RTP_RX pkts=21150 meta=5047 frames_rx=5049
[RTX-GST] RTP_RX pkts=21180 meta=5055 frames_rx=5055
[RTX-GST] RTP_RX pkts=21210 meta=5060 frames_rx=5063
[RTX-GST] RTP_RX pkts=21240 meta=5067 frames_rx=5070
[RTX-GST] VIDEO frames_rx=5071 fps=10.0 assoc_ok=4548 assoc_miss=315 ctrl_sent=4548 infer_avg=0.08ms
[RTX-GST] RTP_RX pkts=21270 meta=5075 frames_rx=5078
[RTX-GST] RTP_RX pkts=21300 meta=5080 frames_rx=5083
[RTX-GST] RTP_RX pkts=21330 meta=5087 frames_rx=5091
[RTX-GST] RTP_RX pkts=21360 meta=5095 frames_rx=5099
[RTX-GST] VIDEO frames_rx=5101 fps=10.0 assoc_ok=4572 assoc_miss=320 ctrl_sent=4572 infer_avg=0.09ms
[RTX-GST] RTP_RX pkts=21390 meta=5102 frames_rx=5106
[RTX-GST] RTP_RX pkts=21420 meta=5109 frames_rx=5113
[RTX-GST] RTP_RX pkts=21450 meta=5116 frames_rx=5120
[RTX-GST] RTP_RX pkts=21480 meta=5124 frames_rx=5128
[RTX-GST] VIDEO frames_rx=5131 fps=10.0 assoc_ok=4586 assoc_miss=323 ctrl_sent=4586 infer_avg=0.09ms
[RTX-GST] RTP_RX pkts=21510 meta=5131 frames_rx=5135
[RTX-GST] RTP_RX pkts=21540 meta=5138 frames_rx=5141
[RTX-GST] SAVED n=4600 dropped=0 recv2save_p50=0.97ms recv2save_p95=1.37ms
[RTX-GST] RTP_RX pkts=21570 meta=5145 frames_rx=5148
[RTX-GST] RTP_RX pkts=21600 meta=5153 frames_rx=5156
[RTX-GST] VIDEO frames_rx=5161 fps=10.1 assoc_ok=4617 assoc_miss=323 ctrl_sent=4617 infer_avg=0.06ms
[RTX-GST] RTP_RX pkts=21630 meta=5160 frames_rx=5163
[RTX-GST] RTP_RX pkts=21660 meta=5167 frames_rx=5170
[RTX-GST] RTP_RX pkts=21690 meta=5175 frames_rx=5178
[RTX-GST] RTP_RX pkts=21720 meta=5182 frames_rx=5185
[RTX-GST] VIDEO frames_rx=5192 fps=10.1 assoc_ok=4643 assoc_miss=327 ctrl_sent=4643 infer_avg=0.08ms
[RTX-GST] RTP_RX pkts=21750 meta=5190 frames_rx=5193
[RTX-GST] RTP_RX pkts=21780 meta=5196 frames_rx=5199
[RTX-GST] RTP_RX pkts=21810 meta=5203 frames_rx=5206
[RTX-GST] RTP_RX pkts=21840 meta=5211 frames_rx=5214
[RTX-GST] RTP_RX pkts=21870 meta=5219 frames_rx=5222
[RTX-GST] VIDEO frames_rx=5224 fps=10.2 assoc_ok=4673 assoc_miss=327 ctrl_sent=4673 infer_avg=0.06ms
[RTX-GST] RTP_RX pkts=21900 meta=5226 frames_rx=5229
[RTX-GST] RTP_RX pkts=21930 meta=5232 frames_rx=5235
[RTX-GST] RTP_RX pkts=21960 meta=5239 frames_rx=5242
[RTX-GST] RTP_RX pkts=21990 meta=5247 frames_rx=5250
[RTX-GST] SAVED n=4700 dropped=0 recv2save_p50=0.96ms recv2save_p95=1.35ms
[RTX-GST] VIDEO frames_rx=5253 fps=10.2 assoc_ok=4702 assoc_miss=328 ctrl_sent=4702 infer_avg=0.06ms
[RTX-GST] RTP_RX pkts=22020 meta=5255 frames_rx=5257
[RTX-GST] RTP_RX pkts=22050 meta=5261 frames_rx=5263
[RTX-GST] RTP_RX pkts=22080 meta=5268 frames_rx=5270
[RTX-GST] RTP_RX pkts=22110 meta=5276 frames_rx=5278
[RTX-GST] VIDEO frames_rx=5285 fps=10.2 assoc_ok=4734 assoc_miss=329 ctrl_sent=4734 infer_avg=0.07ms
[RTX-GST] RTP_RX pkts=22140 meta=5284 frames_rx=5286
[RTX-GST] RTP_RX pkts=22170 meta=5289 frames_rx=5291
[RTX-GST] RTP_RX pkts=22200 meta=5297 frames_rx=5299
[RTX-GST] RTP_RX pkts=22230 meta=5305 frames_rx=5307
[RTX-GST] RTP_RX pkts=22260 meta=5311 frames_rx=5314
[RTX-GST] VIDEO frames_rx=5316 fps=10.3 assoc_ok=4762 assoc_miss=330 ctrl_sent=4762 infer_avg=0.07ms
[RTX-GST] RTP_RX pkts=22290 meta=5318 frames_rx=5320
[RTX-GST] RTP_RX pkts=22320 meta=5324 frames_rx=5327
[RTX-GST] RTP_RX pkts=22350 meta=5332 frames_rx=5335
[RTX-GST] RTP_RX pkts=22380 meta=5339 frames_rx=5342
[RTX-GST] VIDEO frames_rx=5346 fps=10.3 assoc_ok=4789 assoc_miss=333 ctrl_sent=4789 infer_avg=0.07ms
[RTX-GST] RTP_RX pkts=22410 meta=5344 frames_rx=5348
[RTX-GST] RTP_RX pkts=22440 meta=5352 frames_rx=5356
[RTX-GST] SAVED n=4800 dropped=0 recv2save_p50=0.96ms recv2save_p95=1.37ms
[RTX-GST] RTP_RX pkts=22470 meta=5360 frames_rx=5364
[RTX-GST] RTP_RX pkts=22500 meta=5368 frames_rx=5372
[RTX-GST] VIDEO frames_rx=5377 fps=10.4 assoc_ok=4816 assoc_miss=336 ctrl_sent=4816 infer_avg=0.07ms
[RTX-GST] RTP_RX pkts=22530 meta=5374 frames_rx=5378
[RTX-GST] RTP_RX pkts=22560 meta=5380 frames_rx=5385
[RTX-GST] RTP_RX pkts=22590 meta=5388 frames_rx=5393
[RTX-GST] RTP_RX pkts=22620 meta=5396 frames_rx=5401
[RTX-GST] VIDEO frames_rx=5407 fps=10.4 assoc_ok=4842 assoc_miss=340 ctrl_sent=4842 infer_avg=0.06ms
[RTX-GST] RTP_RX pkts=22650 meta=5403 frames_rx=5408
[RTX-GST] RTP_RX pkts=22680 meta=5409 frames_rx=5414
[RTX-GST] RTP_RX pkts=22710 meta=5417 frames_rx=5422
[RTX-GST] RTP_RX pkts=22740 meta=5423 frames_rx=5429
[RTX-GST] VIDEO frames_rx=5437 fps=10.4 assoc_ok=4868 assoc_miss=344 ctrl_sent=4868 infer_avg=0.06ms
[RTX-GST] RTP_RX pkts=22770 meta=5431 frames_rx=5437
[RTX-GST] RTP_RX pkts=22800 meta=5436 frames_rx=5443
[RTX-GST] RTP_RX pkts=22830 meta=5443 frames_rx=5450
[RTX-GST] RTP_RX pkts=22860 meta=5451 frames_rx=5458
[RTX-GST] RTP_RX pkts=22890 meta=5458 frames_rx=5465
[RTX-GST] VIDEO frames_rx=5468 fps=10.5 assoc_ok=4895 assoc_miss=346 ctrl_sent=4895 infer_avg=0.07ms
[RTX-GST] RTP_RX pkts=22920 meta=5465 frames_rx=5472
[RTX-GST] SAVED n=4900 dropped=0 recv2save_p50=0.94ms recv2save_p95=1.17ms
[RTX-GST] RTP_RX pkts=22950 meta=5472 frames_rx=5479
[RTX-GST] RTP_RX pkts=22980 meta=5480 frames_rx=5487
[RTX-GST] RTP_RX pkts=23010 meta=5487 frames_rx=5494
[RTX-GST] VIDEO frames_rx=5499 fps=10.5 assoc_ok=4926 assoc_miss=346 ctrl_sent=4926 infer_avg=0.06ms
[RTX-GST] RTP_RX pkts=23040 meta=5493 frames_rx=5500
[RTX-GST] RTP_RX pkts=23070 meta=5500 frames_rx=5507
[RTX-GST] RTP_RX pkts=23100 meta=5508 frames_rx=5515
[RTX-GST] RTP_RX pkts=23130 meta=5515 frames_rx=5522
[RTX-GST] RTP_RX pkts=23160 meta=5521 frames_rx=5528
[RTX-GST] VIDEO frames_rx=5529 fps=10.5 assoc_ok=4956 assoc_miss=346 ctrl_sent=4956 infer_avg=0.07ms
[RTX-GST] RTP_RX pkts=23190 meta=5529 frames_rx=5536
[RTX-GST] RTP_RX pkts=23220 meta=5536 frames_rx=5543
[RTX-GST] RTP_RX pkts=23250 meta=5544 frames_rx=5551
[RTX-GST] RTP_RX pkts=23280 meta=5551 frames_rx=5558
[RTX-GST] VIDEO frames_rx=5561 fps=10.6 assoc_ok=4986 assoc_miss=348 ctrl_sent=4986 infer_avg=0.06ms
[RTX-GST] RTP_RX pkts=23310 meta=5557 frames_rx=5564
[RTX-GST] RTP_RX pkts=23340 meta=5564 frames_rx=5571
[RTX-GST] SAVED n=5000 dropped=0 recv2save_p50=0.93ms recv2save_p95=1.15ms
[RTX-GST] RTP_RX pkts=23370 meta=5572 frames_rx=5579
[RTX-GST] RTP_RX pkts=23400 meta=5579 frames_rx=5586
[RTX-GST] VIDEO frames_rx=5592 fps=10.6 assoc_ok=5013 assoc_miss=351 ctrl_sent=5013 infer_avg=0.08ms
[RTX-GST] RTP_RX pkts=23430 meta=5586 frames_rx=5593
[RTX-GST] RTP_RX pkts=23460 meta=5593 frames_rx=5600
[RTX-GST] RTP_RX pkts=23490 meta=5600 frames_rx=5608
[RTX-GST] RTP_RX pkts=23520 meta=5607 frames_rx=5615
[RTX-GST] VIDEO frames_rx=5620 fps=10.7 assoc_ok=5039 assoc_miss=352 ctrl_sent=5039 infer_avg=0.09ms
[RTX-GST] RTP_RX pkts=23550 meta=5613 frames_rx=5621
[RTX-GST] RTP_RX pkts=23580 meta=5621 frames_rx=5629
[RTX-GST] RTP_RX pkts=23610 meta=5628 frames_rx=5636
[RTX-GST] RTP_RX pkts=23640 meta=5636 frames_rx=5644
[RTX-GST] VIDEO frames_rx=5650 fps=10.7 assoc_ok=5068 assoc_miss=353 ctrl_sent=5068 infer_avg=0.07ms
[RTX-GST] RTP_RX pkts=23670 meta=5642 frames_rx=5650
[RTX-GST] RTP_RX pkts=23700 meta=5649 frames_rx=5657
[RTX-GST] RTP_RX pkts=23730 meta=5657 frames_rx=5665
[RTX-GST] RTP_RX pkts=23760 meta=5664 frames_rx=5672
[RTX-GST] RTP_RX pkts=23790 meta=5670 frames_rx=5678
[RTX-GST] VIDEO frames_rx=5679 fps=10.7 assoc_ok=5094 assoc_miss=356 ctrl_sent=5094 infer_avg=0.07ms
[RTX-GST] SAVED n=5100 dropped=0 recv2save_p50=0.93ms recv2save_p95=1.15ms
[RTX-GST] RTP_RX pkts=23820 meta=5677 frames_rx=5686
[RTX-GST] RTP_RX pkts=23850 meta=5684 frames_rx=5693
[RTX-GST] RTP_RX pkts=23880 meta=5692 frames_rx=5701
[RTX-GST] RTP_RX pkts=23910 meta=5699 frames_rx=5708
[RTX-GST] VIDEO frames_rx=5714 fps=10.8 assoc_ok=5128 assoc_miss=357 ctrl_sent=5128 infer_avg=0.08ms
[RTX-GST] RTP_RX pkts=23940 meta=5705 frames_rx=5715
[RTX-GST] RTP_RX pkts=23970 meta=5713 frames_rx=5722
[RTX-GST] RTP_RX pkts=24000 meta=5720 frames_rx=5729
[RTX-GST] RTP_RX pkts=24030 meta=5728 frames_rx=5737
[RTX-GST] RTP_RX pkts=24060 meta=5734 frames_rx=5743
[RTX-GST] VIDEO frames_rx=5745 fps=10.8 assoc_ok=5158 assoc_miss=358 ctrl_sent=5158 infer_avg=0.06ms
[RTX-GST] RTP_RX pkts=24090 meta=5741 frames_rx=5750
[RTX-GST] RTP_RX pkts=24120 meta=5750 frames_rx=5757
[RTX-GST] RTP_RX pkts=24150 meta=5756 frames_rx=5765
[RTX-GST] RTP_RX pkts=24180 meta=5762 frames_rx=5771
[RTX-GST] VIDEO frames_rx=5776 fps=10.8 assoc_ok=5182 assoc_miss=363 ctrl_sent=5182 infer_avg=0.06ms
[RTX-GST] RTP_RX pkts=24210 meta=5770 frames_rx=5779
[RTX-GST] RTP_RX pkts=24240 meta=5777 frames_rx=5787
[RTX-GST] RTP_RX pkts=24270 meta=5785 frames_rx=5794
[RTX-GST] SAVED n=5200 dropped=0 recv2save_p50=0.95ms recv2save_p95=1.15ms
[RTX-GST] VIDEO frames_rx=5800 fps=10.9 assoc_ok=5202 assoc_miss=365 ctrl_sent=5202 infer_avg=0.05ms
[RTX-GST] RTP_RX pkts=24300 meta=5790 frames_rx=5800
[RTX-GST] RTP_RX pkts=24330 meta=5798 frames_rx=5807
[RTX-GST] RTP_RX pkts=24360 meta=5806 frames_rx=5815
[RTX-GST] RTP_RX pkts=24390 meta=5814 frames_rx=5823
[RTX-GST] VIDEO frames_rx=5829 fps=10.9 assoc_ok=5217 assoc_miss=368 ctrl_sent=5217 infer_avg=0.06ms
[RTX-GST] RTP_RX pkts=24420 meta=5820 frames_rx=5829
[RTX-GST] RTP_RX pkts=24450 meta=5827 frames_rx=5837
[RTX-GST] RTP_RX pkts=24480 meta=5835 frames_rx=5844
[RTX-GST] RTP_RX pkts=24510 meta=5842 frames_rx=5851
[RTX-GST] RTP_RX pkts=24540 meta=5847 frames_rx=5857
[RTX-GST] VIDEO frames_rx=5864 fps=10.9 assoc_ok=5244 assoc_miss=372 ctrl_sent=5244 infer_avg=0.13ms
[RTX-GST] RTP_RX pkts=24570 meta=5854 frames_rx=5865
[RTX-GST] RTP_RX pkts=24600 meta=5862 frames_rx=5872
[RTX-GST] RTP_RX pkts=24630 meta=5869 frames_rx=5880
[RTX-GST] RTP_RX pkts=24660 meta=5875 frames_rx=5886
[RTX-GST] RTP_RX pkts=24690 meta=5882 frames_rx=5893
[RTX-GST] RTP_RX pkts=24720 meta=5890 frames_rx=5901
[RTX-GST] VIDEO frames_rx=5903 fps=11.0 assoc_ok=5281 assoc_miss=375 ctrl_sent=5281 infer_avg=0.09ms
[RTX-GST] RTP_RX pkts=24750 meta=5898 frames_rx=5909
[RTX-GST] RTP_RX pkts=24780 meta=5905 frames_rx=5916
[RTX-GST] RTP_RX pkts=24810 meta=5911 frames_rx=5922
[RTX-GST] SAVED n=5300 dropped=0 recv2save_p50=0.97ms recv2save_p95=1.43ms
[RTX-GST] RTP_RX pkts=24840 meta=5919 frames_rx=5930
[RTX-GST] VIDEO frames_rx=5934 fps=11.0 assoc_ok=5309 assoc_miss=377 ctrl_sent=5309 infer_avg=0.11ms
[RTX-GST] RTP_RX pkts=24870 meta=5926 frames_rx=5937
[RTX-GST] RTP_RX pkts=24900 meta=5934 frames_rx=5945
[RTX-GST] RTP_RX pkts=24930 meta=5939 frames_rx=5951
[RTX-GST] RTP_RX pkts=24960 meta=5947 frames_rx=5959
[RTX-GST] VIDEO frames_rx=5966 fps=11.1 assoc_ok=5338 assoc_miss=380 ctrl_sent=5338 infer_avg=0.08ms
[RTX-GST] RTP_RX pkts=24990 meta=5954 frames_rx=5966
[RTX-GST] RTP_RX pkts=25020 meta=5962 frames_rx=5974
[RTX-GST] RTP_RX pkts=25050 meta=5969 frames_rx=5981
[RTX-GST] RTP_RX pkts=25080 meta=5976 frames_rx=5988
[RTX-GST] RTP_RX pkts=25110 meta=5983 frames_rx=5996
[RTX-GST] VIDEO frames_rx=5997 fps=11.1 assoc_ok=5364 assoc_miss=384 ctrl_sent=5364 infer_avg=0.06ms
[RTX-GST] RTP_RX pkts=25140 meta=5991 frames_rx=6004
[RTX-GST] RTP_RX pkts=25170 meta=5997 frames_rx=6010
[RTX-GST] RTP_RX pkts=25200 meta=6004 frames_rx=6017
[RTX-GST] RTP_RX pkts=25230 meta=6012 frames_rx=6025
[RTX-GST] VIDEO frames_rx=6027 fps=11.1 assoc_ok=5393 assoc_miss=385 ctrl_sent=5393 infer_avg=0.07ms
[RTX-GST] RTP_RX pkts=25260 meta=6019 frames_rx=6032
[RTX-GST] SAVED n=5400 dropped=0 recv2save_p50=0.99ms recv2save_p95=1.45ms
[RTX-GST] RTP_RX pkts=25290 meta=6025 frames_rx=6038
[RTX-GST] RTP_RX pkts=25320 meta=6033 frames_rx=6046
[RTX-GST] RTP_RX pkts=25350 meta=6040 frames_rx=6053
[RTX-GST] VIDEO frames_rx=6058 fps=11.2 assoc_ok=5421 assoc_miss=388 ctrl_sent=5421 infer_avg=0.08ms
[RTX-GST] RTP_RX pkts=25380 meta=6049 frames_rx=6061
[RTX-GST] RTP_RX pkts=25410 meta=6054 frames_rx=6067
[RTX-GST] RTP_RX pkts=25440 meta=6062 frames_rx=6075
[RTX-GST] RTP_RX pkts=25470 meta=6069 frames_rx=6082
[RTX-GST] VIDEO frames_rx=6088 fps=11.2 assoc_ok=5447 assoc_miss=390 ctrl_sent=5447 infer_avg=0.07ms
[RTX-GST] RTP_RX pkts=25500 meta=6076 frames_rx=6090
[RTX-GST] RTP_RX pkts=25530 meta=6082 frames_rx=6096
[RTX-GST] RTP_RX pkts=25560 meta=6089 frames_rx=6103
[RTX-GST] RTP_RX pkts=25590 meta=6097 frames_rx=6111
[RTX-GST] VIDEO frames_rx=6118 fps=11.2 assoc_ok=5474 assoc_miss=393 ctrl_sent=5474 infer_avg=0.08ms
[RTX-GST] RTP_RX pkts=25620 meta=6103 frames_rx=6118
[RTX-GST] RTP_RX pkts=25650 meta=6111 frames_rx=6126
[RTX-GST] RTP_RX pkts=25680 meta=6117 frames_rx=6132
[RTX-GST] RTP_RX pkts=25710 meta=6124 frames_rx=6139
[RTX-GST] RTP_RX pkts=25740 meta=6132 frames_rx=6147
[RTX-GST] VIDEO frames_rx=6148 fps=11.3 assoc_ok=5500 assoc_miss=397 ctrl_sent=5500 infer_avg=0.07ms
[RTX-GST] SAVED n=5500 dropped=0 recv2save_p50=0.99ms recv2save_p95=1.44ms
[RTX-GST] RTP_RX pkts=25770 meta=6140 frames_rx=6155
[RTX-GST] RTP_RX pkts=25800 meta=6145 frames_rx=6160
[RTX-GST] RTP_RX pkts=25830 meta=6152 frames_rx=6168
[RTX-GST] RTP_RX pkts=25860 meta=6160 frames_rx=6176
[RTX-GST] VIDEO frames_rx=6178 fps=11.3 assoc_ok=5528 assoc_miss=399 ctrl_sent=5528 infer_avg=0.07ms
[RTX-GST] RTP_RX pkts=25890 meta=6167 frames_rx=6183
[RTX-GST] RTP_RX pkts=25920 meta=6173 frames_rx=6189
[RTX-GST] RTP_RX pkts=25950 meta=6181 frames_rx=6197
[RTX-GST] RTP_RX pkts=25980 meta=6188 frames_rx=6204
[RTX-GST] VIDEO frames_rx=6210 fps=11.4 assoc_ok=5556 assoc_miss=402 ctrl_sent=5556 infer_avg=0.06ms
[RTX-GST] RTP_RX pkts=26010 meta=6196 frames_rx=6211
[RTX-GST] RTP_RX pkts=26040 meta=6202 frames_rx=6217
[RTX-GST] RTP_RX pkts=26070 meta=6210 frames_rx=6225
[RTX-GST] RTP_RX pkts=26100 meta=6216 frames_rx=6232
[RTX-GST] RTP_RX pkts=26130 meta=6224 frames_rx=6240
[RTX-GST] VIDEO frames_rx=6241 fps=11.4 assoc_ok=5586 assoc_miss=403 ctrl_sent=5586 infer_avg=0.07ms
[RTX-GST] RTP_RX pkts=26160 meta=6230 frames_rx=6246
[RTX-GST] RTP_RX pkts=26190 meta=6237 frames_rx=6253
[RTX-GST] SAVED n=5600 dropped=0 recv2save_p50=0.99ms recv2save_p95=1.44ms
[RTX-GST] RTP_RX pkts=26220 meta=6245 frames_rx=6261
[RTX-GST] RTP_RX pkts=26250 meta=6252 frames_rx=6268
[RTX-GST] RTP_RX pkts=26280 meta=6259 frames_rx=6275
[RTX-GST] VIDEO frames_rx=6280 fps=11.4 assoc_ok=5619 assoc_miss=405 ctrl_sent=5619 infer_avg=0.07ms
[RTX-GST] RTP_RX pkts=26310 meta=6265 frames_rx=6281
[RTX-GST] RTP_RX pkts=26340 meta=6271 frames_rx=6289
[RTX-GST] RTP_RX pkts=26370 meta=6279 frames_rx=6296
[RTX-GST] RTP_RX pkts=26400 meta=6285 frames_rx=6304
[RTX-GST] VIDEO frames_rx=6310 fps=11.5 assoc_ok=5633 assoc_miss=407 ctrl_sent=5633 infer_avg=0.07ms
[RTX-GST] RTP_RX pkts=26430 meta=6291 frames_rx=6310
[RTX-GST] RTP_RX pkts=26460 meta=6298 frames_rx=6316
[RTX-GST] RTP_RX pkts=26490 meta=6306 frames_rx=6324
[RTX-GST] RTP_RX pkts=26520 meta=6313 frames_rx=6331
[RTX-GST] RTP_RX pkts=26550 meta=6319 frames_rx=6337
[RTX-GST] VIDEO frames_rx=6340 fps=11.5 assoc_ok=5660 assoc_miss=409 ctrl_sent=5660 infer_avg=0.08ms
[RTX-GST] RTP_RX pkts=26580 meta=6326 frames_rx=6344
[RTX-GST] RTP_RX pkts=26610 meta=6334 frames_rx=6352
[RTX-GST] RTP_RX pkts=26640 meta=6341 frames_rx=6359
[RTX-GST] RTP_RX pkts=26670 meta=6347 frames_rx=6365
[RTX-GST] VIDEO frames_rx=6373 fps=11.5 assoc_ok=5690 assoc_miss=411 ctrl_sent=5690 infer_avg=0.08ms
[RTX-GST] RTP_RX pkts=26700 meta=6355 frames_rx=6373
[RTX-GST] RTP_RX pkts=26730 meta=6363 frames_rx=6380
[RTX-GST] SAVED n=5700 dropped=0 recv2save_p50=0.99ms recv2save_p95=1.44ms
[RTX-GST] RTP_RX pkts=26760 meta=6370 frames_rx=6387
[RTX-GST] RTP_RX pkts=26790 meta=6376 frames_rx=6394
[RTX-GST] RTP_RX pkts=26820 meta=6384 frames_rx=6401
[RTX-GST] VIDEO frames_rx=6403 fps=11.6 assoc_ok=5719 assoc_miss=411 ctrl_sent=5719 infer_avg=0.07ms
[RTX-GST] RTP_RX pkts=26850 meta=6392 frames_rx=6409
[RTX-GST] RTP_RX pkts=26880 meta=6399 frames_rx=6416
[RTX-GST] RTP_RX pkts=26910 meta=6405 frames_rx=6422
[RTX-GST] RTP_RX pkts=26940 meta=6412 frames_rx=6429
[RTX-GST] VIDEO frames_rx=6434 fps=11.6 assoc_ok=5744 assoc_miss=416 ctrl_sent=5744 infer_avg=0.08ms
[RTX-GST] RTP_RX pkts=26970 meta=6420 frames_rx=6437
[RTX-GST] RTP_RX pkts=27000 meta=6428 frames_rx=6445
[RTX-GST] RTP_RX pkts=27030 meta=6435 frames_rx=6452
[RTX-GST] RTP_RX pkts=27060 meta=6441 frames_rx=6458
[RTX-GST] VIDEO frames_rx=6464 fps=11.6 assoc_ok=5774 assoc_miss=417 ctrl_sent=5774 infer_avg=0.07ms
[RTX-GST] RTP_RX pkts=27090 meta=6449 frames_rx=6466
[RTX-GST] RTP_RX pkts=27120 meta=6457 frames_rx=6474
[RTX-GST] RTP_RX pkts=27150 meta=6464 frames_rx=6481
[RTX-GST] RTP_RX pkts=27180 meta=6470 frames_rx=6486
[RTX-GST] SAVED n=5800 dropped=0 recv2save_p50=0.96ms recv2save_p95=1.19ms
[RTX-GST] VIDEO frames_rx=6493 fps=11.7 assoc_ok=5804 assoc_miss=417 ctrl_sent=5804 infer_avg=0.07ms
[RTX-GST] RTP_RX pkts=27210 meta=6478 frames_rx=6494
[RTX-GST] RTP_RX pkts=27240 meta=6485 frames_rx=6501
[RTX-GST] RTP_RX pkts=27270 meta=6493 frames_rx=6509
[RTX-GST] RTP_RX pkts=27300 meta=6499 frames_rx=6515
[RTX-GST] RTP_RX pkts=27330 meta=6507 frames_rx=6522
[RTX-GST] VIDEO frames_rx=6523 fps=11.7 assoc_ok=5834 assoc_miss=417 ctrl_sent=5834 infer_avg=0.07ms
[RTX-GST] RTP_RX pkts=27360 meta=6515 frames_rx=6530
[RTX-GST] RTP_RX pkts=27390 meta=6521 frames_rx=6537
[RTX-GST] RTP_RX pkts=27420 meta=6527 frames_rx=6543
[RTX-GST] RTP_RX pkts=27450 meta=6535 frames_rx=6552
[RTX-GST] RTP_RX pkts=27480 meta=6543 frames_rx=6559
[RTX-GST] VIDEO frames_rx=6563 fps=11.7 assoc_ok=5858 assoc_miss=417 ctrl_sent=5858 infer_avg=0.07ms
[RTX-GST] RTP_RX pkts=27510 meta=6549 frames_rx=6566
[RTX-GST] RTP_RX pkts=27540 meta=6555 frames_rx=6572
[RTX-GST] RTP_RX pkts=27570 meta=6562 frames_rx=6580
[RTX-GST] RTP_RX pkts=27600 meta=6570 frames_rx=6587
[RTX-GST] VIDEO frames_rx=6592 fps=11.8 assoc_ok=5885 assoc_miss=419 ctrl_sent=5885 infer_avg=0.07ms
[RTX-GST] RTP_RX pkts=27630 meta=6579 frames_rx=6593
[RTX-GST] RTP_RX pkts=27660 meta=6584 frames_rx=6600
[RTX-GST] RTP_RX pkts=27690 meta=6592 frames_rx=6606
[RTX-GST] SAVED n=5900 dropped=0 recv2save_p50=0.95ms recv2save_p95=1.17ms
[RTX-GST] RTP_RX pkts=27720 meta=6599 frames_rx=6613
[RTX-GST] VIDEO frames_rx=6619 fps=11.8 assoc_ok=5907 assoc_miss=423 ctrl_sent=5907 infer_avg=0.10ms
[RTX-GST] RTP_RX pkts=27750 meta=6607 frames_rx=6620
[RTX-GST] RTP_RX pkts=27780 meta=6614 frames_rx=6627
[RTX-GST] RTP_RX pkts=27810 meta=6620 frames_rx=6633
[RTX-GST] RTP_RX pkts=27840 meta=6628 frames_rx=6641
[RTX-GST] RTP_RX pkts=27870 meta=6634 frames_rx=6648
[RTX-GST] RTP_RX pkts=27900 meta=6642 frames_rx=6656
[RTX-GST] VIDEO frames_rx=6658 fps=11.8 assoc_ok=5931 assoc_miss=424 ctrl_sent=5931 infer_avg=0.09ms
[RTX-GST] RTP_RX pkts=27930 meta=6648 frames_rx=6662
[RTX-GST] RTP_RX pkts=27960 meta=6655 frames_rx=6669
[RTX-GST] RTP_RX pkts=27990 meta=6663 frames_rx=6677
[RTX-GST] RTP_RX pkts=28020 meta=6670 frames_rx=6684
[RTX-GST] VIDEO frames_rx=6689 fps=11.9 assoc_ok=5957 assoc_miss=427 ctrl_sent=5957 infer_avg=0.11ms
[RTX-GST] RTP_RX pkts=28050 meta=6676 frames_rx=6690
[RTX-GST] RTP_RX pkts=28080 meta=6684 frames_rx=6698
[RTX-GST] RTP_RX pkts=28110 meta=6691 frames_rx=6705
[RTX-GST] RTP_RX pkts=28140 meta=6699 frames_rx=6713
[RTX-GST] RTP_RX pkts=28170 meta=6705 frames_rx=6719
[RTX-GST] VIDEO frames_rx=6720 fps=11.9 assoc_ok=5987 assoc_miss=428 ctrl_sent=5987 infer_avg=0.09ms
[RTX-GST] RTP_RX pkts=28200 meta=6713 frames_rx=6727
[RTX-GST] RTP_RX pkts=28230 meta=6720 frames_rx=6734
[RTX-GST] SAVED n=6000 dropped=0 recv2save_p50=0.94ms recv2save_p95=1.17ms
[RTX-GST] RTP_RX pkts=28260 meta=6728 frames_rx=6741
[RTX-GST] RTP_RX pkts=28290 meta=6734 frames_rx=6747
[RTX-GST] VIDEO frames_rx=6748 fps=11.9 assoc_ok=6014 assoc_miss=430 ctrl_sent=6014 infer_avg=0.08ms
[RTX-GST] RTP_RX pkts=28320 meta=6741 frames_rx=6755
[RTX-GST] RTP_RX pkts=28350 meta=6749 frames_rx=6763
[RTX-GST] RTP_RX pkts=28380 meta=6756 frames_rx=6770
[RTX-GST] RTP_RX pkts=28410 meta=6762 frames_rx=6776
[RTX-GST] VIDEO frames_rx=6777 fps=12.0 assoc_ok=6041 assoc_miss=431 ctrl_sent=6041 infer_avg=0.08ms
[RTX-GST] RTP_RX pkts=28440 meta=6769 frames_rx=6782
[RTX-GST] RTP_RX pkts=28470 meta=6777 frames_rx=6790
[RTX-GST] RTP_RX pkts=28500 meta=6784 frames_rx=6798
[RTX-GST] RTP_RX pkts=28530 meta=6790 frames_rx=6804
[RTX-GST] VIDEO frames_rx=6809 fps=12.0 assoc_ok=6071 assoc_miss=433 ctrl_sent=6071 infer_avg=0.08ms
[RTX-GST] RTP_RX pkts=28560 meta=6798 frames_rx=6811
[RTX-GST] RTP_RX pkts=28590 meta=6805 frames_rx=6818
[RTX-GST] RTP_RX pkts=28620 meta=6813 frames_rx=6826
[RTX-GST] RTP_RX pkts=28650 meta=6820 frames_rx=6833
[RTX-GST] VIDEO frames_rx=6840 fps=12.0 assoc_ok=6098 assoc_miss=437 ctrl_sent=6098 infer_avg=0.10ms
[RTX-GST] RTP_RX pkts=28680 meta=6827 frames_rx=6840
[RTX-GST] SAVED n=6100 dropped=0 recv2save_p50=0.95ms recv2save_p95=1.26ms
[RTX-GST] RTP_RX pkts=28710 meta=6834 frames_rx=6847
[RTX-GST] RTP_RX pkts=28740 meta=6842 frames_rx=6855
[RTX-GST] RTP_RX pkts=28770 meta=6849 frames_rx=6862
[RTX-GST] RTP_RX pkts=28800 meta=6855 frames_rx=6868
[RTX-GST] VIDEO frames_rx=6871 fps=12.1 assoc_ok=6110 assoc_miss=440 ctrl_sent=6110 infer_avg=0.12ms
[RTX-GST] RTP_RX pkts=28830 meta=6863 frames_rx=6876
[RTX-GST] RTP_RX pkts=28860 meta=6870 frames_rx=6883
[RTX-GST] RTP_RX pkts=28890 meta=6877 frames_rx=6891
[RTX-GST] RTP_RX pkts=28920 meta=6883 frames_rx=6897
[RTX-GST] VIDEO frames_rx=6901 fps=12.1 assoc_ok=6138 assoc_miss=442 ctrl_sent=6138 infer_avg=0.14ms
[RTX-GST] RTP_RX pkts=28950 meta=6891 frames_rx=6904
[RTX-GST] RTP_RX pkts=28980 meta=6898 frames_rx=6911
[RTX-GST] RTP_RX pkts=29010 meta=6905 frames_rx=6918
[RTX-GST] VIDEO frames_rx=6923 fps=12.1 assoc_ok=6159 assoc_miss=443 ctrl_sent=6159 infer_avg=0.15ms
[RTX-GST] RTP_RX pkts=29040 meta=6911 frames_rx=6924
[RTX-GST] RTP_RX pkts=29070 meta=6919 frames_rx=6932
[RTX-GST] RTP_RX pkts=29100 meta=6926 frames_rx=6940
[RTX-GST] RTP_RX pkts=29130 meta=6934 frames_rx=6947
[RTX-GST] RTP_RX pkts=29160 meta=6940 frames_rx=6953
[RTX-GST] RTP_RX pkts=29190 meta=6948 frames_rx=6961
[RTX-GST] VIDEO frames_rx=6964 fps=12.2 assoc_ok=6196 assoc_miss=444 ctrl_sent=6196 infer_avg=0.07ms
[RTX-GST] SAVED n=6200 dropped=0 recv2save_p50=0.97ms recv2save_p95=1.40ms
[RTX-GST] RTP_RX pkts=29220 meta=6955 frames_rx=6968
[RTX-GST] RTP_RX pkts=29250 meta=6963 frames_rx=6976
[RTX-GST] RTP_RX pkts=29280 meta=6970 frames_rx=6981
[RTX-GST] RTP_RX pkts=29310 meta=6977 frames_rx=6989
[RTX-GST] VIDEO frames_rx=6995 fps=12.2 assoc_ok=6212 assoc_miss=446 ctrl_sent=6212 infer_avg=0.07ms
[RTX-GST] RTP_RX pkts=29340 meta=6985 frames_rx=6997
[RTX-GST] RTP_RX pkts=29370 meta=6992 frames_rx=7004
[RTX-GST] RTP_RX pkts=29400 meta=6999 frames_rx=7011
[RTX-GST] RTP_RX pkts=29430 meta=7006 frames_rx=7018
[RTX-GST] VIDEO frames_rx=7026 fps=12.2 assoc_ok=6242 assoc_miss=447 ctrl_sent=6242 infer_avg=0.08ms
[RTX-GST] RTP_RX pkts=29460 meta=7014 frames_rx=7026
[RTX-GST] RTP_RX pkts=29490 meta=7021 frames_rx=7033
[RTX-GST] RTP_RX pkts=29520 meta=7029 frames_rx=7041
[RTX-GST] RTP_RX pkts=29550 meta=7034 frames_rx=7046
[RTX-GST] RTP_RX pkts=29580 meta=7042 frames_rx=7053
[RTX-GST] VIDEO frames_rx=7055 fps=12.3 assoc_ok=6270 assoc_miss=448 ctrl_sent=6270 infer_avg=0.08ms
[RTX-GST] RTP_RX pkts=29610 meta=7050 frames_rx=7061
[RTX-GST] RTP_RX pkts=29640 meta=7057 frames_rx=7069
[RTX-GST] RTP_RX pkts=29670 meta=7063 frames_rx=7074
[RTX-GST] RTP_RX pkts=29700 meta=7071 frames_rx=7081
[RTX-GST] VIDEO frames_rx=7086 fps=12.3 assoc_ok=6300 assoc_miss=448 ctrl_sent=6300 infer_avg=0.08ms
[RTX-GST] SAVED n=6300 dropped=0 recv2save_p50=0.99ms recv2save_p95=1.40ms
[RTX-GST] RTP_RX pkts=29730 meta=7078 frames_rx=7089
[RTX-GST] RTP_RX pkts=29760 meta=7086 frames_rx=7097
[RTX-GST] RTP_RX pkts=29790 meta=7092 frames_rx=7103
[RTX-GST] RTP_RX pkts=29820 meta=7099 frames_rx=7110
[RTX-GST] VIDEO frames_rx=7116 fps=12.3 assoc_ok=6324 assoc_miss=451 ctrl_sent=6324 infer_avg=0.08ms
[RTX-GST] RTP_RX pkts=29850 meta=7107 frames_rx=7118
[RTX-GST] RTP_RX pkts=29880 meta=7115 frames_rx=7125
[RTX-GST] RTP_RX pkts=29910 meta=7120 frames_rx=7131
[RTX-GST] RTP_RX pkts=29940 meta=7128 frames_rx=7139
[RTX-GST] RTP_RX pkts=29970 meta=7135 frames_rx=7146
[RTX-GST] VIDEO frames_rx=7147 fps=12.3 assoc_ok=6353 assoc_miss=454 ctrl_sent=6353 infer_avg=0.08ms
[RTX-GST] RTP_RX pkts=30000 meta=7144 frames_rx=7155
[RTX-GST] RTP_RX pkts=30030 meta=7149 frames_rx=7160
[RTX-GST] RTP_RX pkts=30060 meta=7157 frames_rx=7168
[RTX-GST] RTP_RX pkts=30090 meta=7164 frames_rx=7175
[RTX-GST] VIDEO frames_rx=7178 fps=12.4 assoc_ok=6383 assoc_miss=455 ctrl_sent=6383 infer_avg=0.07ms
[RTX-GST] RTP_RX pkts=30120 meta=7172 frames_rx=7183
[RTX-GST] RTP_RX pkts=30150 meta=7179 frames_rx=7190
[RTX-GST] SAVED n=6400 dropped=0 recv2save_p50=0.98ms recv2save_p95=1.41ms
[RTX-GST] RTP_RX pkts=30180 meta=7185 frames_rx=7196
[RTX-GST] RTP_RX pkts=30210 meta=7193 frames_rx=7204
[RTX-GST] VIDEO frames_rx=7209 fps=12.4 assoc_ok=6412 assoc_miss=457 ctrl_sent=6412 infer_avg=0.11ms
[RTX-GST] RTP_RX pkts=30240 meta=7201 frames_rx=7211
[RTX-GST] RTP_RX pkts=30270 meta=7208 frames_rx=7219
[RTX-GST] RTP_RX pkts=30300 meta=7213 frames_rx=7225
[RTX-GST] RTP_RX pkts=30330 meta=7220 frames_rx=7232
[RTX-GST] VIDEO frames_rx=7240 fps=12.4 assoc_ok=6441 assoc_miss=459 ctrl_sent=6441 infer_avg=0.13ms
[RTX-GST] RTP_RX pkts=30360 meta=7228 frames_rx=7240
[RTX-GST] RTP_RX pkts=30390 meta=7235 frames_rx=7247
[RTX-GST] RTP_RX pkts=30420 meta=7241 frames_rx=7253
[RTX-GST] RTP_RX pkts=30450 meta=7249 frames_rx=7261
[RTX-GST] RTP_RX pkts=30480 meta=7256 frames_rx=7268
[RTX-GST] RTP_RX pkts=30510 meta=7264 frames_rx=7275
[RTX-GST] VIDEO frames_rx=7280 fps=12.5 assoc_ok=6467 assoc_miss=460 ctrl_sent=6467 infer_avg=0.08ms
[RTX-GST] RTP_RX pkts=30540 meta=7270 frames_rx=7281
[RTX-GST] RTP_RX pkts=30570 meta=7278 frames_rx=7289
[RTX-GST] RTP_RX pkts=30600 meta=7285 frames_rx=7296
[RTX-GST] RTP_RX pkts=30630 meta=7292 frames_rx=7303
[RTX-GST] RTP_RX pkts=30660 meta=7299 frames_rx=7308
[RTX-GST] VIDEO frames_rx=7311 fps=12.5 assoc_ok=6498 assoc_miss=462 ctrl_sent=6498 infer_avg=0.07ms
[RTX-GST] SAVED n=6500 dropped=0 recv2save_p50=0.99ms recv2save_p95=1.43ms
[RTX-GST] RTP_RX pkts=30690 meta=7305 frames_rx=7315
[RTX-GST] RTP_RX pkts=30720 meta=7313 frames_rx=7323
[RTX-GST] RTP_RX pkts=30750 meta=7320 frames_rx=7330
[RTX-GST] RTP_RX pkts=30780 meta=7327 frames_rx=7337
[RTX-GST] VIDEO frames_rx=7344 fps=12.5 assoc_ok=6528 assoc_miss=465 ctrl_sent=6528 infer_avg=0.08ms
[RTX-GST] RTP_RX pkts=30810 meta=7334 frames_rx=7344
[RTX-GST] RTP_RX pkts=30840 meta=7341 frames_rx=7352
[RTX-GST] RTP_RX pkts=30870 meta=7347 frames_rx=7359
[RTX-GST] RTP_RX pkts=30900 meta=7355 frames_rx=7367
[RTX-GST] VIDEO frames_rx=7373 fps=12.6 assoc_ok=6554 assoc_miss=468 ctrl_sent=6554 infer_avg=0.08ms
[RTX-GST] RTP_RX pkts=30930 meta=7361 frames_rx=7373
[RTX-GST] RTP_RX pkts=30960 meta=7369 frames_rx=7381
[RTX-GST] RTP_RX pkts=30990 meta=7376 frames_rx=7388
[RTX-GST] RTP_RX pkts=31020 meta=7383 frames_rx=7396
[RTX-GST] VIDEO frames_rx=7401 fps=12.6 assoc_ok=6580 assoc_miss=471 ctrl_sent=6580 infer_avg=0.08ms
[RTX-GST] RTP_RX pkts=31050 meta=7389 frames_rx=7401
[RTX-GST] RTP_RX pkts=31080 meta=7396 frames_rx=7408
[RTX-GST] RTP_RX pkts=31110 meta=7403 frames_rx=7416
[RTX-GST] SAVED n=6600 dropped=0 recv2save_p50=0.96ms recv2save_p95=1.40ms
[RTX-GST] RTP_RX pkts=31140 meta=7409 frames_rx=7424
[RTX-GST] RTP_RX pkts=31170 meta=7415 frames_rx=7430
[RTX-GST] VIDEO frames_rx=7435 fps=12.6 assoc_ok=6611 assoc_miss=474 ctrl_sent=6611 infer_avg=0.08ms
[RTX-GST] RTP_RX pkts=31200 meta=7423 frames_rx=7438
[RTX-GST] RTP_RX pkts=31230 meta=7431 frames_rx=7445
[RTX-GST] RTP_RX pkts=31260 meta=7438 frames_rx=7453
[RTX-GST] RTP_RX pkts=31290 meta=7444 frames_rx=7459
[RTX-GST] RTP_RX pkts=31320 meta=7450 frames_rx=7466
[RTX-GST] VIDEO frames_rx=7467 fps=12.7 assoc_ok=6640 assoc_miss=477 ctrl_sent=6640 infer_avg=0.06ms
[RTX-GST] RTP_RX pkts=31350 meta=7458 frames_rx=7474
[RTX-GST] RTP_RX pkts=31380 meta=7464 frames_rx=7481
[RTX-GST] RTP_RX pkts=31410 meta=7470 frames_rx=7487
[RTX-GST] RTP_RX pkts=31440 meta=7478 frames_rx=7495
[RTX-GST] VIDEO frames_rx=7497 fps=12.7 assoc_ok=6668 assoc_miss=478 ctrl_sent=6668 infer_avg=0.06ms
[RTX-GST] RTP_RX pkts=31470 meta=7486 frames_rx=7502
[RTX-GST] RTP_RX pkts=31500 meta=7493 frames_rx=7509
[RTX-GST] RTP_RX pkts=31530 meta=7499 frames_rx=7515
[RTX-GST] RTP_RX pkts=31560 meta=7507 frames_rx=7523
[RTX-GST] VIDEO frames_rx=7528 fps=12.7 assoc_ok=6699 assoc_miss=479 ctrl_sent=6699 infer_avg=0.07ms
[RTX-GST] SAVED n=6700 dropped=0 recv2save_p50=0.95ms recv2save_p95=1.26ms
[RTX-GST] RTP_RX pkts=31590 meta=7514 frames_rx=7530
[RTX-GST] RTP_RX pkts=31620 meta=7522 frames_rx=7538
[RTX-GST] RTP_RX pkts=31650 meta=7529 frames_rx=7545
[RTX-GST] RTP_RX pkts=31680 meta=7535 frames_rx=7551
[RTX-GST] RTP_RX pkts=31710 meta=7542 frames_rx=7558
[RTX-GST] VIDEO frames_rx=7559 fps=12.8 assoc_ok=6728 assoc_miss=481 ctrl_sent=6728 infer_avg=0.07ms
[RTX-GST] RTP_RX pkts=31740 meta=7550 frames_rx=7566
[RTX-GST] RTP_RX pkts=31770 meta=7558 frames_rx=7574
[RTX-GST] RTP_RX pkts=31800 meta=7564 frames_rx=7580
[RTX-GST] RTP_RX pkts=31830 meta=7571 frames_rx=7587
[RTX-GST] VIDEO frames_rx=7590 fps=12.8 assoc_ok=6755 assoc_miss=483 ctrl_sent=6755 infer_avg=0.14ms
[RTX-GST] RTP_RX pkts=31860 meta=7579 frames_rx=7594
[RTX-GST] RTP_RX pkts=31890 meta=7586 frames_rx=7602
[RTX-GST] RTP_RX pkts=31920 meta=7592 frames_rx=7608
[RTX-GST] RTP_RX pkts=31950 meta=7600 frames_rx=7616
[RTX-GST] VIDEO frames_rx=7620 fps=12.8 assoc_ok=6781 assoc_miss=487 ctrl_sent=6781 infer_avg=0.12ms
[RTX-GST] RTP_RX pkts=31980 meta=7608 frames_rx=7623
[RTX-GST] RTP_RX pkts=32010 meta=7615 frames_rx=7630
[RTX-GST] RTP_RX pkts=32040 meta=7621 frames_rx=7636
[RTX-GST] SAVED n=6800 dropped=0 recv2save_p50=0.98ms recv2save_p95=1.52ms
[RTX-GST] RTP_RX pkts=32070 meta=7629 frames_rx=7644
[RTX-GST] VIDEO frames_rx=7651 fps=12.8 assoc_ok=6810 assoc_miss=489 ctrl_sent=6810 infer_avg=0.09ms
[RTX-GST] RTP_RX pkts=32100 meta=7636 frames_rx=7651
[RTX-GST] RTP_RX pkts=32130 meta=7644 frames_rx=7659
[RTX-GST] RTP_RX pkts=32160 meta=7650 frames_rx=7665
[RTX-GST] RTP_RX pkts=32190 meta=7657 frames_rx=7672
[RTX-GST] VIDEO frames_rx=7676 fps=12.9 assoc_ok=6833 assoc_miss=491 ctrl_sent=6833 infer_avg=0.06ms
[RTX-GST] RTP_RX pkts=32220 meta=7665 frames_rx=7680
[RTX-GST] RTP_RX pkts=32250 meta=7673 frames_rx=7688
[RTX-GST] RTP_RX pkts=32280 meta=7679 frames_rx=7694
[RTX-GST] RTP_RX pkts=32310 meta=7686 frames_rx=7701
[RTX-GST] VIDEO frames_rx=7708 fps=12.9 assoc_ok=6862 assoc_miss=494 ctrl_sent=6862 infer_avg=0.08ms
[RTX-GST] RTP_RX pkts=32340 meta=7694 frames_rx=7709
[RTX-GST] RTP_RX pkts=32370 meta=7701 frames_rx=7716
[RTX-GST] RTP_RX pkts=32400 meta=7709 frames_rx=7724
[RTX-GST] RTP_RX pkts=32430 meta=7715 frames_rx=7730
[RTX-GST] RTP_RX pkts=32460 meta=7723 frames_rx=7738
[RTX-GST] RTP_RX pkts=32490 meta=7730 frames_rx=7745
[RTX-GST] VIDEO frames_rx=7746 fps=12.9 assoc_ok=6896 assoc_miss=495 ctrl_sent=6896 infer_avg=0.05ms
[RTX-GST] SAVED n=6900 dropped=0 recv2save_p50=1.00ms recv2save_p95=1.51ms
[RTX-GST] RTP_RX pkts=32520 meta=7738 frames_rx=7753
[RTX-GST] RTP_RX pkts=32550 meta=7744 frames_rx=7759
[RTX-GST] RTP_RX pkts=32580 meta=7751 frames_rx=7766
[RTX-GST] RTP_RX pkts=32610 meta=7759 frames_rx=7773
[RTX-GST] VIDEO frames_rx=7776 fps=13.0 assoc_ok=6926 assoc_miss=495 ctrl_sent=6926 infer_avg=0.07ms
[RTX-GST] RTP_RX pkts=32640 meta=7766 frames_rx=7780
[RTX-GST] RTP_RX pkts=32670 meta=7772 frames_rx=7786
[RTX-GST] RTP_RX pkts=32700 meta=7780 frames_rx=7794
[RTX-GST] RTP_RX pkts=32730 meta=7787 frames_rx=7801
[RTX-GST] VIDEO frames_rx=7808 fps=13.0 assoc_ok=6957 assoc_miss=496 ctrl_sent=6957 infer_avg=0.06ms
[RTX-GST] RTP_RX pkts=32760 meta=7795 frames_rx=7809
[RTX-GST] RTP_RX pkts=32790 meta=7801 frames_rx=7815
[RTX-GST] RTP_RX pkts=32820 meta=7808 frames_rx=7822
[RTX-GST] RTP_RX pkts=32850 meta=7816 frames_rx=7830
[RTX-GST] RTP_RX pkts=32880 meta=7823 frames_rx=7837
[RTX-GST] VIDEO frames_rx=7839 fps=13.0 assoc_ok=6986 assoc_miss=498 ctrl_sent=6986 infer_avg=0.07ms
[RTX-GST] RTP_RX pkts=32910 meta=7829 frames_rx=7843
[RTX-GST] RTP_RX pkts=32940 meta=7837 frames_rx=7851
[RTX-GST] SAVED n=7000 dropped=0 recv2save_p50=1.01ms recv2save_p95=1.52ms
[RTX-GST] RTP_RX pkts=32970 meta=7844 frames_rx=7858
[RTX-GST] RTP_RX pkts=33000 meta=7852 frames_rx=7866
[RTX-GST] VIDEO frames_rx=7870 fps=13.0 assoc_ok=7014 assoc_miss=500 ctrl_sent=7014 infer_avg=0.07ms
[RTX-GST] RTP_RX pkts=33030 meta=7859 frames_rx=7873
[RTX-GST] RTP_RX pkts=33060 meta=7865 frames_rx=7879
[RTX-GST] RTP_RX pkts=33090 meta=7873 frames_rx=7887
[RTX-GST] RTP_RX pkts=33120 meta=7880 frames_rx=7894
[RTX-GST] VIDEO frames_rx=7900 fps=13.1 assoc_ok=7042 assoc_miss=501 ctrl_sent=7042 infer_avg=0.08ms
[RTX-GST] RTP_RX pkts=33150 meta=7888 frames_rx=7902
[RTX-GST] RTP_RX pkts=33180 meta=7894 frames_rx=7908
[RTX-GST] RTP_RX pkts=33210 meta=7901 frames_rx=7915
[RTX-GST] RTP_RX pkts=33240 meta=7909 frames_rx=7923
[RTX-GST] VIDEO frames_rx=7930 fps=13.1 assoc_ok=7069 assoc_miss=504 ctrl_sent=7069 infer_avg=0.07ms
[RTX-GST] RTP_RX pkts=33270 meta=7917 frames_rx=7930
[RTX-GST] RTP_RX pkts=33300 meta=7923 frames_rx=7936
[RTX-GST] RTP_RX pkts=33330 meta=7930 frames_rx=7943
[RTX-GST] RTP_RX pkts=33360 meta=7938 frames_rx=7951
[RTX-GST] RTP_RX pkts=33390 meta=7945 frames_rx=7958
[RTX-GST] VIDEO frames_rx=7961 fps=13.1 assoc_ok=7097 assoc_miss=507 ctrl_sent=7097 infer_avg=0.09ms
[RTX-GST] RTP_RX pkts=33420 meta=7951 frames_rx=7964
[RTX-GST] SAVED n=7100 dropped=0 recv2save_p50=1.03ms recv2save_p95=1.53ms
[RTX-GST] RTP_RX pkts=33450 meta=7958 frames_rx=7971
[RTX-GST] RTP_RX pkts=33480 meta=7966 frames_rx=7979
[RTX-GST] RTP_RX pkts=33510 meta=7974 frames_rx=7987
[RTX-GST] VIDEO frames_rx=7992 fps=13.2 assoc_ok=7126 assoc_miss=509 ctrl_sent=7126 infer_avg=0.07ms
[RTX-GST] RTP_RX pkts=33540 meta=7979 frames_rx=7992
[RTX-GST] RTP_RX pkts=33570 meta=7987 frames_rx=8000
[RTX-GST] RTP_RX pkts=33600 meta=7994 frames_rx=8007
[RTX-GST] RTP_RX pkts=33630 meta=8002 frames_rx=8015
[RTX-GST] VIDEO frames_rx=8022 fps=13.2 assoc_ok=7155 assoc_miss=510 ctrl_sent=7155 infer_avg=0.08ms
[RTX-GST] RTP_RX pkts=33660 meta=8009 frames_rx=8022
[RTX-GST] RTP_RX pkts=33690 meta=8016 frames_rx=8029
[RTX-GST] RTP_RX pkts=33720 meta=8024 frames_rx=8037
[RTX-GST] RTP_RX pkts=33750 meta=8031 frames_rx=8044
[RTX-GST] VIDEO frames_rx=8052 fps=13.2 assoc_ok=7185 assoc_miss=510 ctrl_sent=7185 infer_avg=0.07ms
[RTX-GST] RTP_RX pkts=33780 meta=8039 frames_rx=8052
[RTX-GST] RTP_RX pkts=33810 meta=8045 frames_rx=8058
[RTX-GST] RTP_RX pkts=33840 meta=8052 frames_rx=8065
[RTX-GST] SAVED n=7200 dropped=0 recv2save_p50=1.04ms recv2save_p95=1.53ms
[RTX-GST] RTP_RX pkts=33870 meta=8060 frames_rx=8073
[RTX-GST] RTP_RX pkts=33900 meta=8067 frames_rx=8080
[RTX-GST] VIDEO frames_rx=8083 fps=13.2 assoc_ok=7216 assoc_miss=510 ctrl_sent=7216 infer_avg=0.06ms
[RTX-GST] RTP_RX pkts=33930 meta=8073 frames_rx=8086
[RTX-GST] RTP_RX pkts=33960 meta=8080 frames_rx=8093
[RTX-GST] RTP_RX pkts=33990 meta=8088 frames_rx=8101
[RTX-GST] RTP_RX pkts=34020 meta=8096 frames_rx=8109
[RTX-GST] RTP_RX pkts=34050 meta=8101 frames_rx=8114
[RTX-GST] VIDEO frames_rx=8116 fps=13.3 assoc_ok=7249 assoc_miss=510 ctrl_sent=7249 infer_avg=0.08ms
[RTX-GST] RTP_RX pkts=34080 meta=8109 frames_rx=8122
[RTX-GST] RTP_RX pkts=34110 meta=8117 frames_rx=8130
[RTX-GST] RTP_RX pkts=34140 meta=8124 frames_rx=8137
[RTX-GST] RTP_RX pkts=34170 meta=8130 frames_rx=8143
[RTX-GST] VIDEO frames_rx=8146 fps=13.3 assoc_ok=7278 assoc_miss=511 ctrl_sent=7278 infer_avg=0.07ms
[RTX-GST] RTP_RX pkts=34200 meta=8138 frames_rx=8151
[RTX-GST] RTP_RX pkts=34230 meta=8145 frames_rx=8158
[RTX-GST] RTP_RX pkts=34260 meta=8153 frames_rx=8166
[RTX-GST] SAVED n=7300 dropped=0 recv2save_p50=1.00ms recv2save_p95=1.24ms
[RTX-GST] RTP_RX pkts=34290 meta=8159 frames_rx=8172
[RTX-GST] VIDEO frames_rx=8179 fps=13.3 assoc_ok=7308 assoc_miss=512 ctrl_sent=7308 infer_avg=0.07ms
[RTX-GST] RTP_RX pkts=34320 meta=8166 frames_rx=8179
[RTX-GST] RTP_RX pkts=34350 meta=8174 frames_rx=8187
[RTX-GST] RTP_RX pkts=34380 meta=8180 frames_rx=8194
[RTX-GST] RTP_RX pkts=34410 meta=8188 frames_rx=8202
[RTX-GST] VIDEO frames_rx=8203 fps=13.3 assoc_ok=7330 assoc_miss=514 ctrl_sent=7330 infer_avg=0.07ms
[RTX-GST] RTP_RX pkts=34440 meta=8193 frames_rx=8207
[RTX-GST] RTP_RX pkts=34470 meta=8201 frames_rx=8215
[RTX-GST] RTP_RX pkts=34500 meta=8209 frames_rx=8222
[RTX-GST] RTP_RX pkts=34530 meta=8217 frames_rx=8230
[RTX-GST] RTP_RX pkts=34560 meta=8222 frames_rx=8235
[RTX-GST] VIDEO frames_rx=8238 fps=13.4 assoc_ok=7351 assoc_miss=515 ctrl_sent=7351 infer_avg=0.07ms
[RTX-GST] RTP_RX pkts=34590 meta=8230 frames_rx=8243
[RTX-GST] RTP_RX pkts=34620 meta=8238 frames_rx=8251
[RTX-GST] RTP_RX pkts=34650 meta=8245 frames_rx=8258
[RTX-GST] RTP_RX pkts=34680 meta=8251 frames_rx=8264
[RTX-GST] VIDEO frames_rx=8272 fps=13.4 assoc_ok=7380 assoc_miss=519 ctrl_sent=7380 infer_avg=0.08ms
[RTX-GST] RTP_RX pkts=34710 meta=8259 frames_rx=8272
[RTX-GST] RTP_RX pkts=34740 meta=8266 frames_rx=8279
[RTX-GST] RTP_RX pkts=34770 meta=8274 frames_rx=8287
[RTX-GST] SAVED n=7400 dropped=0 recv2save_p50=0.99ms recv2save_p95=1.25ms
[RTX-GST] RTP_RX pkts=34800 meta=8280 frames_rx=8293
[RTX-GST] RTP_RX pkts=34830 meta=8287 frames_rx=8300
[RTX-GST] VIDEO frames_rx=8302 fps=13.4 assoc_ok=7410 assoc_miss=519 ctrl_sent=7410 infer_avg=0.10ms
[RTX-GST] RTP_RX pkts=34860 meta=8295 frames_rx=8308
[RTX-GST] RTP_RX pkts=34890 meta=8302 frames_rx=8315
[RTX-GST] RTP_RX pkts=34920 meta=8308 frames_rx=8321
[RTX-GST] RTP_RX pkts=34950 meta=8316 frames_rx=8329
[RTX-GST] VIDEO frames_rx=8333 fps=13.5 assoc_ok=7436 assoc_miss=522 ctrl_sent=7436 infer_avg=0.10ms
[RTX-GST] RTP_RX pkts=34980 meta=8324 frames_rx=8337
[RTX-GST] RTP_RX pkts=35010 meta=8330 frames_rx=8344
[RTX-GST] RTP_RX pkts=35040 meta=8337 frames_rx=8351
[RTX-GST] VIDEO frames_rx=8357 fps=13.5 assoc_ok=7458 assoc_miss=524 ctrl_sent=7458 infer_avg=0.08ms
[RTX-GST] RTP_RX pkts=35070 meta=8343 frames_rx=8357
[RTX-GST] RTP_RX pkts=35100 meta=8351 frames_rx=8365
[RTX-GST] RTP_RX pkts=35130 meta=8358 frames_rx=8372
[RTX-GST] RTP_RX pkts=35160 meta=8366 frames_rx=8380
[RTX-GST] RTP_RX pkts=35190 meta=8372 frames_rx=8385
[RTX-GST] VIDEO frames_rx=8389 fps=13.5 assoc_ok=7483 assoc_miss=525 ctrl_sent=7483 infer_avg=0.13ms
[RTX-GST] RTP_RX pkts=35220 meta=8382 frames_rx=8393
[RTX-GST] RTP_RX pkts=35250 meta=8389 frames_rx=8400
[RTX-GST] SAVED n=7500 dropped=0 recv2save_p50=0.96ms recv2save_p95=1.28ms
[RTX-GST] RTP_RX pkts=35280 meta=8396 frames_rx=8407
[RTX-GST] RTP_RX pkts=35310 meta=8402 frames_rx=8413
[RTX-GST] VIDEO frames_rx=8421 fps=13.5 assoc_ok=7514 assoc_miss=527 ctrl_sent=7514 infer_avg=0.08ms
[RTX-GST] RTP_RX pkts=35340 meta=8410 frames_rx=8421
[RTX-GST] RTP_RX pkts=35370 meta=8417 frames_rx=8428
[RTX-GST] RTP_RX pkts=35400 meta=8425 frames_rx=8436
[RTX-GST] RTP_RX pkts=35430 meta=8431 frames_rx=8442
[RTX-GST] RTP_RX pkts=35460 meta=8438 frames_rx=8449
[RTX-GST] VIDEO frames_rx=8452 fps=13.6 assoc_ok=7544 assoc_miss=528 ctrl_sent=7544 infer_avg=0.08ms
[RTX-GST] RTP_RX pkts=35490 meta=8446 frames_rx=8457
[RTX-GST] RTP_RX pkts=35520 meta=8453 frames_rx=8464
[RTX-GST] RTP_RX pkts=35550 meta=8459 frames_rx=8470
[RTX-GST] RTP_RX pkts=35580 meta=8467 frames_rx=8478
[RTX-GST] VIDEO frames_rx=8484 fps=13.6 assoc_ok=7571 assoc_miss=530 ctrl_sent=7571 infer_avg=0.07ms
[RTX-GST] RTP_RX pkts=35610 meta=8473 frames_rx=8485
[RTX-GST] RTP_RX pkts=35640 meta=8481 frames_rx=8493
[RTX-GST] RTP_RX pkts=35670 meta=8487 frames_rx=8499
[RTX-GST] RTP_RX pkts=35700 meta=8494 frames_rx=8506
[RTX-GST] RTP_RX pkts=35730 meta=8503 frames_rx=8514
[RTX-GST] VIDEO frames_rx=8517 fps=13.6 assoc_ok=7598 assoc_miss=532 ctrl_sent=7598 infer_avg=0.09ms
[RTX-GST] SAVED n=7600 dropped=0 recv2save_p50=0.95ms recv2save_p95=1.31ms
[RTX-GST] RTP_RX pkts=35760 meta=8509 frames_rx=8521
[RTX-GST] RTP_RX pkts=35790 meta=8515 frames_rx=8527
[RTX-GST] RTP_RX pkts=35820 meta=8522 frames_rx=8534
[RTX-GST] RTP_RX pkts=35850 meta=8530 frames_rx=8542
[RTX-GST] RTP_RX pkts=35880 meta=8538 frames_rx=8550
[RTX-GST] VIDEO frames_rx=8556 fps=13.7 assoc_ok=7631 assoc_miss=538 ctrl_sent=7631 infer_avg=0.10ms
[RTX-GST] RTP_RX pkts=35910 meta=8545 frames_rx=8556
[RTX-GST] RTP_RX pkts=35940 meta=8552 frames_rx=8562
[RTX-GST] RTP_RX pkts=35970 meta=8558 frames_rx=8569
[RTX-GST] RTP_RX pkts=36000 meta=8566 frames_rx=8577
[RTX-GST] RTP_RX pkts=36030 meta=8573 frames_rx=8584
[RTX-GST] VIDEO frames_rx=8585 fps=13.7 assoc_ok=7656 assoc_miss=542 ctrl_sent=7656 infer_avg=0.06ms
[RTX-GST] RTP_RX pkts=36060 meta=8579 frames_rx=8590
[RTX-GST] RTP_RX pkts=36090 meta=8587 frames_rx=8598
[RTX-GST] RTP_RX pkts=36120 meta=8594 frames_rx=8605
[RTX-GST] RTP_RX pkts=36150 meta=8603 frames_rx=8614
[RTX-GST] RTP_RX pkts=36180 meta=8609 frames_rx=8620
[RTX-GST] RTP_RX pkts=36210 meta=8616 frames_rx=8627
[RTX-GST] VIDEO frames_rx=8631 fps=13.7 assoc_ok=7685 assoc_miss=544 ctrl_sent=7685 infer_avg=0.07ms
[RTX-GST] RTP_RX pkts=36240 meta=8624 frames_rx=8635
[RTX-GST] RTP_RX pkts=36270 meta=8632 frames_rx=8643
[RTX-GST] SAVED n=7700 dropped=0 recv2save_p50=0.95ms recv2save_p95=1.32ms
[RTX-GST] RTP_RX pkts=36300 meta=8638 frames_rx=8648
[RTX-GST] RTP_RX pkts=36330 meta=8646 frames_rx=8656
[RTX-GST] VIDEO frames_rx=8661 fps=13.8 assoc_ok=7703 assoc_miss=545 ctrl_sent=7703 infer_avg=0.09ms
[RTX-GST] RTP_RX pkts=36360 meta=8653 frames_rx=8663
[RTX-GST] RTP_RX pkts=36390 meta=8661 frames_rx=8671
[RTX-GST] RTP_RX pkts=36420 meta=8667 frames_rx=8676
[RTX-GST] RTP_RX pkts=36450 meta=8674 frames_rx=8683
[RTX-GST] VIDEO frames_rx=8691 fps=13.8 assoc_ok=7728 assoc_miss=548 ctrl_sent=7728 infer_avg=0.09ms
[RTX-GST] RTP_RX pkts=36480 meta=8682 frames_rx=8691
[RTX-GST] RTP_RX pkts=36510 meta=8689 frames_rx=8698
[RTX-GST] RTP_RX pkts=36540 meta=8695 frames_rx=8704
[RTX-GST] RTP_RX pkts=36570 meta=8702 frames_rx=8711
[RTX-GST] RTP_RX pkts=36600 meta=8710 frames_rx=8719
[RTX-GST] VIDEO frames_rx=8722 fps=13.8 assoc_ok=7756 assoc_miss=550 ctrl_sent=7756 infer_avg=0.06ms
[RTX-GST] RTP_RX pkts=36630 meta=8718 frames_rx=8726
[RTX-GST] RTP_RX pkts=36660 meta=8724 frames_rx=8732
[RTX-GST] RTP_RX pkts=36690 meta=8731 frames_rx=8739
[RTX-GST] RTP_RX pkts=36720 meta=8738 frames_rx=8746
[RTX-GST] VIDEO frames_rx=8751 fps=13.8 assoc_ok=7784 assoc_miss=552 ctrl_sent=7784 infer_avg=0.06ms
[RTX-GST] RTP_RX pkts=36750 meta=8746 frames_rx=8754
[RTX-GST] RTP_RX pkts=36780 meta=8753 frames_rx=8761
[RTX-GST] SAVED n=7800 dropped=0 recv2save_p50=0.97ms recv2save_p95=1.31ms
[RTX-GST] RTP_RX pkts=36810 meta=8760 frames_rx=8767
[RTX-GST] RTP_RX pkts=36840 meta=8767 frames_rx=8775
[RTX-GST] VIDEO frames_rx=8781 fps=13.9 assoc_ok=7809 assoc_miss=555 ctrl_sent=7809 infer_avg=0.09ms
[RTX-GST] RTP_RX pkts=36870 meta=8774 frames_rx=8782
[RTX-GST] RTP_RX pkts=36900 meta=8782 frames_rx=8790
[RTX-GST] RTP_RX pkts=36930 meta=8788 frames_rx=8796
[RTX-GST] RTP_RX pkts=36960 meta=8796 frames_rx=8804
[RTX-GST] RTP_RX pkts=36990 meta=8803 frames_rx=8811
[RTX-GST] VIDEO frames_rx=8812 fps=13.9 assoc_ok=7839 assoc_miss=556 ctrl_sent=7839 infer_avg=0.08ms
[RTX-GST] RTP_RX pkts=37020 meta=8811 frames_rx=8819
[RTX-GST] RTP_RX pkts=37050 meta=8818 frames_rx=8825
[RTX-GST] RTP_RX pkts=37080 meta=8825 frames_rx=8834
[RTX-GST] RTP_RX pkts=37110 meta=8833 frames_rx=8841
[RTX-GST] VIDEO frames_rx=8842 fps=13.9 assoc_ok=7868 assoc_miss=557 ctrl_sent=7868 infer_avg=0.08ms
[RTX-GST] RTP_RX pkts=37140 meta=8840 frames_rx=8849
[RTX-GST] RTP_RX pkts=37170 meta=8845 frames_rx=8855
[RTX-GST] RTP_RX pkts=37200 meta=8853 frames_rx=8863
[RTX-GST] RTP_RX pkts=37230 meta=8860 frames_rx=8871
[RTX-GST] VIDEO frames_rx=8873 fps=13.9 assoc_ok=7895 assoc_miss=560 ctrl_sent=7895 infer_avg=0.07ms
[RTX-GST] SAVED n=7900 dropped=0 recv2save_p50=1.00ms recv2save_p95=1.39ms
[RTX-GST] RTP_RX pkts=37260 meta=8868 frames_rx=8878
[RTX-GST] RTP_RX pkts=37290 meta=8874 frames_rx=8884
[RTX-GST] RTP_RX pkts=37320 meta=8881 frames_rx=8891
[RTX-GST] RTP_RX pkts=37350 meta=8889 frames_rx=8899
[RTX-GST] VIDEO frames_rx=8904 fps=14.0 assoc_ok=7925 assoc_miss=561 ctrl_sent=7925 infer_avg=0.06ms
[RTX-GST] RTP_RX pkts=37380 meta=8896 frames_rx=8906
[RTX-GST] RTP_RX pkts=37410 meta=8902 frames_rx=8912
[RTX-GST] RTP_RX pkts=37440 meta=8910 frames_rx=8920
[RTX-GST] RTP_RX pkts=37470 meta=8918 frames_rx=8927
[RTX-GST] VIDEO frames_rx=8934 fps=14.0 assoc_ok=7953 assoc_miss=562 ctrl_sent=7953 infer_avg=0.07ms
[RTX-GST] RTP_RX pkts=37500 meta=8926 frames_rx=8935
[RTX-GST] RTP_RX pkts=37530 meta=8931 frames_rx=8941
[RTX-GST] RTP_RX pkts=37560 meta=8938 frames_rx=8948
[RTX-GST] RTP_RX pkts=37590 meta=8946 frames_rx=8956
[RTX-GST] RTP_RX pkts=37620 meta=8953 frames_rx=8963
[RTX-GST] VIDEO frames_rx=8964 fps=14.0 assoc_ok=7982 assoc_miss=563 ctrl_sent=7982 infer_avg=0.08ms
[RTX-GST] RTP_RX pkts=37650 meta=8961 frames_rx=8971
[RTX-GST] RTP_RX pkts=37680 meta=8967 frames_rx=8977
[RTX-GST] SAVED n=8000 dropped=0 recv2save_p50=1.01ms recv2save_p95=1.36ms
[RTX-GST] RTP_RX pkts=37710 meta=8974 frames_rx=8984
[RTX-GST] RTP_RX pkts=37740 meta=8982 frames_rx=8992
[RTX-GST] VIDEO frames_rx=8994 fps=14.0 assoc_ok=8011 assoc_miss=564 ctrl_sent=8011 infer_avg=0.08ms
[RTX-GST] RTP_RX pkts=37770 meta=8989 frames_rx=8999
[RTX-GST] RTP_RX pkts=37800 meta=8996 frames_rx=9006
[RTX-GST] RTP_RX pkts=37830 meta=9003 frames_rx=9013
[RTX-GST] RTP_RX pkts=37860 meta=9011 frames_rx=9021
[RTX-GST] VIDEO frames_rx=9024 fps=14.1 assoc_ok=8041 assoc_miss=564 ctrl_sent=8041 infer_avg=0.07ms
[RTX-GST] RTP_RX pkts=37890 meta=9018 frames_rx=9028
[RTX-GST] RTP_RX pkts=37920 meta=9024 frames_rx=9035
[RTX-GST] RTP_RX pkts=37950 meta=9032 frames_rx=9042
[RTX-GST] RTP_RX pkts=37980 meta=9040 frames_rx=9050
[RTX-GST] VIDEO frames_rx=9056 fps=14.1 assoc_ok=8069 assoc_miss=567 ctrl_sent=8069 infer_avg=0.07ms
[RTX-GST] RTP_RX pkts=38010 meta=9047 frames_rx=9058
[RTX-GST] RTP_RX pkts=38040 meta=9055 frames_rx=9065
[RTX-GST] RTP_RX pkts=38070 meta=9062 frames_rx=9072
[RTX-GST] RTP_RX pkts=38100 meta=9070 frames_rx=9081
[RTX-GST] VIDEO frames_rx=9087 fps=14.1 assoc_ok=8097 assoc_miss=569 ctrl_sent=8097 infer_avg=0.08ms
[RTX-GST] RTP_RX pkts=38130 meta=9077 frames_rx=9088
[RTX-GST] SAVED n=8100 dropped=0 recv2save_p50=1.03ms recv2save_p95=1.31ms
[RTX-GST] RTP_RX pkts=38160 meta=9082 frames_rx=9093
[RTX-GST] RTP_RX pkts=38190 meta=9090 frames_rx=9101
[RTX-GST] RTP_RX pkts=38220 meta=9098 frames_rx=9107
[RTX-GST] VIDEO frames_rx=9115 fps=14.1 assoc_ok=8123 assoc_miss=571 ctrl_sent=8123 infer_avg=0.08ms
[RTX-GST] RTP_RX pkts=38250 meta=9106 frames_rx=9115
[RTX-GST] RTP_RX pkts=38280 meta=9112 frames_rx=9121
[RTX-GST] RTP_RX pkts=38310 meta=9119 frames_rx=9128
[RTX-GST] RTP_RX pkts=38340 meta=9127 frames_rx=9135
[RTX-GST] RTP_RX pkts=38370 meta=9135 frames_rx=9142
[RTX-GST] RTP_RX pkts=38400 meta=9141 frames_rx=9148
[RTX-GST] VIDEO frames_rx=9153 fps=14.2 assoc_ok=8156 assoc_miss=574 ctrl_sent=8156 infer_avg=0.08ms
[RTX-GST] RTP_RX pkts=38430 meta=9148 frames_rx=9155
[RTX-GST] RTP_RX pkts=38460 meta=9156 frames_rx=9163
[RTX-GST] RTP_RX pkts=38490 meta=9162 frames_rx=9170
[RTX-GST] RTP_RX pkts=38520 meta=9169 frames_rx=9177
[RTX-GST] VIDEO frames_rx=9184 fps=14.2 assoc_ok=8183 assoc_miss=578 ctrl_sent=8183 infer_avg=0.08ms
[RTX-GST] RTP_RX pkts=38550 meta=9176 frames_rx=9184
[RTX-GST] RTP_RX pkts=38580 meta=9183 frames_rx=9191
[RTX-GST] RTP_RX pkts=38610 meta=9191 frames_rx=9199
[RTX-GST] SAVED n=8200 dropped=0 recv2save_p50=1.03ms recv2save_p95=1.34ms
[RTX-GST] RTP_RX pkts=38640 meta=9198 frames_rx=9206
[RTX-GST] RTP_RX pkts=38670 meta=9204 frames_rx=9212
[RTX-GST] VIDEO frames_rx=9214 fps=14.2 assoc_ok=8211 assoc_miss=580 ctrl_sent=8211 infer_avg=0.08ms
[RTX-GST] RTP_RX pkts=38700 meta=9212 frames_rx=9220
[RTX-GST] RTP_RX pkts=38730 meta=9219 frames_rx=9227
[RTX-GST] RTP_RX pkts=38760 meta=9227 frames_rx=9235
[RTX-GST] RTP_RX pkts=38790 meta=9233 frames_rx=9240
[RTX-GST] VIDEO frames_rx=9245 fps=14.2 assoc_ok=8242 assoc_miss=580 ctrl_sent=8242 infer_avg=0.09ms
[RTX-GST] RTP_RX pkts=38820 meta=9240 frames_rx=9248
[RTX-GST] RTP_RX pkts=38850 meta=9247 frames_rx=9255
[RTX-GST] RTP_RX pkts=38880 meta=9255 frames_rx=9263
[RTX-GST] RTP_RX pkts=38910 meta=9261 frames_rx=9269
[RTX-GST] VIDEO frames_rx=9275 fps=14.3 assoc_ok=8271 assoc_miss=581 ctrl_sent=8271 infer_avg=0.08ms
[RTX-GST] RTP_RX pkts=38940 meta=9269 frames_rx=9277
[RTX-GST] RTP_RX pkts=38970 meta=9276 frames_rx=9284
[RTX-GST] RTP_RX pkts=39000 meta=9284 frames_rx=9292
[RTX-GST] RTP_RX pkts=39030 meta=9290 frames_rx=9298
[RTX-GST] SAVED n=8300 dropped=0 recv2save_p50=1.03ms recv2save_p95=1.40ms
[RTX-GST] RTP_RX pkts=39060 meta=9297 frames_rx=9305
[RTX-GST] VIDEO frames_rx=9306 fps=14.3 assoc_ok=8302 assoc_miss=581 ctrl_sent=8302 infer_avg=0.07ms
[RTX-GST] RTP_RX pkts=39090 meta=9305 frames_rx=9313
[RTX-GST] RTP_RX pkts=39120 meta=9312 frames_rx=9320
[RTX-GST] RTP_RX pkts=39150 meta=9319 frames_rx=9327
[RTX-GST] RTP_RX pkts=39180 meta=9326 frames_rx=9334
[RTX-GST] VIDEO frames_rx=9337 fps=14.3 assoc_ok=8332 assoc_miss=582 ctrl_sent=8332 infer_avg=0.07ms
[RTX-GST] RTP_RX pkts=39210 meta=9333 frames_rx=9340
[RTX-GST] RTP_RX pkts=39240 meta=9341 frames_rx=9348
[RTX-GST] RTP_RX pkts=39270 meta=9348 frames_rx=9355
[RTX-GST] RTP_RX pkts=39300 meta=9354 frames_rx=9361
[RTX-GST] VIDEO frames_rx=9365 fps=14.3 assoc_ok=8360 assoc_miss=582 ctrl_sent=8360 infer_avg=0.06ms
[RTX-GST] RTP_RX pkts=39330 meta=9362 frames_rx=9369
[RTX-GST] RTP_RX pkts=39360 meta=9369 frames_rx=9377
[RTX-GST] RTP_RX pkts=39390 meta=9377 frames_rx=9384
[RTX-GST] RTP_RX pkts=39420 meta=9383 frames_rx=9390
[RTX-GST] VIDEO frames_rx=9397 fps=14.4 assoc_ok=8389 assoc_miss=583 ctrl_sent=8389 infer_avg=0.08ms
[RTX-GST] RTP_RX pkts=39450 meta=9390 frames_rx=9397
[RTX-GST] RTP_RX pkts=39480 meta=9398 frames_rx=9405
[RTX-GST] SAVED n=8400 dropped=0 recv2save_p50=1.02ms recv2save_p95=1.35ms
[RTX-GST] RTP_RX pkts=39510 meta=9405 frames_rx=9412
[RTX-GST] RTP_RX pkts=39540 meta=9411 frames_rx=9418
[RTX-GST] RTP_RX pkts=39570 meta=9419 frames_rx=9426
[RTX-GST] VIDEO frames_rx=9427 fps=14.4 assoc_ok=8416 assoc_miss=586 ctrl_sent=8416 infer_avg=0.08ms
[RTX-GST] RTP_RX pkts=39600 meta=9426 frames_rx=9433
[RTX-GST] RTP_RX pkts=39630 meta=9433 frames_rx=9441
[RTX-GST] RTP_RX pkts=39660 meta=9439 frames_rx=9447
[RTX-GST] RTP_RX pkts=39690 meta=9447 frames_rx=9455
[RTX-GST] VIDEO frames_rx=9458 fps=14.4 assoc_ok=8443 assoc_miss=589 ctrl_sent=8443 infer_avg=0.07ms
[RTX-GST] RTP_RX pkts=39720 meta=9454 frames_rx=9462
[RTX-GST] RTP_RX pkts=39750 meta=9462 frames_rx=9470
[RTX-GST] RTP_RX pkts=39780 meta=9469 frames_rx=9476
[RTX-GST] RTP_RX pkts=39810 meta=9476 frames_rx=9483
[RTX-GST] VIDEO frames_rx=9489 fps=14.4 assoc_ok=8460 assoc_miss=591 ctrl_sent=8460 infer_avg=0.08ms
[RTX-GST] RTP_RX pkts=39840 meta=9483 frames_rx=9491
[RTX-GST] RTP_RX pkts=39870 meta=9490 frames_rx=9498
[RTX-GST] RTP_RX pkts=39900 meta=9496 frames_rx=9505
[RTX-GST] RTP_RX pkts=39930 meta=9503 frames_rx=9512
[RTX-GST] VIDEO frames_rx=9519 fps=14.5 assoc_ok=8485 assoc_miss=594 ctrl_sent=8485 infer_avg=0.07ms
[RTX-GST] RTP_RX pkts=39960 meta=9511 frames_rx=9521
[RTX-GST] RTP_RX pkts=39990 meta=9518 frames_rx=9527
[RTX-GST] SAVED n=8500 dropped=0 recv2save_p50=0.99ms recv2save_p95=1.36ms
[RTX-GST] RTP_RX pkts=40020 meta=9526 frames_rx=9535
[RTX-GST] RTP_RX pkts=40050 meta=9532 frames_rx=9541
[RTX-GST] RTP_RX pkts=40080 meta=9538 frames_rx=9548
[RTX-GST] VIDEO frames_rx=9550 fps=14.5 assoc_ok=8516 assoc_miss=594 ctrl_sent=8516 infer_avg=0.09ms
[RTX-GST] RTP_RX pkts=40110 meta=9546 frames_rx=9556
[RTX-GST] RTP_RX pkts=40140 meta=9553 frames_rx=9563
[RTX-GST] RTP_RX pkts=40170 meta=9559 frames_rx=9569
[RTX-GST] RTP_RX pkts=40200 meta=9567 frames_rx=9577
[RTX-GST] VIDEO frames_rx=9579 fps=14.5 assoc_ok=8542 assoc_miss=598 ctrl_sent=8542 infer_avg=0.08ms
[RTX-GST] RTP_RX pkts=40230 meta=9575 frames_rx=9584
[RTX-GST] RTP_RX pkts=40260 meta=9582 frames_rx=9591
[RTX-GST] RTP_RX pkts=40290 meta=9588 frames_rx=9597
[RTX-GST] RTP_RX pkts=40320 meta=9596 frames_rx=9605
[RTX-GST] VIDEO frames_rx=9610 fps=14.5 assoc_ok=8572 assoc_miss=599 ctrl_sent=8572 infer_avg=0.07ms
[RTX-GST] RTP_RX pkts=40350 meta=9603 frames_rx=9612
[RTX-GST] RTP_RX pkts=40380 meta=9612 frames_rx=9620
[RTX-GST] RTP_RX pkts=40410 meta=9617 frames_rx=9626
[RTX-GST] RTP_RX pkts=40440 meta=9625 frames_rx=9634
[RTX-GST] VIDEO frames_rx=9640 fps=14.5 assoc_ok=8599 assoc_miss=601 ctrl_sent=8599 infer_avg=0.08ms
[RTX-GST] SAVED n=8600 dropped=0 recv2save_p50=0.98ms recv2save_p95=1.36ms
[RTX-GST] RTP_RX pkts=40470 meta=9632 frames_rx=9641
[RTX-GST] RTP_RX pkts=40500 meta=9640 frames_rx=9649
[RTX-GST] RTP_RX pkts=40530 meta=9646 frames_rx=9655
[RTX-GST] RTP_RX pkts=40560 meta=9653 frames_rx=9662
[RTX-GST] VIDEO frames_rx=9670 fps=14.6 assoc_ok=8627 assoc_miss=603 ctrl_sent=8627 infer_avg=0.07ms
[RTX-GST] RTP_RX pkts=40590 meta=9661 frames_rx=9670
[RTX-GST] RTP_RX pkts=40620 meta=9668 frames_rx=9678
[RTX-GST] RTP_RX pkts=40650 meta=9675 frames_rx=9684
[RTX-GST] RTP_RX pkts=40680 meta=9682 frames_rx=9691
[RTX-GST] RTP_RX pkts=40710 meta=9689 frames_rx=9698
[RTX-GST] VIDEO frames_rx=9701 fps=14.6 assoc_ok=8654 assoc_miss=607 ctrl_sent=8654 infer_avg=0.07ms
[RTX-GST] RTP_RX pkts=40740 meta=9697 frames_rx=9706
[RTX-GST] RTP_RX pkts=40770 meta=9703 frames_rx=9713
[RTX-GST] RTP_RX pkts=40800 meta=9709 frames_rx=9719
[RTX-GST] RTP_RX pkts=40830 meta=9717 frames_rx=9726
[RTX-GST] VIDEO frames_rx=9732 fps=14.6 assoc_ok=8683 assoc_miss=609 ctrl_sent=8683 infer_avg=0.10ms
[RTX-GST] RTP_RX pkts=40860 meta=9724 frames_rx=9734
[RTX-GST] RTP_RX pkts=40890 meta=9731 frames_rx=9741
[RTX-GST] RTP_RX pkts=40920 meta=9737 frames_rx=9747
[RTX-GST] SAVED n=8700 dropped=0 recv2save_p50=0.99ms recv2save_p95=1.41ms
[RTX-GST] RTP_RX pkts=40950 meta=9745 frames_rx=9755
[RTX-GST] VIDEO frames_rx=9762 fps=14.6 assoc_ok=8711 assoc_miss=611 ctrl_sent=8711 infer_avg=0.09ms
[RTX-GST] RTP_RX pkts=40980 meta=9752 frames_rx=9762
[RTX-GST] RTP_RX pkts=41010 meta=9760 frames_rx=9770
[RTX-GST] RTP_RX pkts=41040 meta=9766 frames_rx=9776
[RTX-GST] RTP_RX pkts=41070 meta=9774 frames_rx=9784
[RTX-GST] RTP_RX pkts=41100 meta=9781 frames_rx=9791
[RTX-GST] VIDEO frames_rx=9793 fps=14.7 assoc_ok=8740 assoc_miss=613 ctrl_sent=8740 infer_avg=0.06ms
[RTX-GST] RTP_RX pkts=41130 meta=9789 frames_rx=9799
[RTX-GST] RTP_RX pkts=41160 meta=9795 frames_rx=9805
[RTX-GST] RTP_RX pkts=41190 meta=9803 frames_rx=9813
[RTX-GST] RTP_RX pkts=41220 meta=9810 frames_rx=9820
[RTX-GST] VIDEO frames_rx=9824 fps=14.7 assoc_ok=8758 assoc_miss=613 ctrl_sent=8758 infer_avg=0.08ms
[RTX-GST] RTP_RX pkts=41250 meta=9818 frames_rx=9828
[RTX-GST] RTP_RX pkts=41280 meta=9824 frames_rx=9834
[RTX-GST] RTP_RX pkts=41310 meta=9831 frames_rx=9841
[RTX-GST] RTP_RX pkts=41340 meta=9839 frames_rx=9849
[RTX-GST] VIDEO frames_rx=9854 fps=14.7 assoc_ok=8786 assoc_miss=615 ctrl_sent=8786 infer_avg=0.08ms
[RTX-GST] RTP_RX pkts=41370 meta=9846 frames_rx=9856
[RTX-GST] RTP_RX pkts=41400 meta=9854 frames_rx=9864
[RTX-GST] SAVED n=8800 dropped=0 recv2save_p50=1.00ms recv2save_p95=1.37ms
[RTX-GST] RTP_RX pkts=41430 meta=9860 frames_rx=9870
[RTX-GST] RTP_RX pkts=41460 meta=9867 frames_rx=9877
[RTX-GST] VIDEO frames_rx=9884 fps=14.7 assoc_ok=8816 assoc_miss=615 ctrl_sent=8816 infer_avg=0.08ms
[RTX-GST] RTP_RX pkts=41490 meta=9875 frames_rx=9885
[RTX-GST] RTP_RX pkts=41520 meta=9882 frames_rx=9892
[RTX-GST] RTP_RX pkts=41550 meta=9888 frames_rx=9898
[RTX-GST] RTP_RX pkts=41580 meta=9895 frames_rx=9905
[RTX-GST] VIDEO frames_rx=9908 fps=14.7 assoc_ok=8840 assoc_miss=615 ctrl_sent=8840 infer_avg=0.09ms
[RTX-GST] RTP_RX pkts=41610 meta=9903 frames_rx=9913
[RTX-GST] RTP_RX pkts=41640 meta=9911 frames_rx=9921
[RTX-GST] RTP_RX pkts=41670 meta=9917 frames_rx=9927
[RTX-GST] RTP_RX pkts=41700 meta=9924 frames_rx=9935
[RTX-GST] RTP_RX pkts=41730 meta=9932 frames_rx=9942
[RTX-GST] RTP_RX pkts=41760 meta=9940 frames_rx=9949
[RTX-GST] VIDEO frames_rx=9954 fps=14.8 assoc_ok=8868 assoc_miss=619 ctrl_sent=8868 infer_avg=0.07ms
[RTX-GST] RTP_RX pkts=41790 meta=9946 frames_rx=9955
[RTX-GST] RTP_RX pkts=41820 meta=9953 frames_rx=9962
[RTX-GST] RTP_RX pkts=41850 meta=9961 frames_rx=9970
[RTX-GST] RTP_RX pkts=41880 meta=9968 frames_rx=9977
[RTX-GST] RTP_RX pkts=41910 meta=9974 frames_rx=9983
[RTX-GST] VIDEO frames_rx=9984 fps=14.8 assoc_ok=8898 assoc_miss=619 ctrl_sent=8898 infer_avg=0.09ms
[RTX-GST] SAVED n=8900 dropped=0 recv2save_p50=1.00ms recv2save_p95=1.39ms
[RTX-GST] RTP_RX pkts=41940 meta=9982 frames_rx=9991
[RTX-GST] RTP_RX pkts=41970 meta=9989 frames_rx=9998
[RTX-GST] RTP_RX pkts=42000 meta=9997 frames_rx=10006
[RTX-GST] RTP_RX pkts=42030 meta=10004 frames_rx=10013
[RTX-GST] VIDEO frames_rx=10015 fps=14.8 assoc_ok=8924 assoc_miss=621 ctrl_sent=8924 infer_avg=0.09ms
[RTX-GST] RTP_RX pkts=42060 meta=10010 frames_rx=10019
[RTX-GST] RTP_RX pkts=42090 meta=10018 frames_rx=10027
[RTX-GST] RTP_RX pkts=42120 meta=10025 frames_rx=10034
[RTX-GST] RTP_RX pkts=42150 meta=10032 frames_rx=10041
[RTX-GST] RTP_RX pkts=42180 meta=10038 frames_rx=10047
[RTX-GST] VIDEO frames_rx=10049 fps=14.9 assoc_ok=8954 assoc_miss=625 ctrl_sent=8954 infer_avg=0.07ms
[RTX-GST] RTP_RX pkts=42210 meta=10046 frames_rx=10055
[RTX-GST] RTP_RX pkts=42240 meta=10052 frames_rx=10062
[RTX-GST] VIDEO frames_rx=10066 fps=14.9 assoc_ok=8971 assoc_miss=625 ctrl_sent=8971 infer_avg=0.08ms
[RTX-GST] RTP_RX pkts=42270 meta=10060 frames_rx=10070
[RTX-GST] RTP_RX pkts=42300 meta=10066 frames_rx=10076
[RTX-GST] RTP_RX pkts=42330 meta=10074 frames_rx=10083
[RTX-GST] RTP_RX pkts=42360 meta=10081 frames_rx=10091
[RTX-GST] RTP_RX pkts=42390 meta=10088 frames_rx=10099
[RTX-GST] RTP_RX pkts=42420 meta=10094 frames_rx=10105
[RTX-GST] SAVED n=9000 dropped=0 recv2save_p50=1.03ms recv2save_p95=1.39ms
[RTX-GST] RTP_RX pkts=42450 meta=10101 frames_rx=10112
[RTX-GST] VIDEO frames_rx=10114 fps=14.9 assoc_ok=9007 assoc_miss=634 ctrl_sent=9007 infer_avg=0.09ms
[RTX-GST] RTP_RX pkts=42480 meta=10108 frames_rx=10120
[RTX-GST] RTP_RX pkts=42510 meta=10116 frames_rx=10128
[RTX-GST] RTP_RX pkts=42540 meta=10122 frames_rx=10134
[RTX-GST] RTP_RX pkts=42570 meta=10129 frames_rx=10141
[RTX-GST] VIDEO frames_rx=10146 fps=14.9 assoc_ok=9035 assoc_miss=636 ctrl_sent=9035 infer_avg=0.06ms
[RTX-GST] RTP_RX pkts=42600 meta=10136 frames_rx=10148
[RTX-GST] RTP_RX pkts=42630 meta=10144 frames_rx=10156
[RTX-GST] RTP_RX pkts=42660 meta=10151 frames_rx=10163
[RTX-GST] RTP_RX pkts=42690 meta=10157 frames_rx=10170
[RTX-GST] VIDEO frames_rx=10177 fps=15.0 assoc_ok=9060 assoc_miss=642 ctrl_sent=9060 infer_avg=0.07ms
[RTX-GST] RTP_RX pkts=42720 meta=10165 frames_rx=10177
[RTX-GST] RTP_RX pkts=42750 meta=10172 frames_rx=10184
[RTX-GST] RTP_RX pkts=42780 meta=10180 frames_rx=10192
[RTX-GST] RTP_RX pkts=42810 meta=10186 frames_rx=10198
[RTX-GST] RTP_RX pkts=42840 meta=10194 frames_rx=10206
[RTX-GST] VIDEO frames_rx=10208 fps=15.0 assoc_ok=9091 assoc_miss=642 ctrl_sent=9091 infer_avg=0.08ms
[RTX-GST] RTP_RX pkts=42870 meta=10201 frames_rx=10212
[RTX-GST] SAVED n=9100 dropped=0 recv2save_p50=1.04ms recv2save_p95=1.40ms
[RTX-GST] RTP_RX pkts=42900 meta=10209 frames_rx=10220
[RTX-GST] RTP_RX pkts=42930 meta=10215 frames_rx=10226
[RTX-GST] RTP_RX pkts=42960 meta=10222 frames_rx=10233
[RTX-GST] VIDEO frames_rx=10238 fps=15.0 assoc_ok=9119 assoc_miss=643 ctrl_sent=9119 infer_avg=0.07ms
[RTX-GST] RTP_RX pkts=42990 meta=10230 frames_rx=10240
[RTX-GST] RTP_RX pkts=43020 meta=10237 frames_rx=10247
[RTX-GST] RTP_RX pkts=43050 meta=10244 frames_rx=10254
[RTX-GST] RTP_RX pkts=43080 meta=10251 frames_rx=10261
[RTX-GST] VIDEO frames_rx=10268 fps=15.0 assoc_ok=9146 assoc_miss=647 ctrl_sent=9146 infer_avg=0.07ms
[RTX-GST] RTP_RX pkts=43110 meta=10259 frames_rx=10269
[RTX-GST] RTP_RX pkts=43140 meta=10266 frames_rx=10276
[RTX-GST] RTP_RX pkts=43170 meta=10272 frames_rx=10282
[RTX-GST] RTP_RX pkts=43200 meta=10280 frames_rx=10290
[RTX-GST] RTP_RX pkts=43230 meta=10287 frames_rx=10297
[RTX-GST] VIDEO frames_rx=10298 fps=15.0 assoc_ok=9173 assoc_miss=649 ctrl_sent=9173 infer_avg=0.08ms
[RTX-GST] RTP_RX pkts=43260 meta=10295 frames_rx=10305
[RTX-GST] RTP_RX pkts=43290 meta=10301 frames_rx=10311
[RTX-GST] RTP_RX pkts=43320 meta=10308 frames_rx=10318
[RTX-GST] SAVED n=9200 dropped=0 recv2save_p50=1.02ms recv2save_p95=1.29ms
[RTX-GST] RTP_RX pkts=43350 meta=10316 frames_rx=10326
[RTX-GST] VIDEO frames_rx=10330 fps=15.1 assoc_ok=9203 assoc_miss=651 ctrl_sent=9203 infer_avg=0.06ms
[RTX-GST] RTP_RX pkts=43380 meta=10323 frames_rx=10333
[RTX-GST] RTP_RX pkts=43410 meta=10331 frames_rx=10341
[RTX-GST] RTP_RX pkts=43440 meta=10337 frames_rx=10347
[RTX-GST] RTP_RX pkts=43470 meta=10344 frames_rx=10354
[RTX-GST] VIDEO frames_rx=10359 fps=15.1 assoc_ok=9231 assoc_miss=652 ctrl_sent=9231 infer_avg=0.07ms
[RTX-GST] RTP_RX pkts=43500 meta=10352 frames_rx=10362
[RTX-GST] RTP_RX pkts=43530 meta=10359 frames_rx=10369
[RTX-GST] RTP_RX pkts=43560 meta=10365 frames_rx=10375
[RTX-GST] RTP_RX pkts=43590 meta=10373 frames_rx=10383
[RTX-GST] RTP_RX pkts=43620 meta=10380 frames_rx=10390
[RTX-GST] VIDEO frames_rx=10392 fps=15.1 assoc_ok=9262 assoc_miss=654 ctrl_sent=9262 infer_avg=0.07ms
[RTX-GST] RTP_RX pkts=43650 meta=10388 frames_rx=10398
[RTX-GST] RTP_RX pkts=43680 meta=10394 frames_rx=10404
[RTX-GST] RTP_RX pkts=43710 meta=10402 frames_rx=10412
[RTX-GST] VIDEO frames_rx=10413 fps=15.1 assoc_ok=9282 assoc_miss=655 ctrl_sent=9282 infer_avg=0.08ms
[RTX-GST] RTP_RX pkts=43740 meta=10409 frames_rx=10419
[RTX-GST] RTP_RX pkts=43770 meta=10417 frames_rx=10427
[RTX-GST] RTP_RX pkts=43800 meta=10423 frames_rx=10433
[RTX-GST] SAVED n=9300 dropped=0 recv2save_p50=1.00ms recv2save_p95=1.24ms
[RTX-GST] RTP_RX pkts=43830 meta=10430 frames_rx=10440
[RTX-GST] RTP_RX pkts=43860 meta=10438 frames_rx=10448
[RTX-GST] RTP_RX pkts=43890 meta=10446 frames_rx=10456
[RTX-GST] VIDEO frames_rx=10462 fps=15.2 assoc_ok=9310 assoc_miss=661 ctrl_sent=9310 infer_avg=0.07ms
[RTX-GST] RTP_RX pkts=43920 meta=10452 frames_rx=10462
[RTX-GST] RTP_RX pkts=43950 meta=10459 frames_rx=10470
[RTX-GST] RTP_RX pkts=43980 meta=10467 frames_rx=10477
[RTX-GST] RTP_RX pkts=44010 meta=10475 frames_rx=10485
[RTX-GST] RTP_RX pkts=44040 meta=10481 frames_rx=10491
[RTX-GST] VIDEO frames_rx=10495 fps=15.2 assoc_ok=9337 assoc_miss=664 ctrl_sent=9337 infer_avg=0.07ms
[RTX-GST] RTP_RX pkts=44070 meta=10488 frames_rx=10498
[RTX-GST] RTP_RX pkts=44100 meta=10495 frames_rx=10505
[RTX-GST] RTP_RX pkts=44130 meta=10503 frames_rx=10513
[RTX-GST] RTP_RX pkts=44160 meta=10510 frames_rx=10520
[RTX-GST] VIDEO frames_rx=10526 fps=15.2 assoc_ok=9367 assoc_miss=665 ctrl_sent=9367 infer_avg=0.07ms
[RTX-GST] RTP_RX pkts=44190 meta=10516 frames_rx=10526
[RTX-GST] RTP_RX pkts=44220 meta=10524 frames_rx=10534
[RTX-GST] RTP_RX pkts=44250 meta=10531 frames_rx=10541
[RTX-GST] RTP_RX pkts=44280 meta=10539 frames_rx=10549
[RTX-GST] RTP_RX pkts=44310 meta=10544 frames_rx=10554
[RTX-GST] VIDEO frames_rx=10557 fps=15.2 assoc_ok=9395 assoc_miss=668 ctrl_sent=9395 infer_avg=0.06ms
[RTX-GST] RTP_RX pkts=44340 meta=10552 frames_rx=10563
[RTX-GST] SAVED n=9400 dropped=0 recv2save_p50=0.98ms recv2save_p95=1.22ms
[RTX-GST] RTP_RX pkts=44370 meta=10559 frames_rx=10569
[RTX-GST] RTP_RX pkts=44400 meta=10567 frames_rx=10577
[RTX-GST] RTP_RX pkts=44430 meta=10573 frames_rx=10583
[RTX-GST] VIDEO frames_rx=10588 fps=15.2 assoc_ok=9420 assoc_miss=672 ctrl_sent=9420 infer_avg=0.08ms
[RTX-GST] RTP_RX pkts=44460 meta=10580 frames_rx=10590
[RTX-GST] RTP_RX pkts=44490 meta=10588 frames_rx=10598
[RTX-GST] RTP_RX pkts=44520 meta=10595 frames_rx=10605
[RTX-GST] RTP_RX pkts=44550 meta=10600 frames_rx=10611
[RTX-GST] RTP_RX pkts=44580 meta=10607 frames_rx=10618
[RTX-GST] VIDEO frames_rx=10619 fps=15.3 assoc_ok=9447 assoc_miss=674 ctrl_sent=9447 infer_avg=0.07ms
[RTX-GST] RTP_RX pkts=44610 meta=10614 frames_rx=10626
[RTX-GST] RTP_RX pkts=44640 meta=10622 frames_rx=10634
[RTX-GST] RTP_RX pkts=44670 meta=10629 frames_rx=10641
[RTX-GST] RTP_RX pkts=44700 meta=10635 frames_rx=10647
[RTX-GST] VIDEO frames_rx=10650 fps=15.3 assoc_ok=9474 assoc_miss=678 ctrl_sent=9474 infer_avg=0.07ms
[RTX-GST] RTP_RX pkts=44730 meta=10643 frames_rx=10655
[RTX-GST] RTP_RX pkts=44760 meta=10651 frames_rx=10663
[RTX-GST] RTP_RX pkts=44790 meta=10658 frames_rx=10670
[RTX-GST] RTP_RX pkts=44820 meta=10665 frames_rx=10676
[RTX-GST] SAVED n=9500 dropped=0 recv2save_p50=0.98ms recv2save_p95=1.21ms
[RTX-GST] VIDEO frames_rx=10680 fps=15.3 assoc_ok=9502 assoc_miss=678 ctrl_sent=9502 infer_avg=0.06ms
[RTX-GST] RTP_RX pkts=44850 meta=10671 frames_rx=10684
[RTX-GST] RTP_RX pkts=44880 meta=10679 frames_rx=10691
[RTX-GST] RTP_RX pkts=44910 meta=10687 frames_rx=10699
[RTX-GST] RTP_RX pkts=44940 meta=10693 frames_rx=10705
[RTX-GST] VIDEO frames_rx=10711 fps=15.3 assoc_ok=9530 assoc_miss=681 ctrl_sent=9530 infer_avg=0.06ms
[RTX-GST] RTP_RX pkts=44970 meta=10700 frames_rx=10712
[RTX-GST] RTP_RX pkts=45000 meta=10708 frames_rx=10720
[RTX-GST] RTP_RX pkts=45030 meta=10715 frames_rx=10727
[RTX-GST] RTP_RX pkts=45060 meta=10721 frames_rx=10733
[RTX-GST] RTP_RX pkts=45090 meta=10729 frames_rx=10740
[RTX-GST] VIDEO frames_rx=10741 fps=15.4 assoc_ok=9558 assoc_miss=683 ctrl_sent=9558 infer_avg=0.06ms
[RTX-GST] RTP_RX pkts=45120 meta=10737 frames_rx=10748
[RTX-GST] RTP_RX pkts=45150 meta=10744 frames_rx=10755
[RTX-GST] RTP_RX pkts=45180 meta=10751 frames_rx=10762
[RTX-GST] RTP_RX pkts=45210 meta=10758 frames_rx=10769
[RTX-GST] VIDEO frames_rx=10772 fps=15.4 assoc_ok=9587 assoc_miss=684 ctrl_sent=9587 infer_avg=0.07ms
[RTX-GST] RTP_RX pkts=45240 meta=10766 frames_rx=10777
[RTX-GST] RTP_RX pkts=45270 meta=10773 frames_rx=10784
[RTX-GST] SAVED n=9600 dropped=0 recv2save_p50=0.99ms recv2save_p95=1.25ms
[RTX-GST] RTP_RX pkts=45300 meta=10779 frames_rx=10790
[RTX-GST] RTP_RX pkts=45330 meta=10788 frames_rx=10798
[RTX-GST] VIDEO frames_rx=10802 fps=15.4 assoc_ok=9615 assoc_miss=686 ctrl_sent=9615 infer_avg=0.07ms
[RTX-GST] RTP_RX pkts=45360 meta=10795 frames_rx=10804
[RTX-GST] RTP_RX pkts=45390 meta=10803 frames_rx=10812
[RTX-GST] RTP_RX pkts=45420 meta=10808 frames_rx=10817
[RTX-GST] RTP_RX pkts=45450 meta=10815 frames_rx=10824
[RTX-GST] VIDEO frames_rx=10830 fps=15.4 assoc_ok=9643 assoc_miss=687 ctrl_sent=9643 infer_avg=0.08ms
[RTX-GST] RTP_RX pkts=45480 meta=10823 frames_rx=10832
[RTX-GST] RTP_RX pkts=45510 meta=10830 frames_rx=10839
[RTX-GST] RTP_RX pkts=45540 meta=10838 frames_rx=10847
[RTX-GST] RTP_RX pkts=45570 meta=10844 frames_rx=10853
[RTX-GST] RTP_RX pkts=45600 meta=10851 frames_rx=10860
[RTX-GST] VIDEO frames_rx=10861 fps=15.4 assoc_ok=9672 assoc_miss=689 ctrl_sent=9672 infer_avg=0.09ms
[RTX-GST] RTP_RX pkts=45630 meta=10859 frames_rx=10868
[RTX-GST] RTP_RX pkts=45660 meta=10866 frames_rx=10875
[RTX-GST] RTP_RX pkts=45690 meta=10873 frames_rx=10883
[RTX-GST] RTP_RX pkts=45720 meta=10881 frames_rx=10890
[RTX-GST] VIDEO frames_rx=10892 fps=15.5 assoc_ok=9698 assoc_miss=692 ctrl_sent=9698 infer_avg=0.10ms
[RTX-GST] SAVED n=9700 dropped=0 recv2save_p50=1.00ms recv2save_p95=1.37ms
[RTX-GST] RTP_RX pkts=45750 meta=10888 frames_rx=10897
[RTX-GST] RTP_RX pkts=45780 meta=10896 frames_rx=10905
[RTX-GST] RTP_RX pkts=45810 meta=10901 frames_rx=10910
[RTX-GST] RTP_RX pkts=45840 meta=10909 frames_rx=10918
[RTX-GST] VIDEO frames_rx=10923 fps=15.5 assoc_ok=9727 assoc_miss=694 ctrl_sent=9727 infer_avg=0.07ms
[RTX-GST] RTP_RX pkts=45870 meta=10916 frames_rx=10925
[RTX-GST] RTP_RX pkts=45900 meta=10924 frames_rx=10933
[RTX-GST] RTP_RX pkts=45930 meta=10930 frames_rx=10939
[RTX-GST] RTP_RX pkts=45960 meta=10937 frames_rx=10947
[RTX-GST] VIDEO frames_rx=10954 fps=15.5 assoc_ok=9757 assoc_miss=695 ctrl_sent=9757 infer_avg=0.07ms
[RTX-GST] RTP_RX pkts=45990 meta=10945 frames_rx=10954
[RTX-GST] RTP_RX pkts=46020 meta=10952 frames_rx=10961
[RTX-GST] RTP_RX pkts=46050 meta=10958 frames_rx=10967
[RTX-GST] RTP_RX pkts=46080 meta=10965 frames_rx=10975
[RTX-GST] RTP_RX pkts=46110 meta=10973 frames_rx=10982
[RTX-GST] VIDEO frames_rx=10984 fps=15.5 assoc_ok=9786 assoc_miss=696 ctrl_sent=9786 infer_avg=0.08ms
[RTX-GST] RTP_RX pkts=46140 meta=10981 frames_rx=10989
[RTX-GST] RTP_RX pkts=46170 meta=10988 frames_rx=10997
[RTX-GST] SAVED n=9800 dropped=0 recv2save_p50=0.99ms recv2save_p95=1.37ms
[RTX-GST] RTP_RX pkts=46200 meta=10994 frames_rx=11003
[RTX-GST] RTP_RX pkts=46230 meta=11001 frames_rx=11010
[RTX-GST] VIDEO frames_rx=11015 fps=15.5 assoc_ok=9814 assoc_miss=699 ctrl_sent=9814 infer_avg=0.08ms
[RTX-GST] RTP_RX pkts=46260 meta=11010 frames_rx=11018
[RTX-GST] RTP_RX pkts=46290 meta=11016 frames_rx=11025
[RTX-GST] RTP_RX pkts=46320 meta=11023 frames_rx=11032
[RTX-GST] RTP_RX pkts=46350 meta=11030 frames_rx=11039
[RTX-GST] VIDEO frames_rx=11046 fps=15.6 assoc_ok=9838 assoc_miss=705 ctrl_sent=9838 infer_avg=0.05ms
[RTX-GST] RTP_RX pkts=46380 meta=11038 frames_rx=11047
[RTX-GST] RTP_RX pkts=46410 meta=11044 frames_rx=11054
[RTX-GST] RTP_RX pkts=46440 meta=11050 frames_rx=11060
[RTX-GST] RTP_RX pkts=46470 meta=11058 frames_rx=11067
[RTX-GST] RTP_RX pkts=46500 meta=11065 frames_rx=11075
[RTX-GST] VIDEO frames_rx=11077 fps=15.6 assoc_ok=9860 assoc_miss=709 ctrl_sent=9860 infer_avg=0.06ms
[RTX-GST] RTP_RX pkts=46530 meta=11073 frames_rx=11083
[RTX-GST] RTP_RX pkts=46560 meta=11078 frames_rx=11088
[RTX-GST] RTP_RX pkts=46590 meta=11086 frames_rx=11096
[RTX-GST] RTP_RX pkts=46620 meta=11094 frames_rx=11104
[RTX-GST] VIDEO frames_rx=11108 fps=15.6 assoc_ok=9891 assoc_miss=709 ctrl_sent=9891 infer_avg=0.08ms
[RTX-GST] RTP_RX pkts=46650 meta=11101 frames_rx=11111
[RTX-GST] SAVED n=9900 dropped=0 recv2save_p50=1.00ms recv2save_p95=1.37ms
[RTX-GST] RTP_RX pkts=46680 meta=11107 frames_rx=11117
[RTX-GST] RTP_RX pkts=46710 meta=11115 frames_rx=11125
[RTX-GST] RTP_RX pkts=46740 meta=11123 frames_rx=11132
[RTX-GST] VIDEO frames_rx=11138 fps=15.6 assoc_ok=9920 assoc_miss=710 ctrl_sent=9920 infer_avg=0.08ms
[RTX-GST] RTP_RX pkts=46770 meta=11130 frames_rx=11140
[RTX-GST] RTP_RX pkts=46800 meta=11137 frames_rx=11146
[RTX-GST] RTP_RX pkts=46830 meta=11144 frames_rx=11153
[RTX-GST] RTP_RX pkts=46860 meta=11152 frames_rx=11161
[RTX-GST] VIDEO frames_rx=11168 fps=15.6 assoc_ok=9948 assoc_miss=711 ctrl_sent=9948 infer_avg=0.05ms
[RTX-GST] RTP_RX pkts=46890 meta=11159 frames_rx=11168
[RTX-GST] RTP_RX pkts=46920 meta=11167 frames_rx=11176
[RTX-GST] RTP_RX pkts=46950 meta=11172 frames_rx=11181
[RTX-GST] RTP_RX pkts=46980 meta=11180 frames_rx=11189
[RTX-GST] RTP_RX pkts=47010 meta=11187 frames_rx=11196
[RTX-GST] VIDEO frames_rx=11198 fps=15.7 assoc_ok=9975 assoc_miss=714 ctrl_sent=9975 infer_avg=0.06ms
[RTX-GST] RTP_RX pkts=47040 meta=11194 frames_rx=11204
[RTX-GST] RTP_RX pkts=47070 meta=11200 frames_rx=11210
[RTX-GST] RTP_RX pkts=47100 meta=11207 frames_rx=11217
[RTX-GST] RTP_RX pkts=47130 meta=11215 frames_rx=11225
[RTX-GST] SAVED n=10000 dropped=0 recv2save_p50=0.99ms recv2save_p95=1.35ms
[RTX-GST] VIDEO frames_rx=11228 fps=15.7 assoc_ok=10000 assoc_miss=715 ctrl_sent=10000 infer_avg=0.09ms
[RTX-GST] RTP_RX pkts=47160 meta=11222 frames_rx=11233
[RTX-GST] RTP_RX pkts=47190 meta=11227 frames_rx=11238
[RTX-GST] RTP_RX pkts=47220 meta=11235 frames_rx=11246
[RTX-GST] RTP_RX pkts=47250 meta=11241 frames_rx=11253
[RTX-GST] VIDEO frames_rx=11258 fps=15.7 assoc_ok=10027 assoc_miss=717 ctrl_sent=10027 infer_avg=0.09ms
[RTX-GST] RTP_RX pkts=47280 meta=11249 frames_rx=11261
[RTX-GST] RTP_RX pkts=47310 meta=11255 frames_rx=11267
[RTX-GST] RTP_RX pkts=47340 meta=11263 frames_rx=11274
[RTX-GST] RTP_RX pkts=47370 meta=11270 frames_rx=11282
[RTX-GST] VIDEO frames_rx=11290 fps=15.7 assoc_ok=10044 assoc_miss=719 ctrl_sent=10044 infer_avg=0.09ms
[RTX-GST] RTP_RX pkts=47400 meta=11278 frames_rx=11290
[RTX-GST] RTP_RX pkts=47430 meta=11284 frames_rx=11296
[RTX-GST] RTP_RX pkts=47460 meta=11292 frames_rx=11304
[RTX-GST] RTP_RX pkts=47490 meta=11299 frames_rx=11312
[RTX-GST] RTP_RX pkts=47520 meta=11306 frames_rx=11319
[RTX-GST] VIDEO frames_rx=11321 fps=15.7 assoc_ok=10069 assoc_miss=723 ctrl_sent=10069 infer_avg=0.10ms
[RTX-GST] RTP_RX pkts=47550 meta=11313 frames_rx=11326
[RTX-GST] RTP_RX pkts=47580 meta=11320 frames_rx=11333
[RTX-GST] RTP_RX pkts=47610 meta=11328 frames_rx=11340
[RTX-GST] RTP_RX pkts=47640 meta=11336 frames_rx=11347
[RTX-GST] VIDEO frames_rx=11350 fps=15.8 assoc_ok=10097 assoc_miss=724 ctrl_sent=10097 infer_avg=0.09ms
[RTX-GST] SAVED n=10100 dropped=0 recv2save_p50=0.97ms recv2save_p95=1.28ms
[RTX-GST] RTP_RX pkts=47670 meta=11343 frames_rx=11354
[RTX-GST] RTP_RX pkts=47700 meta=11349 frames_rx=11360
[RTX-GST] RTP_RX pkts=47730 meta=11357 frames_rx=11368
[RTX-GST] RTP_RX pkts=47760 meta=11364 frames_rx=11376
[RTX-GST] VIDEO frames_rx=11382 fps=15.8 assoc_ok=10127 assoc_miss=726 ctrl_sent=10127 infer_avg=0.08ms
[RTX-GST] RTP_RX pkts=47790 meta=11371 frames_rx=11382
[RTX-GST] RTP_RX pkts=47820 meta=11376 frames_rx=11388
[RTX-GST] RTP_RX pkts=47850 meta=11384 frames_rx=11396
[RTX-GST] RTP_RX pkts=47880 meta=11391 frames_rx=11403
[RTX-GST] RTP_RX pkts=47910 meta=11399 frames_rx=11411
[RTX-GST] VIDEO frames_rx=11413 fps=15.8 assoc_ok=10156 assoc_miss=729 ctrl_sent=10156 infer_avg=0.09ms
[RTX-GST] RTP_RX pkts=47940 meta=11405 frames_rx=11417
[RTX-GST] RTP_RX pkts=47970 meta=11413 frames_rx=11425
[RTX-GST] RTP_RX pkts=48000 meta=11420 frames_rx=11432
[RTX-GST] RTP_RX pkts=48030 meta=11427 frames_rx=11440
[RTX-GST] VIDEO frames_rx=11443 fps=15.8 assoc_ok=10183 assoc_miss=732 ctrl_sent=10183 infer_avg=0.09ms
[RTX-GST] RTP_RX pkts=48060 meta=11433 frames_rx=11446
[RTX-GST] RTP_RX pkts=48090 meta=11441 frames_rx=11454
[RTX-GST] SAVED n=10200 dropped=0 recv2save_p50=0.97ms recv2save_p95=1.18ms
[RTX-GST] RTP_RX pkts=48120 meta=11449 frames_rx=11462
[RTX-GST] RTP_RX pkts=48150 meta=11456 frames_rx=11469
[RTX-GST] VIDEO frames_rx=11474 fps=15.8 assoc_ok=10212 assoc_miss=734 ctrl_sent=10212 infer_avg=0.08ms
[RTX-GST] RTP_RX pkts=48180 meta=11462 frames_rx=11475
[RTX-GST] RTP_RX pkts=48210 meta=11469 frames_rx=11483
[RTX-GST] RTP_RX pkts=48240 meta=11477 frames_rx=11490
[RTX-GST] RTP_RX pkts=48270 meta=11485 frames_rx=11498
[RTX-GST] RTP_RX pkts=48300 meta=11491 frames_rx=11503
[RTX-GST] VIDEO frames_rx=11505 fps=15.9 assoc_ok=10241 assoc_miss=735 ctrl_sent=10241 infer_avg=0.08ms
[RTX-GST] RTP_RX pkts=48330 meta=11498 frames_rx=11511
[RTX-GST] RTP_RX pkts=48360 meta=11506 frames_rx=11519
[RTX-GST] RTP_RX pkts=48390 meta=11513 frames_rx=11526
[RTX-GST] RTP_RX pkts=48420 meta=11520 frames_rx=11533
[RTX-GST] VIDEO frames_rx=11534 fps=15.9 assoc_ok=10266 assoc_miss=737 ctrl_sent=10266 infer_avg=0.08ms
[RTX-GST] RTP_RX pkts=48450 meta=11527 frames_rx=11540
[RTX-GST] RTP_RX pkts=48480 meta=11534 frames_rx=11547
[RTX-GST] RTP_RX pkts=48510 meta=11541 frames_rx=11555
[RTX-GST] RTP_RX pkts=48540 meta=11548 frames_rx=11562
[RTX-GST] VIDEO frames_rx=11565 fps=15.9 assoc_ok=10295 assoc_miss=739 ctrl_sent=10295 infer_avg=0.07ms
[RTX-GST] RTP_RX pkts=48570 meta=11554 frames_rx=11568
[RTX-GST] SAVED n=10300 dropped=0 recv2save_p50=0.98ms recv2save_p95=1.19ms
[RTX-GST] RTP_RX pkts=48600 meta=11562 frames_rx=11576
[RTX-GST] RTP_RX pkts=48630 meta=11569 frames_rx=11583
[RTX-GST] RTP_RX pkts=48660 meta=11577 frames_rx=11591
[RTX-GST] RTP_RX pkts=48690 meta=11582 frames_rx=11596
[RTX-GST] VIDEO frames_rx=11599 fps=15.9 assoc_ok=10328 assoc_miss=739 ctrl_sent=10328 infer_avg=0.06ms
[RTX-GST] RTP_RX pkts=48720 meta=11591 frames_rx=11605
[RTX-GST] RTP_RX pkts=48750 meta=11597 frames_rx=11612
[RTX-GST] RTP_RX pkts=48780 meta=11605 frames_rx=11620
[RTX-GST] RTP_RX pkts=48810 meta=11611 frames_rx=11626
[RTX-GST] VIDEO frames_rx=11631 fps=15.9 assoc_ok=10357 assoc_miss=741 ctrl_sent=10357 infer_avg=0.05ms
[RTX-GST] RTP_RX pkts=48840 meta=11619 frames_rx=11633
[RTX-GST] RTP_RX pkts=48870 meta=11626 frames_rx=11640
[RTX-GST] RTP_RX pkts=48900 meta=11634 frames_rx=11648
[RTX-GST] RTP_RX pkts=48930 meta=11640 frames_rx=11654
[RTX-GST] VIDEO frames_rx=11661 fps=16.0 assoc_ok=10386 assoc_miss=743 ctrl_sent=10386 infer_avg=0.10ms
[RTX-GST] RTP_RX pkts=48960 meta=11648 frames_rx=11662
[RTX-GST] RTP_RX pkts=48990 meta=11655 frames_rx=11670
[RTX-GST] RTP_RX pkts=49020 meta=11661 frames_rx=11678
[RTX-GST] SAVED n=10400 dropped=0 recv2save_p50=0.99ms recv2save_p95=1.19ms
[RTX-GST] RTP_RX pkts=49050 meta=11667 frames_rx=11683
[RTX-GST] RTP_RX pkts=49080 meta=11674 frames_rx=11691
[RTX-GST] VIDEO frames_rx=11693 fps=16.0 assoc_ok=10410 assoc_miss=748 ctrl_sent=10410 infer_avg=0.08ms
[RTX-GST] RTP_RX pkts=49110 meta=11681 frames_rx=11699
[RTX-GST] RTP_RX pkts=49140 meta=11688 frames_rx=11706
[RTX-GST] RTP_RX pkts=49170 meta=11693 frames_rx=11712
[RTX-GST] RTP_RX pkts=49200 meta=11700 frames_rx=11720
[RTX-GST] VIDEO frames_rx=11724 fps=16.0 assoc_ok=10436 assoc_miss=753 ctrl_sent=10436 infer_avg=0.07ms
[RTX-GST] RTP_RX pkts=49230 meta=11707 frames_rx=11727
[RTX-GST] RTP_RX pkts=49260 meta=11715 frames_rx=11735
[RTX-GST] RTP_RX pkts=49290 meta=11722 frames_rx=11742
[RTX-GST] VIDEO frames_rx=11743 fps=16.0 assoc_ok=10454 assoc_miss=754 ctrl_sent=10454 infer_avg=0.09ms
[RTX-GST] RTP_RX pkts=49320 meta=11729 frames_rx=11749
[RTX-GST] RTP_RX pkts=49350 meta=11736 frames_rx=11756
[RTX-GST] RTP_RX pkts=49380 meta=11744 frames_rx=11764
[RTX-GST] RTP_RX pkts=49410 meta=11751 frames_rx=11771
[RTX-GST] RTP_RX pkts=49440 meta=11757 frames_rx=11777
[RTX-GST] VIDEO frames_rx=11785 fps=16.0 assoc_ok=10492 assoc_miss=758 ctrl_sent=10492 infer_avg=0.07ms
[RTX-GST] RTP_RX pkts=49470 meta=11765 frames_rx=11785
[RTX-GST] RTP_RX pkts=49500 meta=11772 frames_rx=11792
[RTX-GST] SAVED n=10500 dropped=0 recv2save_p50=0.98ms recv2save_p95=1.23ms
[RTX-GST] RTP_RX pkts=49530 meta=11780 frames_rx=11800
[RTX-GST] RTP_RX pkts=49560 meta=11786 frames_rx=11806
[RTX-GST] RTP_RX pkts=49590 meta=11793 frames_rx=11813
[RTX-GST] VIDEO frames_rx=11816 fps=16.1 assoc_ok=10522 assoc_miss=759 ctrl_sent=10522 infer_avg=0.08ms
[RTX-GST] RTP_RX pkts=49620 meta=11800 frames_rx=11821
[RTX-GST] RTP_RX pkts=49650 meta=11807 frames_rx=11828
[RTX-GST] RTP_RX pkts=49680 meta=11813 frames_rx=11834
[RTX-GST] RTP_RX pkts=49710 meta=11821 frames_rx=11841
[RTX-GST] VIDEO frames_rx=11846 fps=16.1 assoc_ok=10545 assoc_miss=763 ctrl_sent=10545 infer_avg=0.08ms
[RTX-GST] RTP_RX pkts=49740 meta=11829 frames_rx=11849
[RTX-GST] RTP_RX pkts=49770 meta=11837 frames_rx=11856
[RTX-GST] RTP_RX pkts=49800 meta=11842 frames_rx=11862
[RTX-GST] RTP_RX pkts=49830 meta=11850 frames_rx=11870
[RTX-GST] VIDEO frames_rx=11877 fps=16.1 assoc_ok=10575 assoc_miss=764 ctrl_sent=10575 infer_avg=0.07ms
[RTX-GST] RTP_RX pkts=49860 meta=11857 frames_rx=11877
[RTX-GST] RTP_RX pkts=49890 meta=11865 frames_rx=11885
[RTX-GST] RTP_RX pkts=49920 meta=11871 frames_rx=11891
[RTX-GST] RTP_RX pkts=49950 meta=11879 frames_rx=11899
[RTX-GST] SAVED n=10600 dropped=0 recv2save_p50=0.99ms recv2save_p95=1.30ms
[RTX-GST] RTP_RX pkts=49980 meta=11886 frames_rx=11906
[RTX-GST] VIDEO frames_rx=11908 fps=16.1 assoc_ok=10603 assoc_miss=767 ctrl_sent=10603 infer_avg=0.06ms
[RTX-GST] RTP_RX pkts=50010 meta=11894 frames_rx=11914
[RTX-GST] RTP_RX pkts=50040 meta=11901 frames_rx=11921
[RTX-GST] RTP_RX pkts=50070 meta=11907 frames_rx=11926
[RTX-GST] RTP_RX pkts=50100 meta=11915 frames_rx=11934
[RTX-GST] VIDEO frames_rx=11939 fps=16.1 assoc_ok=10634 assoc_miss=767 ctrl_sent=10634 infer_avg=0.08ms
[RTX-GST] RTP_RX pkts=50130 meta=11922 frames_rx=11941
[RTX-GST] RTP_RX pkts=50160 meta=11929 frames_rx=11949
[RTX-GST] RTP_RX pkts=50190 meta=11935 frames_rx=11955
[RTX-GST] RTP_RX pkts=50220 meta=11942 frames_rx=11962
[RTX-GST] VIDEO frames_rx=11970 fps=16.2 assoc_ok=10661 assoc_miss=771 ctrl_sent=10661 infer_avg=0.07ms
[RTX-GST] RTP_RX pkts=50250 meta=11950 frames_rx=11970
[RTX-GST] RTP_RX pkts=50280 meta=11958 frames_rx=11977
[RTX-GST] RTP_RX pkts=50310 meta=11964 frames_rx=11983
[RTX-GST] RTP_RX pkts=50340 meta=11972 frames_rx=11991
[RTX-GST] RTP_RX pkts=50370 meta=11979 frames_rx=11998
[RTX-GST] VIDEO frames_rx=12001 fps=16.2 assoc_ok=10690 assoc_miss=773 ctrl_sent=10690 infer_avg=0.09ms
[RTX-GST] RTP_RX pkts=50400 meta=11987 frames_rx=12005
[RTX-GST] RTP_RX pkts=50430 meta=11993 frames_rx=12011
[RTX-GST] SAVED n=10700 dropped=0 recv2save_p50=0.99ms recv2save_p95=1.30ms
[RTX-GST] RTP_RX pkts=50460 meta=12000 frames_rx=12018
[RTX-GST] RTP_RX pkts=50490 meta=12008 frames_rx=12026
[RTX-GST] VIDEO frames_rx=12032 fps=16.2 assoc_ok=10720 assoc_miss=774 ctrl_sent=10720 infer_avg=0.06ms
[RTX-GST] RTP_RX pkts=50520 meta=12015 frames_rx=12033
[RTX-GST] RTP_RX pkts=50550 meta=12021 frames_rx=12039
[RTX-GST] RTP_RX pkts=50580 meta=12028 frames_rx=12047
[RTX-GST] RTP_RX pkts=50610 meta=12035 frames_rx=12054
[RTX-GST] RTP_RX pkts=50640 meta=12043 frames_rx=12062
[RTX-GST] VIDEO frames_rx=12063 fps=16.2 assoc_ok=10747 assoc_miss=778 ctrl_sent=10747 infer_avg=0.07ms
[RTX-GST] RTP_RX pkts=50670 meta=12049 frames_rx=12068
[RTX-GST] RTP_RX pkts=50700 meta=12056 frames_rx=12075
[RTX-GST] RTP_RX pkts=50730 meta=12064 frames_rx=12083
[RTX-GST] RTP_RX pkts=50760 meta=12071 frames_rx=12090
[RTX-GST] VIDEO frames_rx=12093 fps=16.2 assoc_ok=10776 assoc_miss=779 ctrl_sent=10776 infer_avg=0.08ms
[RTX-GST] RTP_RX pkts=50790 meta=12079 frames_rx=12098
[RTX-GST] RTP_RX pkts=50820 meta=12085 frames_rx=12104
[RTX-GST] RTP_RX pkts=50850 meta=12092 frames_rx=12111
[RTX-GST] SAVED n=10800 dropped=0 recv2save_p50=0.98ms recv2save_p95=1.30ms
[RTX-GST] RTP_RX pkts=50880 meta=12100 frames_rx=12119
[RTX-GST] VIDEO frames_rx=12122 fps=16.3 assoc_ok=10802 assoc_miss=780 ctrl_sent=10802 infer_avg=0.07ms
[RTX-GST] RTP_RX pkts=50910 meta=12106 frames_rx=12126
[RTX-GST] RTP_RX pkts=50940 meta=12113 frames_rx=12133
[RTX-GST] RTP_RX pkts=50970 meta=12120 frames_rx=12140
[RTX-GST] RTP_RX pkts=51000 meta=12128 frames_rx=12148
[RTX-GST] VIDEO frames_rx=12154 fps=16.3 assoc_ok=10829 assoc_miss=784 ctrl_sent=10829 infer_avg=0.07ms
[RTX-GST] RTP_RX pkts=51030 meta=12135 frames_rx=12155
[RTX-GST] RTP_RX pkts=51060 meta=12141 frames_rx=12161
[RTX-GST] RTP_RX pkts=51090 meta=12149 frames_rx=12169
[RTX-GST] RTP_RX pkts=51120 meta=12156 frames_rx=12176
[RTX-GST] VIDEO frames_rx=12184 fps=16.3 assoc_ok=10859 assoc_miss=784 ctrl_sent=10859 infer_avg=0.08ms
[RTX-GST] RTP_RX pkts=51150 meta=12164 frames_rx=12184
[RTX-GST] RTP_RX pkts=51180 meta=12170 frames_rx=12190
[RTX-GST] RTP_RX pkts=51210 meta=12177 frames_rx=12197
[RTX-GST] RTP_RX pkts=51240 meta=12185 frames_rx=12205
[RTX-GST] RTP_RX pkts=51270 meta=12192 frames_rx=12212
[RTX-GST] VIDEO frames_rx=12215 fps=16.3 assoc_ok=10888 assoc_miss=786 ctrl_sent=10888 infer_avg=0.07ms
[RTX-GST] RTP_RX pkts=51300 meta=12198 frames_rx=12218
[RTX-GST] RTP_RX pkts=51330 meta=12205 frames_rx=12226
[RTX-GST] SAVED n=10900 dropped=0 recv2save_p50=0.96ms recv2save_p95=1.21ms
[RTX-GST] RTP_RX pkts=51360 meta=12213 frames_rx=12233
[RTX-GST] RTP_RX pkts=51390 meta=12221 frames_rx=12241
[RTX-GST] VIDEO frames_rx=12245 fps=16.3 assoc_ok=10916 assoc_miss=787 ctrl_sent=10916 infer_avg=0.07ms
[RTX-GST] RTP_RX pkts=51420 meta=12228 frames_rx=12247
[RTX-GST] RTP_RX pkts=51450 meta=12234 frames_rx=12253
[RTX-GST] RTP_RX pkts=51480 meta=12242 frames_rx=12261
[RTX-GST] RTP_RX pkts=51510 meta=12250 frames_rx=12269
[RTX-GST] VIDEO frames_rx=12275 fps=16.3 assoc_ok=10945 assoc_miss=787 ctrl_sent=10945 infer_avg=0.07ms
[RTX-GST] RTP_RX pkts=51540 meta=12257 frames_rx=12276
[RTX-GST] RTP_RX pkts=51570 meta=12263 frames_rx=12282
[RTX-GST] RTP_RX pkts=51600 meta=12270 frames_rx=12289
[RTX-GST] RTP_RX pkts=51630 meta=12278 frames_rx=12297
[RTX-GST] RTP_RX pkts=51660 meta=12285 frames_rx=12304
[RTX-GST] VIDEO frames_rx=12306 fps=16.4 assoc_ok=10976 assoc_miss=788 ctrl_sent=10976 infer_avg=0.07ms
[RTX-GST] RTP_RX pkts=51690 meta=12291 frames_rx=12310
[RTX-GST] RTP_RX pkts=51720 meta=12299 frames_rx=12317
[RTX-GST] RTP_RX pkts=51750 meta=12307 frames_rx=12325
[RTX-GST] RTP_RX pkts=51780 meta=12313 frames_rx=12332
[RTX-GST] SAVED n=11000 dropped=0 recv2save_p50=0.94ms recv2save_p95=1.17ms
[RTX-GST] VIDEO frames_rx=12336 fps=16.4 assoc_ok=11002 assoc_miss=791 ctrl_sent=11002 infer_avg=0.07ms
[RTX-GST] RTP_RX pkts=51810 meta=12319 frames_rx=12338
[RTX-GST] RTP_RX pkts=51840 meta=12327 frames_rx=12346
[RTX-GST] RTP_RX pkts=51870 meta=12334 frames_rx=12353
[RTX-GST] RTP_RX pkts=51900 meta=12342 frames_rx=12360
[RTX-GST] VIDEO frames_rx=12365 fps=16.4 assoc_ok=11029 assoc_miss=793 ctrl_sent=11029 infer_avg=0.07ms
[RTX-GST] RTP_RX pkts=51930 meta=12348 frames_rx=12366
[RTX-GST] RTP_RX pkts=51960 meta=12355 frames_rx=12373
[RTX-GST] RTP_RX pkts=51990 meta=12363 frames_rx=12381
[RTX-GST] RTP_RX pkts=52020 meta=12370 frames_rx=12388
[RTX-GST] RTP_RX pkts=52050 meta=12377 frames_rx=12395
[RTX-GST] VIDEO frames_rx=12396 fps=16.4 assoc_ok=11058 assoc_miss=795 ctrl_sent=11058 infer_avg=0.09ms
[RTX-GST] RTP_RX pkts=52080 meta=12384 frames_rx=12402
[RTX-GST] RTP_RX pkts=52110 meta=12391 frames_rx=12409
[RTX-GST] RTP_RX pkts=52140 meta=12399 frames_rx=12416
[RTX-GST] RTP_RX pkts=52170 meta=12406 frames_rx=12423
[RTX-GST] VIDEO frames_rx=12425 fps=16.4 assoc_ok=11085 assoc_miss=797 ctrl_sent=11085 infer_avg=0.08ms
[RTX-GST] RTP_RX pkts=52200 meta=12413 frames_rx=12430
[RTX-GST] RTP_RX pkts=52230 meta=12420 frames_rx=12437
[RTX-GST] SAVED n=11100 dropped=0 recv2save_p50=0.94ms recv2save_p95=1.16ms
[RTX-GST] RTP_RX pkts=52260 meta=12428 frames_rx=12445
[RTX-GST] RTP_RX pkts=52290 meta=12435 frames_rx=12452
[RTX-GST] VIDEO frames_rx=12458 fps=16.5 assoc_ok=11116 assoc_miss=799 ctrl_sent=11116 infer_avg=0.07ms
[RTX-GST] RTP_RX pkts=52320 meta=12441 frames_rx=12458
[RTX-GST] RTP_RX pkts=52350 meta=12449 frames_rx=12466
[RTX-GST] RTP_RX pkts=52380 meta=12456 frames_rx=12473
[RTX-GST] RTP_RX pkts=52410 meta=12463 frames_rx=12481
[RTX-GST] VIDEO frames_rx=12487 fps=16.5 assoc_ok=11143 assoc_miss=801 ctrl_sent=11143 infer_avg=0.08ms
[RTX-GST] RTP_RX pkts=52440 meta=12469 frames_rx=12487
[RTX-GST] RTP_RX pkts=52470 meta=12476 frames_rx=12494
[RTX-GST] RTP_RX pkts=52500 meta=12484 frames_rx=12502
[RTX-GST] RTP_RX pkts=52530 meta=12491 frames_rx=12509
[RTX-GST] RTP_RX pkts=52560 meta=12497 frames_rx=12515
[RTX-GST] VIDEO frames_rx=12517 fps=16.5 assoc_ok=11169 assoc_miss=805 ctrl_sent=11169 infer_avg=0.08ms
[RTX-GST] RTP_RX pkts=52590 meta=12505 frames_rx=12523
[RTX-GST] RTP_RX pkts=52620 meta=12511 frames_rx=12530
[RTX-GST] RTP_RX pkts=52650 meta=12519 frames_rx=12538
[RTX-GST] RTP_RX pkts=52680 meta=12525 frames_rx=12544
[RTX-GST] SAVED n=11200 dropped=0 recv2save_p50=0.94ms recv2save_p95=1.18ms
[RTX-GST] VIDEO frames_rx=12550 fps=16.5 assoc_ok=11201 assoc_miss=806 ctrl_sent=11201 infer_avg=0.07ms
[RTX-GST] RTP_RX pkts=52710 meta=12532 frames_rx=12551
[RTX-GST] RTP_RX pkts=52740 meta=12540 frames_rx=12559
[RTX-GST] RTP_RX pkts=52770 meta=12548 frames_rx=12567
[RTX-GST] RTP_RX pkts=52800 meta=12555 frames_rx=12573
[RTX-GST] VIDEO frames_rx=12577 fps=16.5 assoc_ok=11226 assoc_miss=808 ctrl_sent=11226 infer_avg=0.09ms
[RTX-GST] RTP_RX pkts=52830 meta=12562 frames_rx=12580
[RTX-GST] RTP_RX pkts=52860 meta=12569 frames_rx=12587
[RTX-GST] RTP_RX pkts=52890 meta=12577 frames_rx=12595
[RTX-GST] RTP_RX pkts=52920 meta=12585 frames_rx=12603
[RTX-GST] VIDEO frames_rx=12606 fps=16.5 assoc_ok=11254 assoc_miss=809 ctrl_sent=11254 infer_avg=0.08ms
[RTX-GST] RTP_RX pkts=52950 meta=12591 frames_rx=12609
[RTX-GST] RTP_RX pkts=52980 meta=12599 frames_rx=12617
[RTX-GST] RTP_RX pkts=53010 meta=12606 frames_rx=12624
[RTX-GST] RTP_RX pkts=53040 meta=12614 frames_rx=12632
[RTX-GST] VIDEO frames_rx=12636 fps=16.6 assoc_ok=11280 assoc_miss=812 ctrl_sent=11280 infer_avg=0.08ms
[RTX-GST] RTP_RX pkts=53070 meta=12620 frames_rx=12638
[RTX-GST] RTP_RX pkts=53100 meta=12628 frames_rx=12646
[RTX-GST] RTP_RX pkts=53130 meta=12634 frames_rx=12653
[RTX-GST] SAVED n=11300 dropped=0 recv2save_p50=0.94ms recv2save_p95=1.19ms
[RTX-GST] RTP_RX pkts=53160 meta=12641 frames_rx=12661
[RTX-GST] RTP_RX pkts=53190 meta=12647 frames_rx=12667
[RTX-GST] VIDEO frames_rx=12672 fps=16.6 assoc_ok=11310 assoc_miss=817 ctrl_sent=11310 infer_avg=0.08ms
[RTX-GST] RTP_RX pkts=53220 meta=12654 frames_rx=12675
[RTX-GST] RTP_RX pkts=53250 meta=12662 frames_rx=12682
[RTX-GST] RTP_RX pkts=53280 meta=12670 frames_rx=12690
[RTX-GST] RTP_RX pkts=53310 meta=12676 frames_rx=12695
[RTX-GST] VIDEO frames_rx=12697 fps=16.6 assoc_ok=11333 assoc_miss=819 ctrl_sent=11333 infer_avg=0.07ms
[RTX-GST] RTP_RX pkts=53340 meta=12683 frames_rx=12703
[RTX-GST] RTP_RX pkts=53370 meta=12691 frames_rx=12711
[RTX-GST] RTP_RX pkts=53400 meta=12698 frames_rx=12718
[RTX-GST] RTP_RX pkts=53430 meta=12704 frames_rx=12724
[RTX-GST] RTP_RX pkts=53460 meta=12711 frames_rx=12731
[RTX-GST] VIDEO frames_rx=12732 fps=16.6 assoc_ok=11364 assoc_miss=822 ctrl_sent=11364 infer_avg=0.07ms
[RTX-GST] RTP_RX pkts=53490 meta=12719 frames_rx=12739
[RTX-GST] RTP_RX pkts=53520 meta=12726 frames_rx=12747
[RTX-GST] RTP_RX pkts=53550 meta=12732 frames_rx=12752
[RTX-GST] RTP_RX pkts=53580 meta=12740 frames_rx=12760
[RTX-GST] VIDEO frames_rx=12763 fps=16.6 assoc_ok=11394 assoc_miss=823 ctrl_sent=11394 infer_avg=0.08ms
[RTX-GST] RTP_RX pkts=53610 meta=12747 frames_rx=12767
[RTX-GST] SAVED n=11400 dropped=0 recv2save_p50=0.94ms recv2save_p95=1.19ms
[RTX-GST] RTP_RX pkts=53640 meta=12755 frames_rx=12775
[RTX-GST] RTP_RX pkts=53670 meta=12762 frames_rx=12782
[RTX-GST] RTP_RX pkts=53700 meta=12769 frames_rx=12789
[RTX-GST] VIDEO frames_rx=12794 fps=16.6 assoc_ok=11422 assoc_miss=825 ctrl_sent=11422 infer_avg=0.09ms
[RTX-GST] RTP_RX pkts=53730 meta=12776 frames_rx=12796
[RTX-GST] RTP_RX pkts=53760 meta=12784 frames_rx=12804
[RTX-GST] RTP_RX pkts=53790 meta=12791 frames_rx=12811
[RTX-GST] RTP_RX pkts=53820 meta=12797 frames_rx=12817
[RTX-GST] RTP_RX pkts=53850 meta=12804 frames_rx=12824
[RTX-GST] VIDEO frames_rx=12825 fps=16.7 assoc_ok=11452 assoc_miss=826 ctrl_sent=11452 infer_avg=0.08ms
[RTX-GST] RTP_RX pkts=53880 meta=12812 frames_rx=12832
[RTX-GST] RTP_RX pkts=53910 meta=12820 frames_rx=12840
[RTX-GST] RTP_RX pkts=53940 meta=12824 frames_rx=12845
[RTX-GST] RTP_RX pkts=53970 meta=12832 frames_rx=12853
[RTX-GST] VIDEO frames_rx=12855 fps=16.7 assoc_ok=11478 assoc_miss=830 ctrl_sent=11478 infer_avg=0.07ms
[RTX-GST] RTP_RX pkts=54000 meta=12839 frames_rx=12861
[RTX-GST] RTP_RX pkts=54030 meta=12846 frames_rx=12868
[RTX-GST] RTP_RX pkts=54060 meta=12852 frames_rx=12874
[RTX-GST] SAVED n=11500 dropped=0 recv2save_p50=0.94ms recv2save_p95=1.18ms
[RTX-GST] RTP_RX pkts=54090 meta=12859 frames_rx=12881
[RTX-GST] VIDEO frames_rx=12886 fps=16.7 assoc_ok=11506 assoc_miss=832 ctrl_sent=11506 infer_avg=0.08ms
[RTX-GST] RTP_RX pkts=54120 meta=12867 frames_rx=12889
[RTX-GST] RTP_RX pkts=54150 meta=12874 frames_rx=12897
[RTX-GST] RTP_RX pkts=54180 meta=12880 frames_rx=12902
[RTX-GST] RTP_RX pkts=54210 meta=12888 frames_rx=12910
[RTX-GST] VIDEO frames_rx=12917 fps=16.7 assoc_ok=11534 assoc_miss=834 ctrl_sent=11534 infer_avg=0.07ms
[RTX-GST] RTP_RX pkts=54240 meta=12895 frames_rx=12917
[RTX-GST] RTP_RX pkts=54270 meta=12903 frames_rx=12925
[RTX-GST] RTP_RX pkts=54300 meta=12910 frames_rx=12932
[RTX-GST] RTP_RX pkts=54330 meta=12917 frames_rx=12939
[RTX-GST] RTP_RX pkts=54360 meta=12924 frames_rx=12946
[RTX-GST] VIDEO frames_rx=12948 fps=16.7 assoc_ok=11563 assoc_miss=835 ctrl_sent=11563 infer_avg=0.07ms
[RTX-GST] RTP_RX pkts=54390 meta=12932 frames_rx=12954
[RTX-GST] RTP_RX pkts=54420 meta=12940 frames_rx=12961
[RTX-GST] RTP_RX pkts=54450 meta=12946 frames_rx=12967
[RTX-GST] RTP_RX pkts=54480 meta=12954 frames_rx=12975
[RTX-GST] VIDEO frames_rx=12978 fps=16.8 assoc_ok=11591 assoc_miss=837 ctrl_sent=11591 infer_avg=0.06ms
[RTX-GST] RTP_RX pkts=54510 meta=12961 frames_rx=12983
[RTX-GST] SAVED n=11600 dropped=0 recv2save_p50=0.94ms recv2save_p95=1.18ms
[RTX-GST] RTP_RX pkts=54540 meta=12969 frames_rx=12989
[RTX-GST] RTP_RX pkts=54570 meta=12975 frames_rx=12995
[RTX-GST] RTP_RX pkts=54600 meta=12983 frames_rx=13003
[RTX-GST] VIDEO frames_rx=13008 fps=16.8 assoc_ok=11621 assoc_miss=838 ctrl_sent=11621 infer_avg=0.10ms
[RTX-GST] RTP_RX pkts=54630 meta=12990 frames_rx=13010
[RTX-GST] RTP_RX pkts=54660 meta=12998 frames_rx=13018
[RTX-GST] RTP_RX pkts=54690 meta=13005 frames_rx=13024
[RTX-GST] RTP_RX pkts=54720 meta=13012 frames_rx=13031
[RTX-GST] VIDEO frames_rx=13038 fps=16.8 assoc_ok=11638 assoc_miss=838 ctrl_sent=11638 infer_avg=0.09ms
[RTX-GST] RTP_RX pkts=54750 meta=13020 frames_rx=13039
[RTX-GST] RTP_RX pkts=54780 meta=13027 frames_rx=13046
[RTX-GST] RTP_RX pkts=54810 meta=13033 frames_rx=13052
[RTX-GST] RTP_RX pkts=54840 meta=13040 frames_rx=13059
[RTX-GST] RTP_RX pkts=54870 meta=13049 frames_rx=13067
[RTX-GST] VIDEO frames_rx=13068 fps=16.8 assoc_ok=11667 assoc_miss=840 ctrl_sent=11667 infer_avg=0.08ms
[RTX-GST] RTP_RX pkts=54900 meta=13055 frames_rx=13074
[RTX-GST] RTP_RX pkts=54930 meta=13061 frames_rx=13080
[RTX-GST] RTP_RX pkts=54960 meta=13069 frames_rx=13088
[RTX-GST] RTP_RX pkts=54990 meta=13077 frames_rx=13095
[RTX-GST] VIDEO frames_rx=13098 fps=16.8 assoc_ok=11694 assoc_miss=843 ctrl_sent=11694 infer_avg=0.08ms
[RTX-GST] RTP_RX pkts=55020 meta=13084 frames_rx=13102
[RTX-GST] SAVED n=11700 dropped=0 recv2save_p50=0.94ms recv2save_p95=1.21ms
[RTX-GST] RTP_RX pkts=55050 meta=13090 frames_rx=13108
[RTX-GST] RTP_RX pkts=55080 meta=13097 frames_rx=13115
[RTX-GST] RTP_RX pkts=55110 meta=13105 frames_rx=13123
[RTX-GST] VIDEO frames_rx=13128 fps=16.8 assoc_ok=11723 assoc_miss=844 ctrl_sent=11723 infer_avg=0.08ms
[RTX-GST] RTP_RX pkts=55140 meta=13113 frames_rx=13130
[RTX-GST] RTP_RX pkts=55170 meta=13120 frames_rx=13137
[RTX-GST] RTP_RX pkts=55200 meta=13126 frames_rx=13143
[RTX-GST] RTP_RX pkts=55230 meta=13134 frames_rx=13151
[RTX-GST] VIDEO frames_rx=13158 fps=16.9 assoc_ok=11753 assoc_miss=845 ctrl_sent=11753 infer_avg=0.08ms
[RTX-GST] RTP_RX pkts=55260 meta=13141 frames_rx=13159
[RTX-GST] RTP_RX pkts=55290 meta=13148 frames_rx=13166
[RTX-GST] RTP_RX pkts=55320 meta=13154 frames_rx=13172
[RTX-GST] RTP_RX pkts=55350 meta=13160 frames_rx=13179
[RTX-GST] RTP_RX pkts=55380 meta=13168 frames_rx=13187
[RTX-GST] VIDEO frames_rx=13188 fps=16.9 assoc_ok=11779 assoc_miss=848 ctrl_sent=11779 infer_avg=0.10ms
[RTX-GST] RTP_RX pkts=55410 meta=13176 frames_rx=13195
[RTX-GST] RTP_RX pkts=55440 meta=13182 frames_rx=13201
[RTX-GST] RTP_RX pkts=55470 meta=13190 frames_rx=13209
[RTX-GST] SAVED n=11800 dropped=0 recv2save_p50=0.96ms recv2save_p95=1.19ms
[RTX-GST] RTP_RX pkts=55500 meta=13197 frames_rx=13216
[RTX-GST] VIDEO frames_rx=13221 fps=16.9 assoc_ok=11808 assoc_miss=851 ctrl_sent=11808 infer_avg=0.08ms
[RTX-GST] RTP_RX pkts=55530 meta=13205 frames_rx=13224
[RTX-GST] RTP_RX pkts=55560 meta=13211 frames_rx=13230
[RTX-GST] RTP_RX pkts=55590 meta=13219 frames_rx=13238
[RTX-GST] RTP_RX pkts=55620 meta=13226 frames_rx=13246
[RTX-GST] VIDEO frames_rx=13253 fps=16.9 assoc_ok=11838 assoc_miss=853 ctrl_sent=11838 infer_avg=0.06ms
[RTX-GST] RTP_RX pkts=55650 meta=13234 frames_rx=13253
[RTX-GST] RTP_RX pkts=55680 meta=13240 frames_rx=13259
[RTX-GST] RTP_RX pkts=55710 meta=13247 frames_rx=13267
[RTX-GST] RTP_RX pkts=55740 meta=13255 frames_rx=13274
[RTX-GST] RTP_RX pkts=55770 meta=13262 frames_rx=13281
[RTX-GST] VIDEO frames_rx=13284 fps=16.9 assoc_ok=11867 assoc_miss=855 ctrl_sent=11867 infer_avg=0.06ms
[RTX-GST] RTP_RX pkts=55800 meta=13268 frames_rx=13287
[RTX-GST] RTP_RX pkts=55830 meta=13276 frames_rx=13295
[RTX-GST] RTP_RX pkts=55860 meta=13283 frames_rx=13302
[RTX-GST] RTP_RX pkts=55890 meta=13291 frames_rx=13310
[RTX-GST] VIDEO frames_rx=13314 fps=16.9 assoc_ok=11895 assoc_miss=857 ctrl_sent=11895 infer_avg=0.12ms
[RTX-GST] RTP_RX pkts=55920 meta=13298 frames_rx=13317
[RTX-GST] SAVED n=11900 dropped=0 recv2save_p50=0.99ms recv2save_p95=1.40ms
[RTX-GST] RTP_RX pkts=55950 meta=13304 frames_rx=13323
[RTX-GST] RTP_RX pkts=55980 meta=13312 frames_rx=13331
[RTX-GST] RTP_RX pkts=56010 meta=13319 frames_rx=13339
[RTX-GST] VIDEO frames_rx=13346 fps=17.0 assoc_ok=11923 assoc_miss=860 ctrl_sent=11923 infer_avg=0.13ms
[RTX-GST] RTP_RX pkts=56040 meta=13326 frames_rx=13346
[RTX-GST] RTP_RX pkts=56070 meta=13333 frames_rx=13353
[RTX-GST] RTP_RX pkts=56100 meta=13340 frames_rx=13360
[RTX-GST] RTP_RX pkts=56130 meta=13348 frames_rx=13368
[RTX-GST] RTP_RX pkts=56160 meta=13355 frames_rx=13375
[RTX-GST] VIDEO frames_rx=13377 fps=17.0 assoc_ok=11953 assoc_miss=861 ctrl_sent=11953 infer_avg=0.09ms
[RTX-GST] RTP_RX pkts=56190 meta=13361 frames_rx=13381
[RTX-GST] RTP_RX pkts=56220 meta=13369 frames_rx=13389
[RTX-GST] RTP_RX pkts=56250 meta=13377 frames_rx=13397
[RTX-GST] RTP_RX pkts=56280 meta=13384 frames_rx=13404
[RTX-GST] VIDEO frames_rx=13408 fps=17.0 assoc_ok=11969 assoc_miss=862 ctrl_sent=11969 infer_avg=0.10ms
[RTX-GST] RTP_RX pkts=56310 meta=13390 frames_rx=13410
[RTX-GST] RTP_RX pkts=56340 meta=13398 frames_rx=13418
[RTX-GST] RTP_RX pkts=56370 meta=13405 frames_rx=13425
[RTX-GST] RTP_RX pkts=56400 meta=13413 frames_rx=13433
[RTX-GST] VIDEO frames_rx=13438 fps=17.0 assoc_ok=11998 assoc_miss=863 ctrl_sent=11998 infer_avg=0.06ms
[RTX-GST] RTP_RX pkts=56430 meta=13419 frames_rx=13439
[RTX-GST] SAVED n=12000 dropped=0 recv2save_p50=1.03ms recv2save_p95=1.48ms
[RTX-GST] RTP_RX pkts=56460 meta=13426 frames_rx=13446
[RTX-GST] RTP_RX pkts=56490 meta=13434 frames_rx=13454
[RTX-GST] RTP_RX pkts=56520 meta=13441 frames_rx=13461
[RTX-GST] RTP_RX pkts=56550 meta=13448 frames_rx=13467
[RTX-GST] VIDEO frames_rx=13469 fps=17.0 assoc_ok=12027 assoc_miss=865 ctrl_sent=12027 infer_avg=0.09ms
[RTX-GST] RTP_RX pkts=56580 meta=13455 frames_rx=13475
[RTX-GST] RTP_RX pkts=56610 meta=13462 frames_rx=13482
[RTX-GST] RTP_RX pkts=56640 meta=13470 frames_rx=13490
[RTX-GST] RTP_RX pkts=56670 meta=13477 frames_rx=13497
[RTX-GST] VIDEO frames_rx=13499 fps=17.0 assoc_ok=12053 assoc_miss=869 ctrl_sent=12053 infer_avg=0.09ms
[RTX-GST] RTP_RX pkts=56700 meta=13484 frames_rx=13504
[RTX-GST] RTP_RX pkts=56730 meta=13491 frames_rx=13511
[RTX-GST] RTP_RX pkts=56760 meta=13499 frames_rx=13519
[RTX-GST] RTP_RX pkts=56790 meta=13506 frames_rx=13526
[RTX-GST] VIDEO frames_rx=13529 fps=17.1 assoc_ok=12081 assoc_miss=870 ctrl_sent=12081 infer_avg=0.07ms
[RTX-GST] RTP_RX pkts=56820 meta=13513 frames_rx=13532
[RTX-GST] RTP_RX pkts=56850 meta=13519 frames_rx=13540
[RTX-GST] RTP_RX pkts=56880 meta=13527 frames_rx=13547
[RTX-GST] SAVED n=12100 dropped=0 recv2save_p50=1.05ms recv2save_p95=1.49ms
[RTX-GST] RTP_RX pkts=56910 meta=13534 frames_rx=13555
[RTX-GST] RTP_RX pkts=56940 meta=13539 frames_rx=13560
[RTX-GST] VIDEO frames_rx=13561 fps=17.1 assoc_ok=12111 assoc_miss=872 ctrl_sent=12111 infer_avg=0.07ms
[RTX-GST] RTP_RX pkts=56970 meta=13547 frames_rx=13568
[RTX-GST] RTP_RX pkts=57000 meta=13554 frames_rx=13576
[RTX-GST] RTP_RX pkts=57030 meta=13562 frames_rx=13583
[RTX-GST] RTP_RX pkts=57060 meta=13568 frames_rx=13589
[RTX-GST] VIDEO frames_rx=13592 fps=17.1 assoc_ok=12139 assoc_miss=875 ctrl_sent=12139 infer_avg=0.06ms
[RTX-GST] RTP_RX pkts=57090 meta=13576 frames_rx=13596
[RTX-GST] RTP_RX pkts=57120 meta=13583 frames_rx=13603
[RTX-GST] RTP_RX pkts=57150 meta=13591 frames_rx=13611
[RTX-GST] RTP_RX pkts=57180 meta=13597 frames_rx=13617
[RTX-GST] VIDEO frames_rx=13624 fps=17.1 assoc_ok=12168 assoc_miss=878 ctrl_sent=12168 infer_avg=0.06ms
[RTX-GST] RTP_RX pkts=57210 meta=13604 frames_rx=13624
[RTX-GST] RTP_RX pkts=57240 meta=13612 frames_rx=13632
[RTX-GST] RTP_RX pkts=57270 meta=13620 frames_rx=13640
[RTX-GST] RTP_RX pkts=57300 meta=13626 frames_rx=13646
[RTX-GST] RTP_RX pkts=57330 meta=13633 frames_rx=13653
[RTX-GST] VIDEO frames_rx=13654 fps=17.1 assoc_ok=12196 assoc_miss=879 ctrl_sent=12196 infer_avg=0.06ms
[RTX-GST] SAVED n=12200 dropped=0 recv2save_p50=1.03ms recv2save_p95=1.49ms
[RTX-GST] RTP_RX pkts=57360 meta=13641 frames_rx=13661
[RTX-GST] RTP_RX pkts=57390 meta=13649 frames_rx=13669
[RTX-GST] RTP_RX pkts=57420 meta=13655 frames_rx=13676
[RTX-GST] RTP_RX pkts=57450 meta=13662 frames_rx=13682
[RTX-GST] VIDEO frames_rx=13685 fps=17.1 assoc_ok=12225 assoc_miss=881 ctrl_sent=12225 infer_avg=0.06ms
[RTX-GST] RTP_RX pkts=57480 meta=13669 frames_rx=13689
[RTX-GST] RTP_RX pkts=57510 meta=13676 frames_rx=13697
[RTX-GST] RTP_RX pkts=57540 meta=13683 frames_rx=13704
[RTX-GST] RTP_RX pkts=57570 meta=13690 frames_rx=13711
[RTX-GST] VIDEO frames_rx=13717 fps=17.2 assoc_ok=12251 assoc_miss=886 ctrl_sent=12251 infer_avg=0.06ms
[RTX-GST] RTP_RX pkts=57600 meta=13697 frames_rx=13718
[RTX-GST] RTP_RX pkts=57630 meta=13705 frames_rx=13726
[RTX-GST] RTP_RX pkts=57660 meta=13712 frames_rx=13733
[RTX-GST] RTP_RX pkts=57690 meta=13718 frames_rx=13739
[RTX-GST] VIDEO frames_rx=13746 fps=17.2 assoc_ok=12278 assoc_miss=886 ctrl_sent=12278 infer_avg=0.06ms
[RTX-GST] RTP_RX pkts=57720 meta=13726 frames_rx=13746
[RTX-GST] RTP_RX pkts=57750 meta=13734 frames_rx=13754
[RTX-GST] RTP_RX pkts=57780 meta=13741 frames_rx=13761
[RTX-GST] RTP_RX pkts=57810 meta=13746 frames_rx=13767
[RTX-GST] SAVED n=12300 dropped=0 recv2save_p50=1.01ms recv2save_p95=1.49ms
[RTX-GST] RTP_RX pkts=57840 meta=13753 frames_rx=13775
[RTX-GST] VIDEO frames_rx=13778 fps=17.2 assoc_ok=12307 assoc_miss=889 ctrl_sent=12307 infer_avg=0.09ms
[RTX-GST] RTP_RX pkts=57870 meta=13758 frames_rx=13782
[RTX-GST] RTP_RX pkts=57900 meta=13766 frames_rx=13790
[RTX-GST] RTP_RX pkts=57930 meta=13772 frames_rx=13796
[RTX-GST] RTP_RX pkts=57960 meta=13779 frames_rx=13803
[RTX-GST] VIDEO frames_rx=13808 fps=17.2 assoc_ok=12331 assoc_miss=895 ctrl_sent=12331 infer_avg=0.08ms
[RTX-GST] RTP_RX pkts=57990 meta=13787 frames_rx=13811
[RTX-GST] RTP_RX pkts=58020 meta=13794 frames_rx=13818
[RTX-GST] RTP_RX pkts=58050 meta=13801 frames_rx=13824
[RTX-GST] RTP_RX pkts=58080 meta=13809 frames_rx=13831
[RTX-GST] VIDEO frames_rx=13839 fps=17.2 assoc_ok=12360 assoc_miss=896 ctrl_sent=12360 infer_avg=0.08ms
[RTX-GST] RTP_RX pkts=58110 meta=13816 frames_rx=13839
[RTX-GST] RTP_RX pkts=58140 meta=13824 frames_rx=13847
[RTX-GST] RTP_RX pkts=58170 meta=13831 frames_rx=13854
[RTX-GST] RTP_RX pkts=58200 meta=13838 frames_rx=13860
[RTX-GST] RTP_RX pkts=58230 meta=13845 frames_rx=13868
[RTX-GST] VIDEO frames_rx=13870 fps=17.2 assoc_ok=12388 assoc_miss=900 ctrl_sent=12388 infer_avg=0.09ms
[RTX-GST] RTP_RX pkts=58260 meta=13852 frames_rx=13876
[RTX-GST] SAVED n=12400 dropped=0 recv2save_p50=0.98ms recv2save_p95=1.47ms
[RTX-GST] RTP_RX pkts=58290 meta=13860 frames_rx=13883
[RTX-GST] RTP_RX pkts=58320 meta=13866 frames_rx=13889
[RTX-GST] RTP_RX pkts=58350 meta=13873 frames_rx=13896
[RTX-GST] VIDEO frames_rx=13901 fps=17.3 assoc_ok=12417 assoc_miss=902 ctrl_sent=12417 infer_avg=0.07ms
[RTX-GST] RTP_RX pkts=58380 meta=13881 frames_rx=13904
[RTX-GST] RTP_RX pkts=58410 meta=13889 frames_rx=13912
[RTX-GST] RTP_RX pkts=58440 meta=13895 frames_rx=13918
[RTX-GST] RTP_RX pkts=58470 meta=13902 frames_rx=13925
[RTX-GST] VIDEO frames_rx=13931 fps=17.3 assoc_ok=12446 assoc_miss=903 ctrl_sent=12446 infer_avg=0.08ms
[RTX-GST] RTP_RX pkts=58500 meta=13910 frames_rx=13933
[RTX-GST] RTP_RX pkts=58530 meta=13917 frames_rx=13940
[RTX-GST] RTP_RX pkts=58560 meta=13923 frames_rx=13946
[RTX-GST] RTP_RX pkts=58590 meta=13931 frames_rx=13954
[RTX-GST] VIDEO frames_rx=13961 fps=17.3 assoc_ok=12471 assoc_miss=905 ctrl_sent=12471 infer_avg=0.07ms
[RTX-GST] RTP_RX pkts=58620 meta=13938 frames_rx=13962
[RTX-GST] RTP_RX pkts=58650 meta=13946 frames_rx=13969
[RTX-GST] RTP_RX pkts=58680 meta=13951 frames_rx=13975
[RTX-GST] RTP_RX pkts=58710 meta=13958 frames_rx=13983
[RTX-GST] RTP_RX pkts=58740 meta=13966 frames_rx=13990
[RTX-GST] VIDEO frames_rx=13992 fps=17.3 assoc_ok=12498 assoc_miss=909 ctrl_sent=12498 infer_avg=0.07ms
[RTX-GST] SAVED n=12500 dropped=0 recv2save_p50=0.95ms recv2save_p95=1.28ms
[RTX-GST] RTP_RX pkts=58770 meta=13973 frames_rx=13998
[RTX-GST] RTP_RX pkts=58800 meta=13980 frames_rx=14004
[RTX-GST] RTP_RX pkts=58830 meta=13986 frames_rx=14011
[RTX-GST] RTP_RX pkts=58860 meta=13994 frames_rx=14019
[RTX-GST] VIDEO frames_rx=14023 fps=17.3 assoc_ok=12528 assoc_miss=910 ctrl_sent=12528 infer_avg=0.07ms
[RTX-GST] RTP_RX pkts=58890 meta=14001 frames_rx=14026
[RTX-GST] RTP_RX pkts=58920 meta=14009 frames_rx=14034
[RTX-GST] RTP_RX pkts=58950 meta=14014 frames_rx=14039
[RTX-GST] RTP_RX pkts=58980 meta=14022 frames_rx=14047
[RTX-GST] VIDEO frames_rx=14054 fps=17.3 assoc_ok=12557 assoc_miss=912 ctrl_sent=12557 infer_avg=0.08ms
[RTX-GST] RTP_RX pkts=59010 meta=14029 frames_rx=14054
[RTX-GST] RTP_RX pkts=59040 meta=14037 frames_rx=14062
[RTX-GST] RTP_RX pkts=59070 meta=14043 frames_rx=14068
[RTX-GST] RTP_RX pkts=59100 meta=14050 frames_rx=14075
[RTX-GST] RTP_RX pkts=59130 meta=14058 frames_rx=14083
[RTX-GST] VIDEO frames_rx=14085 fps=17.4 assoc_ok=12586 assoc_miss=914 ctrl_sent=12586 infer_avg=0.09ms
[RTX-GST] RTP_RX pkts=59160 meta=14065 frames_rx=14090
[RTX-GST] RTP_RX pkts=59190 meta=14071 frames_rx=14096
[RTX-GST] SAVED n=12600 dropped=0 recv2save_p50=0.93ms recv2save_p95=1.20ms
[RTX-GST] RTP_RX pkts=59220 meta=14078 frames_rx=14103
[RTX-GST] RTP_RX pkts=59250 meta=14086 frames_rx=14111
[RTX-GST] VIDEO frames_rx=14116 fps=17.4 assoc_ok=12612 assoc_miss=915 ctrl_sent=12612 infer_avg=0.10ms
[RTX-GST] RTP_RX pkts=59280 meta=14093 frames_rx=14118
[RTX-GST] RTP_RX pkts=59310 meta=14099 frames_rx=14124
[RTX-GST] RTP_RX pkts=59340 meta=14107 frames_rx=14132
[RTX-GST] RTP_RX pkts=59370 meta=14114 frames_rx=14139
[RTX-GST] VIDEO frames_rx=14146 fps=17.4 assoc_ok=12639 assoc_miss=918 ctrl_sent=12639 infer_avg=0.07ms
[RTX-GST] RTP_RX pkts=59400 meta=14122 frames_rx=14147
[RTX-GST] RTP_RX pkts=59430 meta=14129 frames_rx=14154
[RTX-GST] RTP_RX pkts=59460 meta=14135 frames_rx=14160
[RTX-GST] RTP_RX pkts=59490 meta=14142 frames_rx=14167
[RTX-GST] RTP_RX pkts=59520 meta=14150 frames_rx=14175
[RTX-GST] VIDEO frames_rx=14177 fps=17.4 assoc_ok=12667 assoc_miss=921 ctrl_sent=12667 infer_avg=0.08ms
[RTX-GST] RTP_RX pkts=59550 meta=14157 frames_rx=14183
[RTX-GST] RTP_RX pkts=59580 meta=14163 frames_rx=14188
[RTX-GST] RTP_RX pkts=59610 meta=14171 frames_rx=14196
[RTX-GST] RTP_RX pkts=59640 meta=14178 frames_rx=14203
[RTX-GST] VIDEO frames_rx=14207 fps=17.4 assoc_ok=12695 assoc_miss=923 ctrl_sent=12695 infer_avg=0.09ms
[RTX-GST] RTP_RX pkts=59670 meta=14186 frames_rx=14211
[RTX-GST] SAVED n=12700 dropped=0 recv2save_p50=0.96ms recv2save_p95=1.27ms
[RTX-GST] RTP_RX pkts=59700 meta=14191 frames_rx=14216
[RTX-GST] RTP_RX pkts=59730 meta=14199 frames_rx=14224
[RTX-GST] RTP_RX pkts=59760 meta=14206 frames_rx=14231
[RTX-GST] VIDEO frames_rx=14237 fps=17.4 assoc_ok=12725 assoc_miss=923 ctrl_sent=12725 infer_avg=0.07ms
[RTX-GST] RTP_RX pkts=59790 meta=14214 frames_rx=14239
[RTX-GST] RTP_RX pkts=59820 meta=14220 frames_rx=14245
[RTX-GST] RTP_RX pkts=59850 meta=14227 frames_rx=14253
[RTX-GST] RTP_RX pkts=59880 meta=14235 frames_rx=14260
[RTX-GST] VIDEO frames_rx=14267 fps=17.4 assoc_ok=12751 assoc_miss=925 ctrl_sent=12751 infer_avg=0.07ms
[RTX-GST] RTP_RX pkts=59910 meta=14242 frames_rx=14267
[RTX-GST] RTP_RX pkts=59940 meta=14249 frames_rx=14274
[RTX-GST] RTP_RX pkts=59970 meta=14255 frames_rx=14280
[RTX-GST] RTP_RX pkts=60000 meta=14263 frames_rx=14288
[RTX-GST] RTP_RX pkts=60030 meta=14270 frames_rx=14295
[RTX-GST] VIDEO frames_rx=14298 fps=17.5 assoc_ok=12778 assoc_miss=928 ctrl_sent=12778 infer_avg=0.08ms
[RTX-GST] RTP_RX pkts=60060 meta=14278 frames_rx=14303
[RTX-GST] RTP_RX pkts=60090 meta=14284 frames_rx=14309
[RTX-GST] RTP_RX pkts=60120 meta=14291 frames_rx=14316
[RTX-GST] SAVED n=12800 dropped=0 recv2save_p50=0.97ms recv2save_p95=1.30ms
[RTX-GST] RTP_RX pkts=60150 meta=14299 frames_rx=14324
[RTX-GST] VIDEO frames_rx=14329 fps=17.5 assoc_ok=12809 assoc_miss=929 ctrl_sent=12809 infer_avg=0.07ms
[RTX-GST] RTP_RX pkts=60180 meta=14306 frames_rx=14331
[RTX-GST] RTP_RX pkts=60210 meta=14312 frames_rx=14337
[RTX-GST] RTP_RX pkts=60240 meta=14319 frames_rx=14344
[RTX-GST] RTP_RX pkts=60270 meta=14327 frames_rx=14352
[RTX-GST] RTP_RX pkts=60300 meta=14334 frames_rx=14360
[RTX-GST] VIDEO frames_rx=14360 fps=17.5 assoc_ok=12839 assoc_miss=929 ctrl_sent=12839 infer_avg=0.07ms
[RTX-GST] RTP_RX pkts=60330 meta=14340 frames_rx=14365
[RTX-GST] RTP_RX pkts=60360 meta=14348 frames_rx=14373
[RTX-GST] RTP_RX pkts=60390 meta=14355 frames_rx=14380
[RTX-GST] RTP_RX pkts=60420 meta=14363 frames_rx=14388
[RTX-GST] VIDEO frames_rx=14391 fps=17.5 assoc_ok=12869 assoc_miss=930 ctrl_sent=12869 infer_avg=0.08ms
[RTX-GST] RTP_RX pkts=60450 meta=14369 frames_rx=14394
[RTX-GST] RTP_RX pkts=60480 meta=14376 frames_rx=14401
[RTX-GST] RTP_RX pkts=60510 meta=14382 frames_rx=14408
[RTX-GST] RTP_RX pkts=60540 meta=14390 frames_rx=14416
[RTX-GST] RTP_RX pkts=60570 meta=14397 frames_rx=14423
[RTX-GST] VIDEO frames_rx=14424 fps=17.5 assoc_ok=12882 assoc_miss=931 ctrl_sent=12882 infer_avg=0.08ms
[RTX-GST] RTP_RX pkts=60600 meta=14403 frames_rx=14429
[RTX-GST] RTP_RX pkts=60630 meta=14411 frames_rx=14437
[RTX-GST] RTP_RX pkts=60660 meta=14418 frames_rx=14444
[RTX-GST] SAVED n=12900 dropped=0 recv2save_p50=0.97ms recv2save_p95=1.32ms
[RTX-GST] RTP_RX pkts=60690 meta=14426 frames_rx=14452
[RTX-GST] VIDEO frames_rx=14455 fps=17.5 assoc_ok=12908 assoc_miss=935 ctrl_sent=12908 infer_avg=0.08ms
[RTX-GST] RTP_RX pkts=60720 meta=14431 frames_rx=14457
[RTX-GST] RTP_RX pkts=60750 meta=14439 frames_rx=14465
[RTX-GST] RTP_RX pkts=60780 meta=14446 frames_rx=14472
[RTX-GST] RTP_RX pkts=60810 meta=14454 frames_rx=14480
[RTX-GST] RTP_RX pkts=60840 meta=14460 frames_rx=14486
[RTX-GST] VIDEO frames_rx=14487 fps=17.6 assoc_ok=12938 assoc_miss=937 ctrl_sent=12938 infer_avg=0.08ms
[RTX-GST] RTP_RX pkts=60870 meta=14467 frames_rx=14493
[RTX-GST] RTP_RX pkts=60900 meta=14474 frames_rx=14501
[RTX-GST] RTP_RX pkts=60930 meta=14482 frames_rx=14508
[RTX-GST] RTP_RX pkts=60960 meta=14488 frames_rx=14514
[RTX-GST] VIDEO frames_rx=14518 fps=17.6 assoc_ok=12969 assoc_miss=937 ctrl_sent=12969 infer_avg=0.07ms
[RTX-GST] RTP_RX pkts=60990 meta=14495 frames_rx=14522
[RTX-GST] RTP_RX pkts=61020 meta=14503 frames_rx=14529
[RTX-GST] RTP_RX pkts=61050 meta=14510 frames_rx=14536
[RTX-GST] RTP_RX pkts=61080 meta=14518 frames_rx=14544
[RTX-GST] VIDEO frames_rx=14550 fps=17.6 assoc_ok=12998 assoc_miss=939 ctrl_sent=12998 infer_avg=0.10ms
[RTX-GST] RTP_RX pkts=61110 meta=14524 frames_rx=14550
[RTX-GST] SAVED n=13000 dropped=0 recv2save_p50=0.97ms recv2save_p95=1.32ms
[RTX-GST] RTP_RX pkts=61140 meta=14531 frames_rx=14557
[RTX-GST] RTP_RX pkts=61170 meta=14539 frames_rx=14565
[RTX-GST] RTP_RX pkts=61200 meta=14546 frames_rx=14572
[RTX-GST] RTP_RX pkts=61230 meta=14552 frames_rx=14578
[RTX-GST] VIDEO frames_rx=14580 fps=17.6 assoc_ok=13025 assoc_miss=941 ctrl_sent=13025 infer_avg=0.07ms
[RTX-GST] RTP_RX pkts=61260 meta=14559 frames_rx=14586
[RTX-GST] RTP_RX pkts=61290 meta=14567 frames_rx=14593
[RTX-GST] RTP_RX pkts=61320 meta=14574 frames_rx=14600
[RTX-GST] RTP_RX pkts=61350 meta=14580 frames_rx=14606
[RTX-GST] VIDEO frames_rx=14610 fps=17.6 assoc_ok=13055 assoc_miss=941 ctrl_sent=13055 infer_avg=0.06ms
[RTX-GST] RTP_RX pkts=61380 meta=14588 frames_rx=14614
[RTX-GST] RTP_RX pkts=61410 meta=14595 frames_rx=14621
[RTX-GST] RTP_RX pkts=61440 meta=14602 frames_rx=14628
[RTX-GST] RTP_RX pkts=61470 meta=14609 frames_rx=14634
[RTX-GST] RTP_RX pkts=61500 meta=14616 frames_rx=14642
[RTX-GST] VIDEO frames_rx=14643 fps=17.6 assoc_ok=13084 assoc_miss=945 ctrl_sent=13084 infer_avg=0.08ms
[RTX-GST] RTP_RX pkts=61530 meta=14623 frames_rx=14649
[RTX-GST] RTP_RX pkts=61560 meta=14630 frames_rx=14656
[RTX-GST] SAVED n=13100 dropped=0 recv2save_p50=0.99ms recv2save_p95=1.30ms
[RTX-GST] RTP_RX pkts=61590 meta=14638 frames_rx=14664
[RTX-GST] RTP_RX pkts=61620 meta=14644 frames_rx=14670
[RTX-GST] VIDEO frames_rx=14675 fps=17.7 assoc_ok=13114 assoc_miss=946 ctrl_sent=13114 infer_avg=0.11ms
[RTX-GST] RTP_RX pkts=61650 meta=14651 frames_rx=14677
[RTX-GST] RTP_RX pkts=61680 meta=14659 frames_rx=14685
[RTX-GST] RTP_RX pkts=61710 meta=14666 frames_rx=14692
[RTX-GST] RTP_RX pkts=61740 meta=14672 frames_rx=14698
[RTX-GST] VIDEO frames_rx=14705 fps=17.7 assoc_ok=13143 assoc_miss=948 ctrl_sent=13143 infer_avg=0.09ms
[RTX-GST] RTP_RX pkts=61770 meta=14679 frames_rx=14705
[RTX-GST] RTP_RX pkts=61800 meta=14687 frames_rx=14713
[RTX-GST] RTP_RX pkts=61830 meta=14694 frames_rx=14720
[RTX-GST] RTP_RX pkts=61860 meta=14700 frames_rx=14726
[RTX-GST] RTP_RX pkts=61890 meta=14708 frames_rx=14734
[RTX-GST] VIDEO frames_rx=14736 fps=17.7 assoc_ok=13173 assoc_miss=949 ctrl_sent=13173 infer_avg=0.07ms
[RTX-GST] RTP_RX pkts=61920 meta=14715 frames_rx=14741
[RTX-GST] RTP_RX pkts=61950 meta=14723 frames_rx=14749
[RTX-GST] RTP_RX pkts=61980 meta=14729 frames_rx=14754
[RTX-GST] RTP_RX pkts=62010 meta=14736 frames_rx=14762
[RTX-GST] SAVED n=13200 dropped=0 recv2save_p50=0.99ms recv2save_p95=1.36ms
[RTX-GST] VIDEO frames_rx=14767 fps=17.7 assoc_ok=13203 assoc_miss=950 ctrl_sent=13203 infer_avg=0.06ms
[RTX-GST] RTP_RX pkts=62040 meta=14743 frames_rx=14770
[RTX-GST] RTP_RX pkts=62070 meta=14751 frames_rx=14777
[RTX-GST] RTP_RX pkts=62100 meta=14758 frames_rx=14784
[RTX-GST] RTP_RX pkts=62130 meta=14764 frames_rx=14790
[RTX-GST] VIDEO frames_rx=14797 fps=17.7 assoc_ok=13232 assoc_miss=951 ctrl_sent=13232 infer_avg=0.08ms
[RTX-GST] RTP_RX pkts=62160 meta=14772 frames_rx=14798
[RTX-GST] RTP_RX pkts=62190 meta=14779 frames_rx=14805
[RTX-GST] RTP_RX pkts=62220 meta=14787 frames_rx=14813
[RTX-GST] RTP_RX pkts=62250 meta=14792 frames_rx=14818
[RTX-GST] RTP_RX pkts=62280 meta=14800 frames_rx=14826
[RTX-GST] VIDEO frames_rx=14827 fps=17.7 assoc_ok=13262 assoc_miss=951 ctrl_sent=13262 infer_avg=0.08ms
[RTX-GST] RTP_RX pkts=62310 meta=14807 frames_rx=14833
[RTX-GST] RTP_RX pkts=62340 meta=14815 frames_rx=14841
[RTX-GST] RTP_RX pkts=62370 meta=14821 frames_rx=14847
[RTX-GST] RTP_RX pkts=62400 meta=14828 frames_rx=14854
[RTX-GST] VIDEO frames_rx=14858 fps=17.7 assoc_ok=13293 assoc_miss=951 ctrl_sent=13293 infer_avg=0.06ms
[RTX-GST] RTP_RX pkts=62430 meta=14836 frames_rx=14862
[RTX-GST] SAVED n=13300 dropped=0 recv2save_p50=1.00ms recv2save_p95=1.43ms
[RTX-GST] RTP_RX pkts=62460 meta=14843 frames_rx=14869
[RTX-GST] RTP_RX pkts=62490 meta=14849 frames_rx=14875
[RTX-GST] RTP_RX pkts=62520 meta=14856 frames_rx=14882
[RTX-GST] VIDEO frames_rx=14888 fps=17.8 assoc_ok=13317 assoc_miss=953 ctrl_sent=13317 infer_avg=0.11ms
[RTX-GST] RTP_RX pkts=62550 meta=14864 frames_rx=14890
[RTX-GST] RTP_RX pkts=62580 meta=14871 frames_rx=14897
[RTX-GST] RTP_RX pkts=62610 meta=14878 frames_rx=14904
[RTX-GST] RTP_RX pkts=62640 meta=14885 frames_rx=14911
[RTX-GST] RTP_RX pkts=62670 meta=14892 frames_rx=14918
[RTX-GST] VIDEO frames_rx=14920 fps=17.8 assoc_ok=13346 assoc_miss=953 ctrl_sent=13346 infer_avg=0.08ms
[RTX-GST] RTP_RX pkts=62700 meta=14900 frames_rx=14926
[RTX-GST] RTP_RX pkts=62730 meta=14907 frames_rx=14933
[RTX-GST] RTP_RX pkts=62760 meta=14913 frames_rx=14939
[RTX-GST] RTP_RX pkts=62790 meta=14920 frames_rx=14946
[RTX-GST] VIDEO frames_rx=14951 fps=17.8 assoc_ok=13377 assoc_miss=954 ctrl_sent=13377 infer_avg=0.07ms
[RTX-GST] RTP_RX pkts=62820 meta=14928 frames_rx=14954
[RTX-GST] RTP_RX pkts=62850 meta=14935 frames_rx=14961
[RTX-GST] RTP_RX pkts=62880 meta=14941 frames_rx=14967
[RTX-GST] SAVED n=13400 dropped=0 recv2save_p50=1.01ms recv2save_p95=1.46ms
[RTX-GST] RTP_RX pkts=62910 meta=14949 frames_rx=14975
[RTX-GST] VIDEO frames_rx=14982 fps=17.8 assoc_ok=13406 assoc_miss=956 ctrl_sent=13406 infer_avg=0.07ms
[RTX-GST] RTP_RX pkts=62940 meta=14956 frames_rx=14982
[RTX-GST] RTP_RX pkts=62970 meta=14964 frames_rx=14990
[RTX-GST] RTP_RX pkts=63000 meta=14969 frames_rx=14995
[RTX-GST] RTP_RX pkts=63030 meta=14977 frames_rx=15003
[RTX-GST] RTP_RX pkts=63060 meta=14984 frames_rx=15010
[RTX-GST] VIDEO frames_rx=15013 fps=17.8 assoc_ok=13437 assoc_miss=956 ctrl_sent=13437 infer_avg=0.06ms
[RTX-GST] RTP_RX pkts=63090 meta=14992 frames_rx=15018
[RTX-GST] RTP_RX pkts=63120 meta=14998 frames_rx=15024
[RTX-GST] RTP_RX pkts=63150 meta=15005 frames_rx=15031
[RTX-GST] RTP_RX pkts=63180 meta=15013 frames_rx=15039
[RTX-GST] VIDEO frames_rx=15044 fps=17.8 assoc_ok=13462 assoc_miss=958 ctrl_sent=13462 infer_avg=0.05ms
[RTX-GST] RTP_RX pkts=63210 meta=15020 frames_rx=15046
[RTX-GST] RTP_RX pkts=63240 meta=15028 frames_rx=15054
[RTX-GST] RTP_RX pkts=63270 meta=15033 frames_rx=15059
[RTX-GST] RTP_RX pkts=63300 meta=15041 frames_rx=15067
[RTX-GST] RTP_RX pkts=63330 meta=15048 frames_rx=15074
[RTX-GST] VIDEO frames_rx=15075 fps=17.8 assoc_ok=13491 assoc_miss=960 ctrl_sent=13491 infer_avg=0.06ms
[RTX-GST] RTP_RX pkts=63360 meta=15056 frames_rx=15082
[RTX-GST] SAVED n=13500 dropped=0 recv2save_p50=1.00ms recv2save_p95=1.46ms
[RTX-GST] RTP_RX pkts=63390 meta=15062 frames_rx=15088
[RTX-GST] RTP_RX pkts=63420 meta=15069 frames_rx=15095
[RTX-GST] RTP_RX pkts=63450 meta=15076 frames_rx=15103
[RTX-GST] VIDEO frames_rx=15106 fps=17.9 assoc_ok=13520 assoc_miss=962 ctrl_sent=13520 infer_avg=0.07ms
[RTX-GST] RTP_RX pkts=63480 meta=15084 frames_rx=15110
[RTX-GST] RTP_RX pkts=63510 meta=15090 frames_rx=15116
[RTX-GST] RTP_RX pkts=63540 meta=15097 frames_rx=15123
[RTX-GST] RTP_RX pkts=63570 meta=15105 frames_rx=15131
[RTX-GST] VIDEO frames_rx=15137 fps=17.9 assoc_ok=13548 assoc_miss=965 ctrl_sent=13548 infer_avg=0.07ms
[RTX-GST] RTP_RX pkts=63600 meta=15112 frames_rx=15138
[RTX-GST] RTP_RX pkts=63630 meta=15118 frames_rx=15144
[RTX-GST] RTP_RX pkts=63660 meta=15126 frames_rx=15152
[RTX-GST] RTP_RX pkts=63690 meta=15133 frames_rx=15159
[RTX-GST] RTP_RX pkts=63720 meta=15141 frames_rx=15167
[RTX-GST] VIDEO frames_rx=15171 fps=17.9 assoc_ok=13576 assoc_miss=966 ctrl_sent=13576 infer_avg=0.07ms
[RTX-GST] RTP_RX pkts=63750 meta=15148 frames_rx=15174
[RTX-GST] RTP_RX pkts=63780 meta=15154 frames_rx=15180
[RTX-GST] RTP_RX pkts=63810 meta=15161 frames_rx=15188
[RTX-GST] SAVED n=13600 dropped=0 recv2save_p50=0.97ms recv2save_p95=1.46ms
[RTX-GST] RTP_RX pkts=63840 meta=15169 frames_rx=15195
[RTX-GST] VIDEO frames_rx=15202 fps=17.9 assoc_ok=13608 assoc_miss=967 ctrl_sent=13608 infer_avg=0.06ms
[RTX-GST] RTP_RX pkts=63870 meta=15176 frames_rx=15202
[RTX-GST] RTP_RX pkts=63900 meta=15182 frames_rx=15208
[RTX-GST] RTP_RX pkts=63930 meta=15190 frames_rx=15216
[RTX-GST] RTP_RX pkts=63960 meta=15197 frames_rx=15223
[RTX-GST] RTP_RX pkts=63990 meta=15205 frames_rx=15231
[RTX-GST] VIDEO frames_rx=15233 fps=17.9 assoc_ok=13635 assoc_miss=969 ctrl_sent=13635 infer_avg=0.07ms
[RTX-GST] RTP_RX pkts=64020 meta=15210 frames_rx=15236
[RTX-GST] RTP_RX pkts=64050 meta=15218 frames_rx=15244
[RTX-GST] RTP_RX pkts=64080 meta=15225 frames_rx=15251
[RTX-GST] RTP_RX pkts=64110 meta=15233 frames_rx=15259
[RTX-GST] VIDEO frames_rx=15263 fps=17.9 assoc_ok=13664 assoc_miss=970 ctrl_sent=13664 infer_avg=0.07ms
[RTX-GST] RTP_RX pkts=64140 meta=15239 frames_rx=15265
[RTX-GST] RTP_RX pkts=64170 meta=15246 frames_rx=15272
[RTX-GST] RTP_RX pkts=64200 meta=15254 frames_rx=15280
[RTX-GST] RTP_RX pkts=64230 meta=15261 frames_rx=15287
[RTX-GST] VIDEO frames_rx=15294 fps=18.0 assoc_ok=13693 assoc_miss=972 ctrl_sent=13693 infer_avg=0.07ms
[RTX-GST] RTP_RX pkts=64260 meta=15268 frames_rx=15294
[RTX-GST] RTP_RX pkts=64290 meta=15274 frames_rx=15300
[RTX-GST] SAVED n=13700 dropped=0 recv2save_p50=0.96ms recv2save_p95=1.44ms
[RTX-GST] RTP_RX pkts=64320 meta=15282 frames_rx=15308
[RTX-GST] RTP_RX pkts=64350 meta=15290 frames_rx=15315
[RTX-GST] RTP_RX pkts=64380 meta=15297 frames_rx=15323
[RTX-GST] VIDEO frames_rx=15324 fps=18.0 assoc_ok=13714 assoc_miss=975 ctrl_sent=13714 infer_avg=0.08ms
[RTX-GST] RTP_RX pkts=64410 meta=15303 frames_rx=15329
[RTX-GST] RTP_RX pkts=64440 meta=15310 frames_rx=15336
[RTX-GST] RTP_RX pkts=64470 meta=15318 frames_rx=15344
[RTX-GST] RTP_RX pkts=64500 meta=15325 frames_rx=15351
[RTX-GST] VIDEO frames_rx=15355 fps=18.0 assoc_ok=13744 assoc_miss=977 ctrl_sent=13744 infer_avg=0.07ms
[RTX-GST] RTP_RX pkts=64530 meta=15331 frames_rx=15357
[RTX-GST] RTP_RX pkts=64560 meta=15338 frames_rx=15365
[RTX-GST] RTP_RX pkts=64590 meta=15346 frames_rx=15372
[RTX-GST] RTP_RX pkts=64620 meta=15353 frames_rx=15379
[RTX-GST] RTP_RX pkts=64650 meta=15359 frames_rx=15385
[RTX-GST] VIDEO frames_rx=15390 fps=18.0 assoc_ok=13778 assoc_miss=978 ctrl_sent=13778 infer_avg=0.06ms
[RTX-GST] RTP_RX pkts=64680 meta=15367 frames_rx=15393
[RTX-GST] RTP_RX pkts=64710 meta=15374 frames_rx=15400
[RTX-GST] RTP_RX pkts=64740 meta=15382 frames_rx=15408
[RTX-GST] SAVED n=13800 dropped=0 recv2save_p50=0.93ms recv2save_p95=1.35ms
[RTX-GST] RTP_RX pkts=64770 meta=15388 frames_rx=15414
[RTX-GST] VIDEO frames_rx=15421 fps=18.0 assoc_ok=13809 assoc_miss=978 ctrl_sent=13809 infer_avg=0.07ms
[RTX-GST] RTP_RX pkts=64800 meta=15395 frames_rx=15421
[RTX-GST] RTP_RX pkts=64830 meta=15402 frames_rx=15428
[RTX-GST] RTP_RX pkts=64860 meta=15410 frames_rx=15436
[RTX-GST] RTP_RX pkts=64890 meta=15417 frames_rx=15443
[RTX-GST] VIDEO frames_rx=15448 fps=18.0 assoc_ok=13834 assoc_miss=980 ctrl_sent=13834 infer_avg=0.07ms
[RTX-GST] RTP_RX pkts=64920 meta=15423 frames_rx=15449
[RTX-GST] RTP_RX pkts=64950 meta=15431 frames_rx=15457
[RTX-GST] RTP_RX pkts=64980 meta=15438 frames_rx=15464
[RTX-GST] RTP_RX pkts=65010 meta=15446 frames_rx=15472
[RTX-GST] RTP_RX pkts=65040 meta=15451 frames_rx=15477
[RTX-GST] VIDEO frames_rx=15479 fps=18.0 assoc_ok=13863 assoc_miss=982 ctrl_sent=13863 infer_avg=0.07ms
[RTX-GST] RTP_RX pkts=65070 meta=15459 frames_rx=15485
[RTX-GST] RTP_RX pkts=65100 meta=15466 frames_rx=15492
[RTX-GST] RTP_RX pkts=65130 meta=15474 frames_rx=15500
[RTX-GST] RTP_RX pkts=65160 meta=15480 frames_rx=15506
[RTX-GST] VIDEO frames_rx=15511 fps=18.1 assoc_ok=13894 assoc_miss=983 ctrl_sent=13894 infer_avg=0.06ms
[RTX-GST] RTP_RX pkts=65190 meta=15487 frames_rx=15513
[RTX-GST] SAVED n=13900 dropped=0 recv2save_p50=0.91ms recv2save_p95=1.10ms
[RTX-GST] RTP_RX pkts=65220 meta=15495 frames_rx=15521
[RTX-GST] RTP_RX pkts=65250 meta=15502 frames_rx=15528
[RTX-GST] RTP_RX pkts=65280 meta=15508 frames_rx=15534
[RTX-GST] RTP_RX pkts=65310 meta=15515 frames_rx=15541
[RTX-GST] VIDEO frames_rx=15544 fps=18.1 assoc_ok=13924 assoc_miss=985 ctrl_sent=13924 infer_avg=0.06ms
[RTX-GST] RTP_RX pkts=65340 meta=15523 frames_rx=15549
[RTX-GST] RTP_RX pkts=65370 meta=15530 frames_rx=15556
[RTX-GST] RTP_RX pkts=65400 meta=15538 frames_rx=15564
[RTX-GST] VIDEO frames_rx=15569 fps=18.1 assoc_ok=13945 assoc_miss=988 ctrl_sent=13945 infer_avg=0.07ms
[RTX-GST] RTP_RX pkts=65430 meta=15544 frames_rx=15570
[RTX-GST] RTP_RX pkts=65460 meta=15551 frames_rx=15577
[RTX-GST] RTP_RX pkts=65490 meta=15559 frames_rx=15585
[RTX-GST] RTP_RX pkts=65520 meta=15566 frames_rx=15592
[RTX-GST] RTP_RX pkts=65550 meta=15572 frames_rx=15598
[RTX-GST] VIDEO frames_rx=15600 fps=18.1 assoc_ok=13973 assoc_miss=990 ctrl_sent=13973 infer_avg=0.06ms
[RTX-GST] RTP_RX pkts=65580 meta=15580 frames_rx=15605
[RTX-GST] RTP_RX pkts=65610 meta=15587 frames_rx=15613
[RTX-GST] RTP_RX pkts=65640 meta=15594 frames_rx=15620
[RTX-GST] RTP_RX pkts=65670 meta=15600 frames_rx=15626
[RTX-GST] SAVED n=14000 dropped=0 recv2save_p50=0.90ms recv2save_p95=1.07ms
[RTX-GST] RTP_RX pkts=65700 meta=15608 frames_rx=15634
[RTX-GST] RTP_RX pkts=65730 meta=15615 frames_rx=15641
[RTX-GST] VIDEO frames_rx=15642 fps=18.1 assoc_ok=14012 assoc_miss=993 ctrl_sent=14012 infer_avg=0.08ms
[RTX-GST] RTP_RX pkts=65760 meta=15623 frames_rx=15649
[RTX-GST] RTP_RX pkts=65790 meta=15628 frames_rx=15654
[RTX-GST] RTP_RX pkts=65820 meta=15636 frames_rx=15662
[RTX-GST] RTP_RX pkts=65850 meta=15643 frames_rx=15669
[RTX-GST] VIDEO frames_rx=15674 fps=18.1 assoc_ok=14042 assoc_miss=995 ctrl_sent=14042 infer_avg=0.06ms
[RTX-GST] RTP_RX pkts=65880 meta=15651 frames_rx=15677
[RTX-GST] RTP_RX pkts=65910 meta=15658 frames_rx=15684
[RTX-GST] RTP_RX pkts=65940 meta=15664 frames_rx=15690
[RTX-GST] RTP_RX pkts=65970 meta=15672 frames_rx=15698
[RTX-GST] VIDEO frames_rx=15705 fps=18.1 assoc_ok=14071 assoc_miss=997 ctrl_sent=14071 infer_avg=0.08ms
[RTX-GST] RTP_RX pkts=66000 meta=15679 frames_rx=15705
[RTX-GST] RTP_RX pkts=66030 meta=15687 frames_rx=15713
[RTX-GST] RTP_RX pkts=66060 meta=15692 frames_rx=15718
[RTX-GST] RTP_RX pkts=66090 meta=15700 frames_rx=15726
[RTX-GST] RTP_RX pkts=66120 meta=15707 frames_rx=15733
[RTX-GST] VIDEO frames_rx=15736 fps=18.2 assoc_ok=14098 assoc_miss=1001 ctrl_sent=14098 infer_avg=0.07ms
[RTX-GST] SAVED n=14100 dropped=0 recv2save_p50=0.90ms recv2save_p95=1.12ms
[RTX-GST] RTP_RX pkts=66150 meta=15715 frames_rx=15741
[RTX-GST] RTP_RX pkts=66180 meta=15721 frames_rx=15747
[RTX-GST] RTP_RX pkts=66210 meta=15728 frames_rx=15754
[RTX-GST] RTP_RX pkts=66240 meta=15736 frames_rx=15762
[RTX-GST] VIDEO frames_rx=15766 fps=18.2 assoc_ok=14127 assoc_miss=1002 ctrl_sent=14127 infer_avg=0.07ms
[RTX-GST] RTP_RX pkts=66270 meta=15743 frames_rx=15769
[RTX-GST] RTP_RX pkts=66300 meta=15749 frames_rx=15775
[RTX-GST] RTP_RX pkts=66330 meta=15756 frames_rx=15782
[RTX-GST] RTP_RX pkts=66360 meta=15764 frames_rx=15790
[RTX-GST] VIDEO frames_rx=15797 fps=18.2 assoc_ok=14148 assoc_miss=1005 ctrl_sent=14148 infer_avg=0.07ms
[RTX-GST] RTP_RX pkts=66390 meta=15771 frames_rx=15797
[RTX-GST] RTP_RX pkts=66420 meta=15778 frames_rx=15804
[RTX-GST] RTP_RX pkts=66450 meta=15785 frames_rx=15811
[RTX-GST] RTP_RX pkts=66480 meta=15792 frames_rx=15818
[RTX-GST] RTP_RX pkts=66510 meta=15800 frames_rx=15826
[RTX-GST] VIDEO frames_rx=15827 fps=18.2 assoc_ok=14175 assoc_miss=1008 ctrl_sent=14175 infer_avg=0.08ms
[RTX-GST] RTP_RX pkts=66540 meta=15807 frames_rx=15833
[RTX-GST] RTP_RX pkts=66570 meta=15812 frames_rx=15839
[RTX-GST] RTP_RX pkts=66600 meta=15820 frames_rx=15846
[RTX-GST] RTP_RX pkts=66630 meta=15828 frames_rx=15854
[RTX-GST] SAVED n=14200 dropped=0 recv2save_p50=0.88ms recv2save_p95=1.34ms
[RTX-GST] VIDEO frames_rx=15859 fps=18.2 assoc_ok=14202 assoc_miss=1012 ctrl_sent=14202 infer_avg=0.15ms
[RTX-GST] RTP_RX pkts=66660 meta=15835 frames_rx=15862
[RTX-GST] RTP_RX pkts=66690 meta=15841 frames_rx=15867
[RTX-GST] RTP_RX pkts=66720 meta=15849 frames_rx=15875
[RTX-GST] RTP_RX pkts=66750 meta=15856 frames_rx=15882
[RTX-GST] VIDEO frames_rx=15890 fps=18.2 assoc_ok=14230 assoc_miss=1015 ctrl_sent=14230 infer_avg=0.13ms
[RTX-GST] RTP_RX pkts=66780 meta=15864 frames_rx=15890
[RTX-GST] RTP_RX pkts=66810 meta=15869 frames_rx=15895
[RTX-GST] RTP_RX pkts=66840 meta=15877 frames_rx=15903
[RTX-GST] RTP_RX pkts=66870 meta=15884 frames_rx=15910
[RTX-GST] RTP_RX pkts=66900 meta=15892 frames_rx=15918
[RTX-GST] VIDEO frames_rx=15921 fps=18.2 assoc_ok=14259 assoc_miss=1017 ctrl_sent=14259 infer_avg=0.11ms
[RTX-GST] RTP_RX pkts=66930 meta=15898 frames_rx=15924
[RTX-GST] RTP_RX pkts=66960 meta=15905 frames_rx=15931
[RTX-GST] RTP_RX pkts=66990 meta=15913 frames_rx=15939
[RTX-GST] RTP_RX pkts=67020 meta=15920 frames_rx=15946
[RTX-GST] VIDEO frames_rx=15952 fps=18.3 assoc_ok=14286 assoc_miss=1018 ctrl_sent=14286 infer_avg=0.06ms
[RTX-GST] RTP_RX pkts=67050 meta=15928 frames_rx=15954
[RTX-GST] RTP_RX pkts=67080 meta=15934 frames_rx=15959
[RTX-GST] SAVED n=14300 dropped=0 recv2save_p50=0.88ms recv2save_p95=1.39ms
[RTX-GST] RTP_RX pkts=67110 meta=15941 frames_rx=15967
[RTX-GST] RTP_RX pkts=67140 meta=15948 frames_rx=15974
[RTX-GST] VIDEO frames_rx=15982 fps=18.3 assoc_ok=14314 assoc_miss=1020 ctrl_sent=14314 infer_avg=0.07ms
[RTX-GST] RTP_RX pkts=67170 meta=15956 frames_rx=15982
[RTX-GST] RTP_RX pkts=67200 meta=15962 frames_rx=15988
[RTX-GST] RTP_RX pkts=67230 meta=15970 frames_rx=15995
[RTX-GST] RTP_RX pkts=67260 meta=15977 frames_rx=16003
[RTX-GST] RTP_RX pkts=67290 meta=15984 frames_rx=16010
[RTX-GST] VIDEO frames_rx=16012 fps=18.3 assoc_ok=14335 assoc_miss=1023 ctrl_sent=14335 infer_avg=0.06ms
[RTX-GST] RTP_RX pkts=67320 meta=15990 frames_rx=16016
[RTX-GST] RTP_RX pkts=67350 meta=15997 frames_rx=16023
[RTX-GST] RTP_RX pkts=67380 meta=16005 frames_rx=16031
[RTX-GST] RTP_RX pkts=67410 meta=16012 frames_rx=16038
[RTX-GST] VIDEO frames_rx=16044 fps=18.3 assoc_ok=14364 assoc_miss=1025 ctrl_sent=14364 infer_avg=0.07ms
[RTX-GST] RTP_RX pkts=67440 meta=16018 frames_rx=16044
[RTX-GST] RTP_RX pkts=67470 meta=16026 frames_rx=16052
[RTX-GST] RTP_RX pkts=67500 meta=16033 frames_rx=16059
[RTX-GST] RTP_RX pkts=67530 meta=16041 frames_rx=16067
[RTX-GST] VIDEO frames_rx=16074 fps=18.3 assoc_ok=14394 assoc_miss=1025 ctrl_sent=14394 infer_avg=0.08ms
[RTX-GST] RTP_RX pkts=67560 meta=16048 frames_rx=16074
[RTX-GST] RTP_RX pkts=67590 meta=16054 frames_rx=16080
[RTX-GST] SAVED n=14400 dropped=0 recv2save_p50=0.88ms recv2save_p95=1.39ms
[RTX-GST] RTP_RX pkts=67620 meta=16061 frames_rx=16088
[RTX-GST] RTP_RX pkts=67650 meta=16069 frames_rx=16095
[RTX-GST] RTP_RX pkts=67680 meta=16076 frames_rx=16102
[RTX-GST] VIDEO frames_rx=16106 fps=18.3 assoc_ok=14422 assoc_miss=1028 ctrl_sent=14422 infer_avg=0.06ms
[RTX-GST] RTP_RX pkts=67710 meta=16082 frames_rx=16108
[RTX-GST] RTP_RX pkts=67740 meta=16090 frames_rx=16116
[RTX-GST] RTP_RX pkts=67770 meta=16097 frames_rx=16123
[RTX-GST] RTP_RX pkts=67800 meta=16105 frames_rx=16131
[RTX-GST] RTP_RX pkts=67830 meta=16110 frames_rx=16136
[RTX-GST] VIDEO frames_rx=16142 fps=18.3 assoc_ok=14452 assoc_miss=1031 ctrl_sent=14452 infer_avg=0.07ms
[RTX-GST] RTP_RX pkts=67860 meta=16118 frames_rx=16144
[RTX-GST] RTP_RX pkts=67890 meta=16125 frames_rx=16151
[RTX-GST] RTP_RX pkts=67920 meta=16133 frames_rx=16159
[RTX-GST] RTP_RX pkts=67950 meta=16139 frames_rx=16165
[RTX-GST] VIDEO frames_rx=16172 fps=18.4 assoc_ok=14480 assoc_miss=1033 ctrl_sent=14480 infer_avg=0.09ms
[RTX-GST] RTP_RX pkts=67980 meta=16146 frames_rx=16172
[RTX-GST] RTP_RX pkts=68010 meta=16154 frames_rx=16180
[RTX-GST] RTP_RX pkts=68040 meta=16161 frames_rx=16187
[RTX-GST] SAVED n=14500 dropped=0 recv2save_p50=0.90ms recv2save_p95=1.39ms
[RTX-GST] RTP_RX pkts=68070 meta=16168 frames_rx=16194
[RTX-GST] RTP_RX pkts=68100 meta=16174 frames_rx=16200
[RTX-GST] VIDEO frames_rx=16206 fps=18.4 assoc_ok=14509 assoc_miss=1036 ctrl_sent=14509 infer_avg=0.06ms
[RTX-GST] RTP_RX pkts=68130 meta=16182 frames_rx=16208
[RTX-GST] RTP_RX pkts=68160 meta=16189 frames_rx=16215
[RTX-GST] RTP_RX pkts=68190 meta=16197 frames_rx=16223
[RTX-GST] RTP_RX pkts=68220 meta=16203 frames_rx=16229
[RTX-GST] VIDEO frames_rx=16236 fps=18.4 assoc_ok=14537 assoc_miss=1039 ctrl_sent=14537 infer_avg=0.06ms
[RTX-GST] RTP_RX pkts=68250 meta=16210 frames_rx=16236
[RTX-GST] RTP_RX pkts=68280 meta=16218 frames_rx=16244
[RTX-GST] RTP_RX pkts=68310 meta=16225 frames_rx=16251
[RTX-GST] RTP_RX pkts=68340 meta=16231 frames_rx=16257
[RTX-GST] VIDEO frames_rx=16263 fps=18.4 assoc_ok=14559 assoc_miss=1040 ctrl_sent=14559 infer_avg=0.07ms
[RTX-GST] RTP_RX pkts=68370 meta=16238 frames_rx=16264
[RTX-GST] RTP_RX pkts=68400 meta=16246 frames_rx=16272
[RTX-GST] RTP_RX pkts=68430 meta=16253 frames_rx=16279
[RTX-GST] RTP_RX pkts=68460 meta=16259 frames_rx=16285
[RTX-GST] RTP_RX pkts=68490 meta=16267 frames_rx=16293
[RTX-GST] VIDEO frames_rx=16297 fps=18.4 assoc_ok=14591 assoc_miss=1042 ctrl_sent=14591 infer_avg=0.06ms
[RTX-GST] RTP_RX pkts=68520 meta=16274 frames_rx=16300
[RTX-GST] RTP_RX pkts=68550 meta=16282 frames_rx=16308
[RTX-GST] SAVED n=14600 dropped=0 recv2save_p50=0.89ms recv2save_p95=1.39ms
[RTX-GST] RTP_RX pkts=68580 meta=16288 frames_rx=16314
[RTX-GST] VIDEO frames_rx=16321 fps=18.4 assoc_ok=14611 assoc_miss=1044 ctrl_sent=14611 infer_avg=0.07ms
[RTX-GST] RTP_RX pkts=68610 meta=16295 frames_rx=16321
[RTX-GST] RTP_RX pkts=68640 meta=16302 frames_rx=16329
[RTX-GST] RTP_RX pkts=68670 meta=16310 frames_rx=16336
[RTX-GST] RTP_RX pkts=68700 meta=16317 frames_rx=16343
[RTX-GST] VIDEO frames_rx=16349 fps=18.4 assoc_ok=14636 assoc_miss=1047 ctrl_sent=14636 infer_avg=0.06ms
[RTX-GST] RTP_RX pkts=68730 meta=16323 frames_rx=16349
[RTX-GST] RTP_RX pkts=68760 meta=16331 frames_rx=16357
[RTX-GST] RTP_RX pkts=68790 meta=16338 frames_rx=16364
[RTX-GST] RTP_RX pkts=68820 meta=16346 frames_rx=16372
[RTX-GST] RTP_RX pkts=68850 meta=16352 frames_rx=16378
[RTX-GST] VIDEO frames_rx=16379 fps=18.4 assoc_ok=14665 assoc_miss=1048 ctrl_sent=14665 infer_avg=0.06ms
[RTX-GST] RTP_RX pkts=68880 meta=16359 frames_rx=16385
[RTX-GST] RTP_RX pkts=68910 meta=16366 frames_rx=16392
[RTX-GST] RTP_RX pkts=68940 meta=16374 frames_rx=16400
[RTX-GST] RTP_RX pkts=68970 meta=16380 frames_rx=16406
[RTX-GST] RTP_RX pkts=69000 meta=16387 frames_rx=16413
[RTX-GST] VIDEO frames_rx=16418 fps=18.5 assoc_ok=14683 assoc_miss=1049 ctrl_sent=14683 infer_avg=0.10ms
[RTX-GST] RTP_RX pkts=69030 meta=16395 frames_rx=16421
[RTX-GST] RTP_RX pkts=69060 meta=16402 frames_rx=16428
[RTX-GST] RTP_RX pkts=69090 meta=16408 frames_rx=16434
[RTX-GST] SAVED n=14700 dropped=0 recv2save_p50=0.88ms recv2save_p95=1.38ms
[RTX-GST] RTP_RX pkts=69120 meta=16415 frames_rx=16441
[RTX-GST] VIDEO frames_rx=16446 fps=18.5 assoc_ok=14708 assoc_miss=1052 ctrl_sent=14708 infer_avg=0.06ms
[RTX-GST] RTP_RX pkts=69150 meta=16423 frames_rx=16449
[RTX-GST] RTP_RX pkts=69180 meta=16430 frames_rx=16456
[RTX-GST] RTP_RX pkts=69210 meta=16438 frames_rx=16464
[RTX-GST] RTP_RX pkts=69240 meta=16443 frames_rx=16470
[RTX-GST] RTP_RX pkts=69270 meta=16451 frames_rx=16477
[RTX-GST] VIDEO frames_rx=16480 fps=18.5 assoc_ok=14741 assoc_miss=1053 ctrl_sent=14741 infer_avg=0.08ms
[RTX-GST] RTP_RX pkts=69300 meta=16459 frames_rx=16485
[RTX-GST] RTP_RX pkts=69330 meta=16466 frames_rx=16492
[RTX-GST] RTP_RX pkts=69360 meta=16472 frames_rx=16498
[RTX-GST] RTP_RX pkts=69390 meta=16479 frames_rx=16505
[RTX-GST] VIDEO frames_rx=16511 fps=18.5 assoc_ok=14770 assoc_miss=1055 ctrl_sent=14770 infer_avg=0.06ms
[RTX-GST] RTP_RX pkts=69420 meta=16487 frames_rx=16513
[RTX-GST] RTP_RX pkts=69450 meta=16494 frames_rx=16520
[RTX-GST] RTP_RX pkts=69480 meta=16500 frames_rx=16526
[RTX-GST] RTP_RX pkts=69510 meta=16508 frames_rx=16534
[RTX-GST] RTP_RX pkts=69540 meta=16515 frames_rx=16541
[RTX-GST] VIDEO frames_rx=16542 fps=18.5 assoc_ok=14796 assoc_miss=1056 ctrl_sent=14796 infer_avg=0.06ms
[RTX-GST] SAVED n=14800 dropped=0 recv2save_p50=0.87ms recv2save_p95=1.27ms
[RTX-GST] RTP_RX pkts=69570 meta=16523 frames_rx=16549
[RTX-GST] RTP_RX pkts=69600 meta=16528 frames_rx=16554
[RTX-GST] RTP_RX pkts=69630 meta=16536 frames_rx=16562
[RTX-GST] RTP_RX pkts=69660 meta=16543 frames_rx=16569
[RTX-GST] VIDEO frames_rx=16573 fps=18.5 assoc_ok=14824 assoc_miss=1058 ctrl_sent=14824 infer_avg=0.09ms
[RTX-GST] RTP_RX pkts=69690 meta=16551 frames_rx=16577
[RTX-GST] RTP_RX pkts=69720 meta=16558 frames_rx=16584
[RTX-GST] RTP_RX pkts=69750 meta=16564 frames_rx=16590
[RTX-GST] RTP_RX pkts=69780 meta=16572 frames_rx=16598
[RTX-GST] VIDEO frames_rx=16605 fps=18.5 assoc_ok=14852 assoc_miss=1061 ctrl_sent=14852 infer_avg=0.11ms
[RTX-GST] RTP_RX pkts=69810 meta=16579 frames_rx=16605
[RTX-GST] RTP_RX pkts=69840 meta=16586 frames_rx=16612
[RTX-GST] RTP_RX pkts=69870 meta=16592 frames_rx=16618
[RTX-GST] RTP_RX pkts=69900 meta=16600 frames_rx=16626
[RTX-GST] RTP_RX pkts=69930 meta=16607 frames_rx=16633
[RTX-GST] VIDEO frames_rx=16636 fps=18.6 assoc_ok=14875 assoc_miss=1064 ctrl_sent=14875 infer_avg=0.10ms
[RTX-GST] RTP_RX pkts=69960 meta=16615 frames_rx=16641
[RTX-GST] RTP_RX pkts=69990 meta=16620 frames_rx=16646
[RTX-GST] RTP_RX pkts=70020 meta=16628 frames_rx=16654
[RTX-GST] RTP_RX pkts=70050 meta=16635 frames_rx=16661
[RTX-GST] SAVED n=14900 dropped=0 recv2save_p50=0.90ms recv2save_p95=1.36ms
[RTX-GST] VIDEO frames_rx=16667 fps=18.6 assoc_ok=14903 assoc_miss=1067 ctrl_sent=14903 infer_avg=0.13ms
[RTX-GST] RTP_RX pkts=70080 meta=16643 frames_rx=16669
[RTX-GST] RTP_RX pkts=70110 meta=16649 frames_rx=16675
[RTX-GST] RTP_RX pkts=70140 meta=16656 frames_rx=16682
[RTX-GST] RTP_RX pkts=70170 meta=16664 frames_rx=16690
[RTX-GST] VIDEO frames_rx=16696 fps=18.6 assoc_ok=14929 assoc_miss=1070 ctrl_sent=14929 infer_avg=0.07ms
[RTX-GST] RTP_RX pkts=70200 meta=16671 frames_rx=16697
[RTX-GST] RTP_RX pkts=70230 meta=16678 frames_rx=16704
[RTX-GST] RTP_RX pkts=70260 meta=16684 frames_rx=16710
[RTX-GST] RTP_RX pkts=70290 meta=16692 frames_rx=16718
[RTX-GST] RTP_RX pkts=70320 meta=16699 frames_rx=16725
[RTX-GST] VIDEO frames_rx=16727 fps=18.6 assoc_ok=14958 assoc_miss=1071 ctrl_sent=14958 infer_avg=0.07ms
[RTX-GST] RTP_RX pkts=70350 meta=16707 frames_rx=16733
[RTX-GST] RTP_RX pkts=70380 meta=16713 frames_rx=16739
[RTX-GST] RTP_RX pkts=70410 meta=16720 frames_rx=16746
[RTX-GST] RTP_RX pkts=70440 meta=16728 frames_rx=16754
[RTX-GST] VIDEO frames_rx=16759 fps=18.6 assoc_ok=14987 assoc_miss=1074 ctrl_sent=14987 infer_avg=0.05ms
[RTX-GST] RTP_RX pkts=70470 meta=16735 frames_rx=16761
[RTX-GST] RTP_RX pkts=70500 meta=16741 frames_rx=16767
[RTX-GST] SAVED n=15000 dropped=0 recv2save_p50=0.88ms recv2save_p95=1.36ms
[RTX-GST] RTP_RX pkts=70530 meta=16748 frames_rx=16774
[RTX-GST] RTP_RX pkts=70560 meta=16756 frames_rx=16782
[RTX-GST] RTP_RX pkts=70590 meta=16763 frames_rx=16789
[RTX-GST] VIDEO frames_rx=16791 fps=18.6 assoc_ok=15018 assoc_miss=1075 ctrl_sent=15018 infer_avg=0.09ms
[RTX-GST] RTP_RX pkts=70620 meta=16769 frames_rx=16795
[RTX-GST] RTP_RX pkts=70650 meta=16777 frames_rx=16803
[RTX-GST] RTP_RX pkts=70680 meta=16784 frames_rx=16810
[RTX-GST] RTP_RX pkts=70710 meta=16792 frames_rx=16818
[RTX-GST] VIDEO frames_rx=16823 fps=18.6 assoc_ok=15047 assoc_miss=1078 ctrl_sent=15047 infer_avg=0.07ms
[RTX-GST] RTP_RX pkts=70740 meta=16798 frames_rx=16824
[RTX-GST] RTP_RX pkts=70770 meta=16805 frames_rx=16831
[RTX-GST] RTP_RX pkts=70800 meta=16812 frames_rx=16838
[RTX-GST] RTP_RX pkts=70830 meta=16820 frames_rx=16846
[RTX-GST] VIDEO frames_rx=16853 fps=18.6 assoc_ok=15075 assoc_miss=1080 ctrl_sent=15075 infer_avg=0.07ms
[RTX-GST] RTP_RX pkts=70860 meta=16827 frames_rx=16853
[RTX-GST] RTP_RX pkts=70890 meta=16833 frames_rx=16859
[RTX-GST] RTP_RX pkts=70920 meta=16841 frames_rx=16867
[RTX-GST] RTP_RX pkts=70950 meta=16848 frames_rx=16874
[RTX-GST] SAVED n=15100 dropped=0 recv2save_p50=0.90ms recv2save_p95=1.36ms
[RTX-GST] RTP_RX pkts=70980 meta=16856 frames_rx=16882
[RTX-GST] VIDEO frames_rx=16883 fps=18.7 assoc_ok=15102 assoc_miss=1083 ctrl_sent=15102 infer_avg=0.07ms
[RTX-GST] RTP_RX pkts=71010 meta=16861 frames_rx=16887
[RTX-GST] RTP_RX pkts=71040 meta=16869 frames_rx=16895
[RTX-GST] RTP_RX pkts=71070 meta=16876 frames_rx=16902
[RTX-GST] RTP_RX pkts=71100 meta=16884 frames_rx=16910
[RTX-GST] VIDEO frames_rx=16914 fps=18.7 assoc_ok=15132 assoc_miss=1084 ctrl_sent=15132 infer_avg=0.08ms
[RTX-GST] RTP_RX pkts=71130 meta=16890 frames_rx=16915
[RTX-GST] RTP_RX pkts=71160 meta=16897 frames_rx=16923
[RTX-GST] RTP_RX pkts=71190 meta=16905 frames_rx=16931
[RTX-GST] RTP_RX pkts=71220 meta=16913 frames_rx=16938
[RTX-GST] VIDEO frames_rx=16944 fps=18.7 assoc_ok=15160 assoc_miss=1086 ctrl_sent=15160 infer_avg=0.05ms
[RTX-GST] RTP_RX pkts=71250 meta=16918 frames_rx=16944
[RTX-GST] RTP_RX pkts=71280 meta=16925 frames_rx=16951
[RTX-GST] RTP_RX pkts=71310 meta=16933 frames_rx=16959
[RTX-GST] RTP_RX pkts=71340 meta=16940 frames_rx=16967
[RTX-GST] RTP_RX pkts=71370 meta=16948 frames_rx=16974
[RTX-GST] VIDEO frames_rx=16975 fps=18.7 assoc_ok=15189 assoc_miss=1088 ctrl_sent=15189 infer_avg=0.07ms
[RTX-GST] RTP_RX pkts=71400 meta=16954 frames_rx=16980
[RTX-GST] SAVED n=15200 dropped=0 recv2save_p50=0.93ms recv2save_p95=1.35ms
[RTX-GST] RTP_RX pkts=71430 meta=16961 frames_rx=16987
[RTX-GST] RTP_RX pkts=71460 meta=16969 frames_rx=16995
[RTX-GST] RTP_RX pkts=71490 meta=16976 frames_rx=17002
[RTX-GST] VIDEO frames_rx=17005 fps=18.7 assoc_ok=15217 assoc_miss=1090 ctrl_sent=15217 infer_avg=0.09ms
[RTX-GST] RTP_RX pkts=71520 meta=16982 frames_rx=17008
[RTX-GST] RTP_RX pkts=71550 meta=16989 frames_rx=17015
[RTX-GST] RTP_RX pkts=71580 meta=16997 frames_rx=17023
[RTX-GST] RTP_RX pkts=71610 meta=17004 frames_rx=17031
[RTX-GST] VIDEO frames_rx=17035 fps=18.7 assoc_ok=15246 assoc_miss=1091 ctrl_sent=15246 infer_avg=0.08ms
[RTX-GST] RTP_RX pkts=71640 meta=17010 frames_rx=17036
[RTX-GST] RTP_RX pkts=71670 meta=17018 frames_rx=17044
[RTX-GST] RTP_RX pkts=71700 meta=17025 frames_rx=17051
[RTX-GST] RTP_RX pkts=71730 meta=17033 frames_rx=17059
[RTX-GST] RTP_RX pkts=71760 meta=17038 frames_rx=17064
[RTX-GST] VIDEO frames_rx=17067 fps=18.7 assoc_ok=15274 assoc_miss=1094 ctrl_sent=15274 infer_avg=0.07ms
[RTX-GST] RTP_RX pkts=71790 meta=17046 frames_rx=17072
[RTX-GST] RTP_RX pkts=71820 meta=17053 frames_rx=17079
[RTX-GST] RTP_RX pkts=71850 meta=17061 frames_rx=17087
[RTX-GST] RTP_RX pkts=71880 meta=17068 frames_rx=17094
[RTX-GST] SAVED n=15300 dropped=0 recv2save_p50=0.94ms recv2save_p95=1.35ms
[RTX-GST] RTP_RX pkts=71910 meta=17074 frames_rx=17100
[RTX-GST] VIDEO frames_rx=17102 fps=18.7 assoc_ok=15303 assoc_miss=1099 ctrl_sent=15303 infer_avg=0.09ms
[RTX-GST] RTP_RX pkts=71940 meta=17082 frames_rx=17108
[RTX-GST] RTP_RX pkts=71970 meta=17089 frames_rx=17115
[RTX-GST] RTP_RX pkts=72000 meta=17097 frames_rx=17123
[RTX-GST] RTP_RX pkts=72030 meta=17102 frames_rx=17128
[RTX-GST] VIDEO frames_rx=17130 fps=18.8 assoc_ok=15330 assoc_miss=1100 ctrl_sent=15330 infer_avg=0.09ms
[RTX-GST] RTP_RX pkts=72060 meta=17110 frames_rx=17136
[RTX-GST] RTP_RX pkts=72090 meta=17117 frames_rx=17143
[RTX-GST] RTP_RX pkts=72120 meta=17125 frames_rx=17151
[RTX-GST] RTP_RX pkts=72150 meta=17131 frames_rx=17157
[RTX-GST] VIDEO frames_rx=17161 fps=18.8 assoc_ok=15360 assoc_miss=1101 ctrl_sent=15360 infer_avg=0.09ms
[RTX-GST] RTP_RX pkts=72180 meta=17138 frames_rx=17164
[RTX-GST] RTP_RX pkts=72210 meta=17146 frames_rx=17172
[RTX-GST] RTP_RX pkts=72240 meta=17153 frames_rx=17179
[RTX-GST] RTP_RX pkts=72270 meta=17159 frames_rx=17185
[RTX-GST] VIDEO frames_rx=17190 fps=18.8 assoc_ok=15384 assoc_miss=1103 ctrl_sent=15384 infer_avg=0.07ms
[RTX-GST] RTP_RX pkts=72300 meta=17166 frames_rx=17192
[RTX-GST] RTP_RX pkts=72330 meta=17174 frames_rx=17200
[RTX-GST] SAVED n=15400 dropped=0 recv2save_p50=0.93ms recv2save_p95=1.11ms
[RTX-GST] RTP_RX pkts=72360 meta=17181 frames_rx=17207
[RTX-GST] RTP_RX pkts=72390 meta=17188 frames_rx=17214
[RTX-GST] RTP_RX pkts=72420 meta=17195 frames_rx=17221
[RTX-GST] VIDEO frames_rx=17224 fps=18.8 assoc_ok=15416 assoc_miss=1105 ctrl_sent=15416 infer_avg=0.14ms
[RTX-GST] RTP_RX pkts=72450 meta=17202 frames_rx=17228
[RTX-GST] RTP_RX pkts=72480 meta=17210 frames_rx=17236
[RTX-GST] RTP_RX pkts=72510 meta=17217 frames_rx=17243
[RTX-GST] RTP_RX pkts=72540 meta=17223 frames_rx=17249
[RTX-GST] VIDEO frames_rx=17252 fps=18.8 assoc_ok=15441 assoc_miss=1107 ctrl_sent=15441 infer_avg=0.09ms
[RTX-GST] RTP_RX pkts=72570 meta=17231 frames_rx=17256
[RTX-GST] RTP_RX pkts=72600 meta=17238 frames_rx=17264
[RTX-GST] RTP_RX pkts=72630 meta=17245 frames_rx=17271
[RTX-GST] RTP_RX pkts=72660 meta=17251 frames_rx=17277
[RTX-GST] RTP_RX pkts=72690 meta=17259 frames_rx=17285
[RTX-GST] VIDEO frames_rx=17290 fps=18.8 assoc_ok=15477 assoc_miss=1110 ctrl_sent=15477 infer_avg=0.07ms
[RTX-GST] RTP_RX pkts=72720 meta=17266 frames_rx=17292
[RTX-GST] RTP_RX pkts=72750 meta=17274 frames_rx=17300
[RTX-GST] RTP_RX pkts=72780 meta=17279 frames_rx=17305
[RTX-GST] RTP_RX pkts=72810 meta=17287 frames_rx=17313
[RTX-GST] SAVED n=15500 dropped=0 recv2save_p50=0.94ms recv2save_p95=1.33ms
[RTX-GST] RTP_RX pkts=72840 meta=17294 frames_rx=17320
[RTX-GST] VIDEO frames_rx=17321 fps=18.8 assoc_ok=15507 assoc_miss=1110 ctrl_sent=15507 infer_avg=0.07ms
[RTX-GST] RTP_RX pkts=72870 meta=17302 frames_rx=17328
[RTX-GST] RTP_RX pkts=72900 meta=17308 frames_rx=17334
[RTX-GST] RTP_RX pkts=72930 meta=17315 frames_rx=17341
[RTX-GST] RTP_RX pkts=72960 meta=17323 frames_rx=17349
[RTX-GST] VIDEO frames_rx=17352 fps=18.8 assoc_ok=15536 assoc_miss=1112 ctrl_sent=15536 infer_avg=0.10ms
[RTX-GST] RTP_RX pkts=72990 meta=17330 frames_rx=17356
[RTX-GST] RTP_RX pkts=73020 meta=17338 frames_rx=17364
[RTX-GST] RTP_RX pkts=73050 meta=17343 frames_rx=17369
[RTX-GST] RTP_RX pkts=73080 meta=17351 frames_rx=17377
[RTX-GST] VIDEO frames_rx=17383 fps=18.9 assoc_ok=15565 assoc_miss=1113 ctrl_sent=15565 infer_avg=0.08ms
[RTX-GST] RTP_RX pkts=73110 meta=17358 frames_rx=17384
[RTX-GST] RTP_RX pkts=73140 meta=17366 frames_rx=17392
[RTX-GST] RTP_RX pkts=73170 meta=17372 frames_rx=17398
[RTX-GST] RTP_RX pkts=73200 meta=17379 frames_rx=17405
[RTX-GST] RTP_RX pkts=73230 meta=17387 frames_rx=17413
[RTX-GST] VIDEO frames_rx=17414 fps=18.9 assoc_ok=15594 assoc_miss=1115 ctrl_sent=15594 infer_avg=0.09ms
[RTX-GST] SAVED n=15600 dropped=0 recv2save_p50=0.96ms recv2save_p95=1.34ms
[RTX-GST] RTP_RX pkts=73260 meta=17394 frames_rx=17420
[RTX-GST] RTP_RX pkts=73290 meta=17400 frames_rx=17426
[RTX-GST] RTP_RX pkts=73320 meta=17407 frames_rx=17433
[RTX-GST] RTP_RX pkts=73350 meta=17415 frames_rx=17441
[RTX-GST] VIDEO frames_rx=17445 fps=18.9 assoc_ok=15623 assoc_miss=1117 ctrl_sent=15623 infer_avg=0.09ms
[RTX-GST] RTP_RX pkts=73380 meta=17422 frames_rx=17448
[RTX-GST] RTP_RX pkts=73410 meta=17428 frames_rx=17454
[RTX-GST] RTP_RX pkts=73440 meta=17436 frames_rx=17462
[RTX-GST] RTP_RX pkts=73470 meta=17443 frames_rx=17469
[RTX-GST] VIDEO frames_rx=17476 fps=18.9 assoc_ok=15653 assoc_miss=1118 ctrl_sent=15653 infer_avg=0.08ms
[RTX-GST] RTP_RX pkts=73500 meta=17451 frames_rx=17477
[RTX-GST] RTP_RX pkts=73530 meta=17458 frames_rx=17484
[RTX-GST] RTP_RX pkts=73560 meta=17464 frames_rx=17490
[RTX-GST] RTP_RX pkts=73590 meta=17471 frames_rx=17497
[RTX-GST] RTP_RX pkts=73620 meta=17479 frames_rx=17505
[RTX-GST] VIDEO frames_rx=17507 fps=18.9 assoc_ok=15681 assoc_miss=1120 ctrl_sent=15681 infer_avg=0.07ms
[RTX-GST] RTP_RX pkts=73650 meta=17486 frames_rx=17512
[RTX-GST] RTP_RX pkts=73680 meta=17493 frames_rx=17518
[RTX-GST] RTP_RX pkts=73710 meta=17500 frames_rx=17526
[RTX-GST] SAVED n=15700 dropped=0 recv2save_p50=0.96ms recv2save_p95=1.34ms
[RTX-GST] RTP_RX pkts=73740 meta=17507 frames_rx=17533
[RTX-GST] VIDEO frames_rx=17538 fps=18.9 assoc_ok=15711 assoc_miss=1121 ctrl_sent=15711 infer_avg=0.07ms
[RTX-GST] RTP_RX pkts=73770 meta=17515 frames_rx=17541
[RTX-GST] RTP_RX pkts=73800 meta=17521 frames_rx=17546
[RTX-GST] RTP_RX pkts=73830 meta=17528 frames_rx=17554
[RTX-GST] RTP_RX pkts=73860 meta=17535 frames_rx=17561
[RTX-GST] VIDEO frames_rx=17568 fps=18.9 assoc_ok=15739 assoc_miss=1123 ctrl_sent=15739 infer_avg=0.05ms
[RTX-GST] RTP_RX pkts=73890 meta=17543 frames_rx=17569
[RTX-GST] RTP_RX pkts=73920 meta=17549 frames_rx=17575
[RTX-GST] RTP_RX pkts=73950 meta=17556 frames_rx=17582
[RTX-GST] RTP_RX pkts=73980 meta=17564 frames_rx=17590
[RTX-GST] RTP_RX pkts=74010 meta=17571 frames_rx=17597
[RTX-GST] VIDEO frames_rx=17598 fps=18.9 assoc_ok=15768 assoc_miss=1123 ctrl_sent=15768 infer_avg=0.06ms
[RTX-GST] RTP_RX pkts=74040 meta=17578 frames_rx=17604
[RTX-GST] RTP_RX pkts=74070 meta=17584 frames_rx=17610
[RTX-GST] RTP_RX pkts=74100 meta=17592 frames_rx=17618
[RTX-GST] VIDEO frames_rx=17626 fps=19.0 assoc_ok=15794 assoc_miss=1124 ctrl_sent=15794 infer_avg=0.07ms
[RTX-GST] RTP_RX pkts=74130 meta=17600 frames_rx=17626
[RTX-GST] SAVED n=15800 dropped=0 recv2save_p50=0.94ms recv2save_p95=1.34ms
[RTX-GST] RTP_RX pkts=74160 meta=17607 frames_rx=17633
[RTX-GST] RTP_RX pkts=74190 meta=17613 frames_rx=17639
[RTX-GST] RTP_RX pkts=74220 meta=17620 frames_rx=17646
[RTX-GST] RTP_RX pkts=74250 meta=17628 frames_rx=17654
[RTX-GST] VIDEO frames_rx=17659 fps=19.0 assoc_ok=15826 assoc_miss=1125 ctrl_sent=15826 infer_avg=0.08ms
[RTX-GST] RTP_RX pkts=74280 meta=17635 frames_rx=17661
[RTX-GST] RTP_RX pkts=74310 meta=17641 frames_rx=17667
[RTX-GST] RTP_RX pkts=74340 meta=17649 frames_rx=17675
[RTX-GST] RTP_RX pkts=74370 meta=17656 frames_rx=17682
[RTX-GST] VIDEO frames_rx=17689 fps=19.0 assoc_ok=15855 assoc_miss=1126 ctrl_sent=15855 infer_avg=0.06ms
[RTX-GST] RTP_RX pkts=74400 meta=17664 frames_rx=17690
[RTX-GST] RTP_RX pkts=74430 meta=17669 frames_rx=17695
[RTX-GST] RTP_RX pkts=74460 meta=17677 frames_rx=17703
[RTX-GST] RTP_RX pkts=74490 meta=17684 frames_rx=17710
[RTX-GST] RTP_RX pkts=74520 meta=17692 frames_rx=17718
[RTX-GST] VIDEO frames_rx=17720 fps=19.0 assoc_ok=15886 assoc_miss=1126 ctrl_sent=15886 infer_avg=0.06ms
[RTX-GST] RTP_RX pkts=74550 meta=17698 frames_rx=17724
[RTX-GST] RTP_RX pkts=74580 meta=17705 frames_rx=17731
[RTX-GST] SAVED n=15900 dropped=0 recv2save_p50=0.97ms recv2save_p95=1.36ms
[RTX-GST] RTP_RX pkts=74610 meta=17713 frames_rx=17739
[RTX-GST] RTP_RX pkts=74640 meta=17720 frames_rx=17746
[RTX-GST] RTP_RX pkts=74670 meta=17727 frames_rx=17754
[RTX-GST] VIDEO frames_rx=17754 fps=19.0 assoc_ok=15910 assoc_miss=1130 ctrl_sent=15910 infer_avg=0.08ms
[RTX-GST] RTP_RX pkts=74700 meta=17733 frames_rx=17759
[RTX-GST] RTP_RX pkts=74730 meta=17741 frames_rx=17767
[RTX-GST] RTP_RX pkts=74760 meta=17748 frames_rx=17774
[RTX-GST] RTP_RX pkts=74790 meta=17756 frames_rx=17782
[RTX-GST] VIDEO frames_rx=17787 fps=19.0 assoc_ok=15937 assoc_miss=1133 ctrl_sent=15937 infer_avg=0.13ms
[RTX-GST] RTP_RX pkts=74820 meta=17762 frames_rx=17788
[RTX-GST] RTP_RX pkts=74850 meta=17769 frames_rx=17796
[RTX-GST] RTP_RX pkts=74880 meta=17777 frames_rx=17803
[RTX-GST] RTP_RX pkts=74910 meta=17784 frames_rx=17810
[RTX-GST] RTP_RX pkts=74940 meta=17790 frames_rx=17816
[RTX-GST] VIDEO frames_rx=17819 fps=19.0 assoc_ok=15968 assoc_miss=1135 ctrl_sent=15968 infer_avg=0.13ms
[RTX-GST] RTP_RX pkts=74970 meta=17797 frames_rx=17823
[RTX-GST] RTP_RX pkts=75000 meta=17805 frames_rx=17831
[RTX-GST] RTP_RX pkts=75030 meta=17812 frames_rx=17839
[RTX-GST] RTP_RX pkts=75060 meta=17818 frames_rx=17844
[RTX-GST] VIDEO frames_rx=17850 fps=19.0 assoc_ok=15998 assoc_miss=1136 ctrl_sent=15998 infer_avg=0.06ms
[RTX-GST] RTP_RX pkts=75090 meta=17826 frames_rx=17852
[RTX-GST] SAVED n=16000 dropped=0 recv2save_p50=0.98ms recv2save_p95=1.45ms
[RTX-GST] RTP_RX pkts=75120 meta=17833 frames_rx=17859
[RTX-GST] RTP_RX pkts=75150 meta=17841 frames_rx=17867
[RTX-GST] RTP_RX pkts=75180 meta=17848 frames_rx=17874
[RTX-GST] VIDEO frames_rx=17880 fps=19.1 assoc_ok=16021 assoc_miss=1138 ctrl_sent=16021 infer_avg=0.07ms
[RTX-GST] RTP_RX pkts=75210 meta=17854 frames_rx=17880
[RTX-GST] RTP_RX pkts=75240 meta=17861 frames_rx=17887
[RTX-GST] RTP_RX pkts=75270 meta=17869 frames_rx=17895
[RTX-GST] RTP_RX pkts=75300 meta=17876 frames_rx=17903
[RTX-GST] RTP_RX pkts=75330 meta=17882 frames_rx=17908
[RTX-GST] VIDEO frames_rx=17911 fps=19.1 assoc_ok=16051 assoc_miss=1140 ctrl_sent=16051 infer_avg=0.08ms
[RTX-GST] RTP_RX pkts=75360 meta=17890 frames_rx=17916
[RTX-GST] RTP_RX pkts=75390 meta=17897 frames_rx=17923
[RTX-GST] RTP_RX pkts=75420 meta=17905 frames_rx=17931
[RTX-GST] RTP_RX pkts=75450 meta=17910 frames_rx=17936
[RTX-GST] VIDEO frames_rx=17942 fps=19.1 assoc_ok=16080 assoc_miss=1142 ctrl_sent=16080 infer_avg=0.10ms
[RTX-GST] RTP_RX pkts=75480 meta=17918 frames_rx=17944
[RTX-GST] RTP_RX pkts=75510 meta=17925 frames_rx=17951
[RTX-GST] RTP_RX pkts=75540 meta=17933 frames_rx=17959
[RTX-GST] SAVED n=16100 dropped=0 recv2save_p50=1.00ms recv2save_p95=1.45ms
[RTX-GST] RTP_RX pkts=75570 meta=17939 frames_rx=17965
[RTX-GST] RTP_RX pkts=75600 meta=17946 frames_rx=17972
[RTX-GST] VIDEO frames_rx=17973 fps=19.1 assoc_ok=16110 assoc_miss=1143 ctrl_sent=16110 infer_avg=0.09ms
[RTX-GST] RTP_RX pkts=75630 meta=17954 frames_rx=17980
[RTX-GST] RTP_RX pkts=75660 meta=17961 frames_rx=17987
[RTX-GST] RTP_RX pkts=75690 meta=17968 frames_rx=17994
[RTX-GST] RTP_RX pkts=75720 meta=17975 frames_rx=18000
[RTX-GST] RTP_RX pkts=75750 meta=17982 frames_rx=18008
[RTX-GST] VIDEO frames_rx=18009 fps=19.1 assoc_ok=16123 assoc_miss=1144 ctrl_sent=16123 infer_avg=0.07ms
[RTX-GST] RTP_RX pkts=75780 meta=17989 frames_rx=18015
[RTX-GST] RTP_RX pkts=75810 meta=17997 frames_rx=18023
[RTX-GST] RTP_RX pkts=75840 meta=18003 frames_rx=18029
[RTX-GST] RTP_RX pkts=75870 meta=18010 frames_rx=18036
[RTX-GST] VIDEO frames_rx=18041 fps=19.1 assoc_ok=16152 assoc_miss=1148 ctrl_sent=16152 infer_avg=0.06ms
[RTX-GST] RTP_RX pkts=75900 meta=18018 frames_rx=18044
[RTX-GST] RTP_RX pkts=75930 meta=18025 frames_rx=18051
[RTX-GST] RTP_RX pkts=75960 meta=18031 frames_rx=18057
[RTX-GST] RTP_RX pkts=75990 meta=18038 frames_rx=18064
[RTX-GST] VIDEO frames_rx=18071 fps=19.1 assoc_ok=16181 assoc_miss=1149 ctrl_sent=16181 infer_avg=0.07ms
[RTX-GST] RTP_RX pkts=76020 meta=18046 frames_rx=18072
[RTX-GST] RTP_RX pkts=76050 meta=18053 frames_rx=18080
[RTX-GST] RTP_RX pkts=76080 meta=18059 frames_rx=18085
[RTX-GST] SAVED n=16200 dropped=0 recv2save_p50=1.00ms recv2save_p95=1.46ms
[RTX-GST] RTP_RX pkts=76110 meta=18067 frames_rx=18093
[RTX-GST] RTP_RX pkts=76140 meta=18074 frames_rx=18100
[RTX-GST] VIDEO frames_rx=18101 fps=19.1 assoc_ok=16208 assoc_miss=1151 ctrl_sent=16208 infer_avg=0.07ms
[RTX-GST] RTP_RX pkts=76170 meta=18081 frames_rx=18108
[RTX-GST] RTP_RX pkts=76200 meta=18088 frames_rx=18114
[RTX-GST] RTP_RX pkts=76230 meta=18095 frames_rx=18121
[RTX-GST] RTP_RX pkts=76260 meta=18102 frames_rx=18129
[RTX-GST] VIDEO frames_rx=18132 fps=19.2 assoc_ok=16236 assoc_miss=1154 ctrl_sent=16236 infer_avg=0.09ms
[RTX-GST] RTP_RX pkts=76290 meta=18110 frames_rx=18136
[RTX-GST] RTP_RX pkts=76320 meta=18117 frames_rx=18143
[RTX-GST] RTP_RX pkts=76350 meta=18123 frames_rx=18149
[RTX-GST] RTP_RX pkts=76380 meta=18131 frames_rx=18157
[RTX-GST] VIDEO frames_rx=18162 fps=19.2 assoc_ok=16265 assoc_miss=1155 ctrl_sent=16265 infer_avg=0.06ms
[RTX-GST] RTP_RX pkts=76410 meta=18138 frames_rx=18164
[RTX-GST] RTP_RX pkts=76440 meta=18146 frames_rx=18172
[RTX-GST] RTP_RX pkts=76470 meta=18151 frames_rx=18177
[RTX-GST] RTP_RX pkts=76500 meta=18159 frames_rx=18185
[RTX-GST] RTP_RX pkts=76530 meta=18166 frames_rx=18192
[RTX-GST] VIDEO frames_rx=18194 fps=19.2 assoc_ok=16292 assoc_miss=1159 ctrl_sent=16292 infer_avg=0.07ms
[RTX-GST] RTP_RX pkts=76560 meta=18174 frames_rx=18200
[RTX-GST] SAVED n=16300 dropped=0 recv2save_p50=1.05ms recv2save_p95=1.48ms
[RTX-GST] RTP_RX pkts=76590 meta=18180 frames_rx=18206
[RTX-GST] RTP_RX pkts=76620 meta=18187 frames_rx=18213
[RTX-GST] RTP_RX pkts=76650 meta=18195 frames_rx=18221
[RTX-GST] VIDEO frames_rx=18223 fps=19.2 assoc_ok=16319 assoc_miss=1161 ctrl_sent=16319 infer_avg=0.06ms
[RTX-GST] RTP_RX pkts=76680 meta=18202 frames_rx=18228
[RTX-GST] RTP_RX pkts=76710 meta=18208 frames_rx=18234
[RTX-GST] RTP_RX pkts=76740 meta=18215 frames_rx=18241
[RTX-GST] RTP_RX pkts=76770 meta=18223 frames_rx=18249
[RTX-GST] VIDEO frames_rx=18254 fps=19.2 assoc_ok=16347 assoc_miss=1163 ctrl_sent=16347 infer_avg=0.06ms
[RTX-GST] RTP_RX pkts=76800 meta=18230 frames_rx=18256
[RTX-GST] RTP_RX pkts=76830 meta=18238 frames_rx=18264
[RTX-GST] RTP_RX pkts=76860 meta=18244 frames_rx=18270
[RTX-GST] RTP_RX pkts=76890 meta=18251 frames_rx=18277
[RTX-GST] VIDEO frames_rx=18285 fps=19.2 assoc_ok=16375 assoc_miss=1166 ctrl_sent=16375 infer_avg=0.07ms
[RTX-GST] RTP_RX pkts=76920 meta=18259 frames_rx=18285
[RTX-GST] RTP_RX pkts=76950 meta=18266 frames_rx=18292
[RTX-GST] RTP_RX pkts=76980 meta=18272 frames_rx=18298
[RTX-GST] RTP_RX pkts=77010 meta=18279 frames_rx=18305
[RTX-GST] SAVED n=16400 dropped=0 recv2save_p50=1.05ms recv2save_p95=1.48ms
[RTX-GST] RTP_RX pkts=77040 meta=18287 frames_rx=18313
[RTX-GST] VIDEO frames_rx=18316 fps=19.2 assoc_ok=16406 assoc_miss=1166 ctrl_sent=16406 infer_avg=0.07ms
[RTX-GST] RTP_RX pkts=77070 meta=18294 frames_rx=18321
[RTX-GST] RTP_RX pkts=77100 meta=18300 frames_rx=18326
[RTX-GST] RTP_RX pkts=77130 meta=18308 frames_rx=18334
[RTX-GST] RTP_RX pkts=77160 meta=18315 frames_rx=18341
[RTX-GST] VIDEO frames_rx=18347 fps=19.2 assoc_ok=16433 assoc_miss=1169 ctrl_sent=16433 infer_avg=0.08ms
[RTX-GST] RTP_RX pkts=77190 meta=18323 frames_rx=18349
[RTX-GST] RTP_RX pkts=77220 meta=18328 frames_rx=18354
[RTX-GST] RTP_RX pkts=77250 meta=18336 frames_rx=18362
[RTX-GST] RTP_RX pkts=77280 meta=18343 frames_rx=18369
[RTX-GST] VIDEO frames_rx=18377 fps=19.2 assoc_ok=16462 assoc_miss=1170 ctrl_sent=16462 infer_avg=0.07ms
[RTX-GST] RTP_RX pkts=77310 meta=18351 frames_rx=18377
[RTX-GST] RTP_RX pkts=77340 meta=18358 frames_rx=18384
[RTX-GST] RTP_RX pkts=77370 meta=18364 frames_rx=18390
[RTX-GST] RTP_RX pkts=77400 meta=18372 frames_rx=18398
[RTX-GST] RTP_RX pkts=77430 meta=18380 frames_rx=18405
[RTX-GST] VIDEO frames_rx=18408 fps=19.3 assoc_ok=16490 assoc_miss=1172 ctrl_sent=16490 infer_avg=0.06ms
[RTX-GST] RTP_RX pkts=77460 meta=18387 frames_rx=18413
[RTX-GST] RTP_RX pkts=77490 meta=18392 frames_rx=18418
[RTX-GST] SAVED n=16500 dropped=0 recv2save_p50=1.03ms recv2save_p95=1.39ms
[RTX-GST] RTP_RX pkts=77520 meta=18400 frames_rx=18426
[RTX-GST] RTP_RX pkts=77550 meta=18407 frames_rx=18433
[RTX-GST] VIDEO frames_rx=18439 fps=19.3 assoc_ok=16518 assoc_miss=1175 ctrl_sent=16518 infer_avg=0.06ms
[RTX-GST] RTP_RX pkts=77580 meta=18415 frames_rx=18441
[RTX-GST] RTP_RX pkts=77610 meta=18421 frames_rx=18447
[RTX-GST] RTP_RX pkts=77640 meta=18428 frames_rx=18454
[RTX-GST] RTP_RX pkts=77670 meta=18436 frames_rx=18462
[RTX-GST] VIDEO frames_rx=18469 fps=19.3 assoc_ok=16547 assoc_miss=1176 ctrl_sent=16547 infer_avg=0.08ms
[RTX-GST] RTP_RX pkts=77700 meta=18443 frames_rx=18469
[RTX-GST] RTP_RX pkts=77730 meta=18449 frames_rx=18475
[RTX-GST] RTP_RX pkts=77760 meta=18456 frames_rx=18482
[RTX-GST] RTP_RX pkts=77790 meta=18464 frames_rx=18490
[RTX-GST] RTP_RX pkts=77820 meta=18471 frames_rx=18498
[RTX-GST] VIDEO frames_rx=18500 fps=19.3 assoc_ok=16575 assoc_miss=1179 ctrl_sent=16575 infer_avg=0.12ms
[RTX-GST] RTP_RX pkts=77850 meta=18478 frames_rx=18504
[RTX-GST] RTP_RX pkts=77880 meta=18485 frames_rx=18511
[RTX-GST] RTP_RX pkts=77910 meta=18492 frames_rx=18518
[RTX-GST] SAVED n=16600 dropped=0 recv2save_p50=1.01ms recv2save_p95=1.39ms
[RTX-GST] RTP_RX pkts=77940 meta=18500 frames_rx=18526
[RTX-GST] RTP_RX pkts=77970 meta=18507 frames_rx=18533
[RTX-GST] VIDEO frames_rx=18534 fps=19.3 assoc_ok=16604 assoc_miss=1180 ctrl_sent=16604 infer_avg=0.08ms
[RTX-GST] RTP_RX pkts=78000 meta=18513 frames_rx=18539
[RTX-GST] RTP_RX pkts=78030 meta=18520 frames_rx=18546
[RTX-GST] RTP_RX pkts=78060 meta=18528 frames_rx=18554
[RTX-GST] RTP_RX pkts=78090 meta=18535 frames_rx=18561
[RTX-GST] VIDEO frames_rx=18565 fps=19.3 assoc_ok=16633 assoc_miss=1183 ctrl_sent=16633 infer_avg=0.12ms
[RTX-GST] RTP_RX pkts=78120 meta=18541 frames_rx=18568
[RTX-GST] RTP_RX pkts=78150 meta=18549 frames_rx=18575
[RTX-GST] RTP_RX pkts=78180 meta=18556 frames_rx=18582
[RTX-GST] RTP_RX pkts=78210 meta=18564 frames_rx=18590
[RTX-GST] RTP_RX pkts=78240 meta=18569 frames_rx=18595
[RTX-GST] VIDEO frames_rx=18597 fps=19.3 assoc_ok=16665 assoc_miss=1183 ctrl_sent=16665 infer_avg=0.08ms
[RTX-GST] RTP_RX pkts=78270 meta=18577 frames_rx=18603
[RTX-GST] RTP_RX pkts=78300 meta=18584 frames_rx=18610
[RTX-GST] RTP_RX pkts=78330 meta=18592 frames_rx=18618
[RTX-GST] RTP_RX pkts=78360 meta=18598 frames_rx=18624
[RTX-GST] VIDEO frames_rx=18627 fps=19.3 assoc_ok=16688 assoc_miss=1187 ctrl_sent=16688 infer_avg=0.07ms
[RTX-GST] RTP_RX pkts=78390 meta=18605 frames_rx=18631
[RTX-GST] SAVED n=16700 dropped=0 recv2save_p50=1.00ms recv2save_p95=1.41ms
[RTX-GST] RTP_RX pkts=78420 meta=18613 frames_rx=18639
[RTX-GST] RTP_RX pkts=78450 meta=18621 frames_rx=18646
[RTX-GST] RTP_RX pkts=78480 meta=18628 frames_rx=18654
[RTX-GST] VIDEO frames_rx=18657 fps=19.4 assoc_ok=16714 assoc_miss=1190 ctrl_sent=16714 infer_avg=0.08ms
[RTX-GST] RTP_RX pkts=78510 meta=18633 frames_rx=18659
[RTX-GST] RTP_RX pkts=78540 meta=18641 frames_rx=18667
[RTX-GST] RTP_RX pkts=78570 meta=18648 frames_rx=18674
[RTX-GST] RTP_RX pkts=78600 meta=18656 frames_rx=18682
[RTX-GST] RTP_RX pkts=78630 meta=18662 frames_rx=18688
[RTX-GST] VIDEO frames_rx=18689 fps=19.4 assoc_ok=16741 assoc_miss=1190 ctrl_sent=16741 infer_avg=0.08ms
[RTX-GST] RTP_RX pkts=78660 meta=18669 frames_rx=18695
[RTX-GST] RTP_RX pkts=78690 meta=18677 frames_rx=18703
[RTX-GST] RTP_RX pkts=78720 meta=18684 frames_rx=18710
[RTX-GST] RTP_RX pkts=78750 meta=18690 frames_rx=18716
[RTX-GST] VIDEO frames_rx=18719 fps=19.4 assoc_ok=16762 assoc_miss=1191 ctrl_sent=16762 infer_avg=0.09ms
[RTX-GST] RTP_RX pkts=78780 meta=18697 frames_rx=18724
[RTX-GST] RTP_RX pkts=78810 meta=18705 frames_rx=18731
[RTX-GST] RTP_RX pkts=78840 meta=18712 frames_rx=18738
[RTX-GST] RTP_RX pkts=78870 meta=18719 frames_rx=18744
[RTX-GST] VIDEO frames_rx=18751 fps=19.4 assoc_ok=16793 assoc_miss=1191 ctrl_sent=16793 infer_avg=0.08ms
[RTX-GST] RTP_RX pkts=78900 meta=18726 frames_rx=18752
[RTX-GST] SAVED n=16800 dropped=0 recv2save_p50=0.97ms recv2save_p95=1.36ms
[RTX-GST] RTP_RX pkts=78930 meta=18733 frames_rx=18759
[RTX-GST] RTP_RX pkts=78960 meta=18740 frames_rx=18767
[RTX-GST] RTP_RX pkts=78990 meta=18748 frames_rx=18774
[RTX-GST] RTP_RX pkts=79020 meta=18754 frames_rx=18780
[RTX-GST] VIDEO frames_rx=18781 fps=19.4 assoc_ok=16822 assoc_miss=1193 ctrl_sent=16822 infer_avg=0.07ms
[RTX-GST] RTP_RX pkts=79050 meta=18761 frames_rx=18787
[RTX-GST] RTP_RX pkts=79080 meta=18769 frames_rx=18795
[RTX-GST] RTP_RX pkts=79110 meta=18776 frames_rx=18802
[RTX-GST] RTP_RX pkts=79140 meta=18782 frames_rx=18808
[RTX-GST] VIDEO frames_rx=18812 fps=19.4 assoc_ok=16851 assoc_miss=1194 ctrl_sent=16851 infer_avg=0.07ms
[RTX-GST] RTP_RX pkts=79170 meta=18790 frames_rx=18816
[RTX-GST] RTP_RX pkts=79200 meta=18797 frames_rx=18823
[RTX-GST] RTP_RX pkts=79230 meta=18805 frames_rx=18831
[RTX-GST] RTP_RX pkts=79260 meta=18810 frames_rx=18836
[RTX-GST] VIDEO frames_rx=18842 fps=19.4 assoc_ok=16877 assoc_miss=1196 ctrl_sent=16877 infer_avg=0.08ms
[RTX-GST] RTP_RX pkts=79290 meta=18818 frames_rx=18844
[RTX-GST] RTP_RX pkts=79320 meta=18825 frames_rx=18851
[RTX-GST] RTP_RX pkts=79350 meta=18833 frames_rx=18859
[RTX-GST] RTP_RX pkts=79380 meta=18839 frames_rx=18865
[RTX-GST] SAVED n=16900 dropped=0 recv2save_p50=0.97ms recv2save_p95=1.38ms
[RTX-GST] VIDEO frames_rx=18872 fps=19.4 assoc_ok=16905 assoc_miss=1198 ctrl_sent=16905 infer_avg=0.10ms
[RTX-GST] RTP_RX pkts=79410 meta=18846 frames_rx=18872
[RTX-GST] RTP_RX pkts=79440 meta=18853 frames_rx=18880
[RTX-GST] RTP_RX pkts=79470 meta=18861 frames_rx=18887
[RTX-GST] RTP_RX pkts=79500 meta=18868 frames_rx=18894
[RTX-GST] RTP_RX pkts=79530 meta=18874 frames_rx=18900
[RTX-GST] VIDEO frames_rx=18903 fps=19.4 assoc_ok=16935 assoc_miss=1199 ctrl_sent=16935 infer_avg=0.08ms
[RTX-GST] RTP_RX pkts=79560 meta=18882 frames_rx=18908
[RTX-GST] RTP_RX pkts=79590 meta=18889 frames_rx=18916
[RTX-GST] RTP_RX pkts=79620 meta=18897 frames_rx=18923
[RTX-GST] RTP_RX pkts=79650 meta=18903 frames_rx=18929
[RTX-GST] VIDEO frames_rx=18934 fps=19.5 assoc_ok=16963 assoc_miss=1202 ctrl_sent=16963 infer_avg=0.09ms
[RTX-GST] RTP_RX pkts=79680 meta=18910 frames_rx=18936
[RTX-GST] RTP_RX pkts=79710 meta=18918 frames_rx=18944
[RTX-GST] RTP_RX pkts=79740 meta=18925 frames_rx=18951
[RTX-GST] RTP_RX pkts=79770 meta=18931 frames_rx=18957
[RTX-GST] RTP_RX pkts=79800 meta=18938 frames_rx=18964
[RTX-GST] VIDEO frames_rx=18965 fps=19.5 assoc_ok=16994 assoc_miss=1202 ctrl_sent=16994 infer_avg=0.08ms
[RTX-GST] SAVED n=17000 dropped=0 recv2save_p50=0.95ms recv2save_p95=1.38ms
[RTX-GST] RTP_RX pkts=79830 meta=18946 frames_rx=18972
[RTX-GST] RTP_RX pkts=79860 meta=18953 frames_rx=18979
[RTX-GST] RTP_RX pkts=79890 meta=18959 frames_rx=18985
[RTX-GST] RTP_RX pkts=79920 meta=18967 frames_rx=18993
[RTX-GST] VIDEO frames_rx=18996 fps=19.5 assoc_ok=17024 assoc_miss=1203 ctrl_sent=17024 infer_avg=0.08ms
[RTX-GST] RTP_RX pkts=79950 meta=18974 frames_rx=19000
[RTX-GST] RTP_RX pkts=79980 meta=18982 frames_rx=19008
[RTX-GST] RTP_RX pkts=80010 meta=18988 frames_rx=19014
[RTX-GST] RTP_RX pkts=80040 meta=18995 frames_rx=19021
[RTX-GST] VIDEO frames_rx=19026 fps=19.5 assoc_ok=17054 assoc_miss=1203 ctrl_sent=17054 infer_avg=0.08ms
[RTX-GST] RTP_RX pkts=80070 meta=19002 frames_rx=19028
[RTX-GST] RTP_RX pkts=80100 meta=19010 frames_rx=19036
[RTX-GST] RTP_RX pkts=80130 meta=19017 frames_rx=19043
[RTX-GST] RTP_RX pkts=80160 meta=19023 frames_rx=19049
[RTX-GST] RTP_RX pkts=80190 meta=19031 frames_rx=19057
[RTX-GST] VIDEO frames_rx=19058 fps=19.5 assoc_ok=17069 assoc_miss=1205 ctrl_sent=17069 infer_avg=0.08ms
[RTX-GST] RTP_RX pkts=80220 meta=19038 frames_rx=19064
[RTX-GST] RTP_RX pkts=80250 meta=19046 frames_rx=19072
[RTX-GST] RTP_RX pkts=80280 meta=19051 frames_rx=19077
[RTX-GST] RTP_RX pkts=80310 meta=19059 frames_rx=19085
[RTX-GST] VIDEO frames_rx=19088 fps=19.5 assoc_ok=17099 assoc_miss=1205 ctrl_sent=17099 infer_avg=0.09ms
[RTX-GST] SAVED n=17100 dropped=0 recv2save_p50=0.96ms recv2save_p95=1.36ms
[RTX-GST] RTP_RX pkts=80340 meta=19066 frames_rx=19092
[RTX-GST] RTP_RX pkts=80370 meta=19074 frames_rx=19100
[RTX-GST] RTP_RX pkts=80400 meta=19080 frames_rx=19106
[RTX-GST] RTP_RX pkts=80430 meta=19087 frames_rx=19114
[RTX-GST] VIDEO frames_rx=19119 fps=19.5 assoc_ok=17126 assoc_miss=1207 ctrl_sent=17126 infer_avg=0.09ms
[RTX-GST] RTP_RX pkts=80460 meta=19095 frames_rx=19121
[RTX-GST] RTP_RX pkts=80490 meta=19102 frames_rx=19128
[RTX-GST] RTP_RX pkts=80520 meta=19108 frames_rx=19134
[RTX-GST] RTP_RX pkts=80550 meta=19115 frames_rx=19141
[RTX-GST] RTP_RX pkts=80580 meta=19123 frames_rx=19149
[RTX-GST] VIDEO frames_rx=19150 fps=19.5 assoc_ok=17152 assoc_miss=1210 ctrl_sent=17152 infer_avg=0.12ms
[RTX-GST] RTP_RX pkts=80610 meta=19130 frames_rx=19156
[RTX-GST] RTP_RX pkts=80640 meta=19138 frames_rx=19164
[RTX-GST] RTP_RX pkts=80670 meta=19144 frames_rx=19170
[RTX-GST] RTP_RX pkts=80700 meta=19151 frames_rx=19178
[RTX-GST] VIDEO frames_rx=19180 fps=19.5 assoc_ok=17182 assoc_miss=1210 ctrl_sent=17182 infer_avg=0.07ms
[RTX-GST] RTP_RX pkts=80730 meta=19159 frames_rx=19185
[RTX-GST] RTP_RX pkts=80760 meta=19166 frames_rx=19192
[RTX-GST] RTP_RX pkts=80790 meta=19172 frames_rx=19198
[RTX-GST] SAVED n=17200 dropped=0 recv2save_p50=0.97ms recv2save_p95=1.38ms
[RTX-GST] RTP_RX pkts=80820 meta=19179 frames_rx=19205
[RTX-GST] RTP_RX pkts=80850 meta=19187 frames_rx=19213
[RTX-GST] VIDEO frames_rx=19214 fps=19.6 assoc_ok=17206 assoc_miss=1211 ctrl_sent=17206 infer_avg=0.08ms
[RTX-GST] RTP_RX pkts=80880 meta=19194 frames_rx=19221
[RTX-GST] RTP_RX pkts=80910 meta=19200 frames_rx=19226
[RTX-GST] RTP_RX pkts=80940 meta=19208 frames_rx=19234
[RTX-GST] RTP_RX pkts=80970 meta=19215 frames_rx=19241
[RTX-GST] VIDEO frames_rx=19245 fps=19.6 assoc_ok=17229 assoc_miss=1212 ctrl_sent=17229 infer_avg=0.08ms
[RTX-GST] RTP_RX pkts=81000 meta=19223 frames_rx=19249
[RTX-GST] RTP_RX pkts=81030 meta=19228 frames_rx=19254
[RTX-GST] RTP_RX pkts=81060 meta=19236 frames_rx=19262
[RTX-GST] RTP_RX pkts=81090 meta=19243 frames_rx=19269
[RTX-GST] VIDEO frames_rx=19274 fps=19.6 assoc_ok=17253 assoc_miss=1216 ctrl_sent=17253 infer_avg=0.08ms
[RTX-GST] RTP_RX pkts=81120 meta=19251 frames_rx=19277
[RTX-GST] RTP_RX pkts=81150 meta=19258 frames_rx=19284
[RTX-GST] RTP_RX pkts=81180 meta=19264 frames_rx=19290
[RTX-GST] RTP_RX pkts=81210 meta=19272 frames_rx=19298
[RTX-GST] RTP_RX pkts=81240 meta=19279 frames_rx=19305
[RTX-GST] VIDEO frames_rx=19310 fps=19.6 assoc_ok=17283 assoc_miss=1219 ctrl_sent=17283 infer_avg=0.08ms
[RTX-GST] RTP_RX pkts=81270 meta=19286 frames_rx=19312
[RTX-GST] RTP_RX pkts=81300 meta=19292 frames_rx=19318
[RTX-GST] RTP_RX pkts=81330 meta=19300 frames_rx=19326
[RTX-GST] SAVED n=17300 dropped=0 recv2save_p50=0.99ms recv2save_p95=1.38ms
[RTX-GST] RTP_RX pkts=81360 meta=19307 frames_rx=19333
[RTX-GST] VIDEO frames_rx=19340 fps=19.6 assoc_ok=17307 assoc_miss=1222 ctrl_sent=17307 infer_avg=0.10ms
[RTX-GST] RTP_RX pkts=81390 meta=19315 frames_rx=19341
[RTX-GST] RTP_RX pkts=81420 meta=19320 frames_rx=19346
[RTX-GST] RTP_RX pkts=81450 meta=19328 frames_rx=19354
[RTX-GST] RTP_RX pkts=81480 meta=19335 frames_rx=19361
[RTX-GST] RTP_RX pkts=81510 meta=19343 frames_rx=19369
[RTX-GST] VIDEO frames_rx=19371 fps=19.6 assoc_ok=17336 assoc_miss=1224 ctrl_sent=17336 infer_avg=0.07ms
[RTX-GST] RTP_RX pkts=81540 meta=19349 frames_rx=19375
[RTX-GST] RTP_RX pkts=81570 meta=19356 frames_rx=19382
[RTX-GST] RTP_RX pkts=81600 meta=19364 frames_rx=19390
[RTX-GST] RTP_RX pkts=81630 meta=19371 frames_rx=19397
[RTX-GST] VIDEO frames_rx=19402 fps=19.6 assoc_ok=17366 assoc_miss=1225 ctrl_sent=17366 infer_avg=0.06ms
[RTX-GST] RTP_RX pkts=81660 meta=19378 frames_rx=19404
[RTX-GST] RTP_RX pkts=81690 meta=19384 frames_rx=19410
[RTX-GST] RTP_RX pkts=81720 meta=19392 frames_rx=19418
[RTX-GST] RTP_RX pkts=81750 meta=19400 frames_rx=19425
[RTX-GST] RTP_RX pkts=81780 meta=19407 frames_rx=19433
[RTX-GST] VIDEO frames_rx=19434 fps=19.6 assoc_ok=17393 assoc_miss=1229 ctrl_sent=17393 infer_avg=0.06ms
[RTX-GST] RTP_RX pkts=81810 meta=19413 frames_rx=19439
[RTX-GST] SAVED n=17400 dropped=0 recv2save_p50=0.95ms recv2save_p95=1.36ms
[RTX-GST] RTP_RX pkts=81840 meta=19420 frames_rx=19446
[RTX-GST] RTP_RX pkts=81870 meta=19428 frames_rx=19454
[RTX-GST] RTP_RX pkts=81900 meta=19435 frames_rx=19461
[RTX-GST] VIDEO frames_rx=19464 fps=19.6 assoc_ok=17419 assoc_miss=1231 ctrl_sent=17419 infer_avg=0.07ms
[RTX-GST] RTP_RX pkts=81930 meta=19441 frames_rx=19467
[RTX-GST] RTP_RX pkts=81960 meta=19448 frames_rx=19475
[RTX-GST] RTP_RX pkts=81990 meta=19456 frames_rx=19482
[RTX-GST] RTP_RX pkts=82020 meta=19463 frames_rx=19489
[RTX-GST] VIDEO frames_rx=19494 fps=19.7 assoc_ok=17449 assoc_miss=1231 ctrl_sent=17449 infer_avg=0.07ms
[RTX-GST] RTP_RX pkts=82050 meta=19469 frames_rx=19496
[RTX-GST] RTP_RX pkts=82080 meta=19477 frames_rx=19503
[RTX-GST] RTP_RX pkts=82110 meta=19484 frames_rx=19510
[RTX-GST] RTP_RX pkts=82140 meta=19492 frames_rx=19518
[RTX-GST] RTP_RX pkts=82170 meta=19498 frames_rx=19524
[RTX-GST] VIDEO frames_rx=19525 fps=19.7 assoc_ok=17479 assoc_miss=1232 ctrl_sent=17479 infer_avg=0.06ms
[RTX-GST] RTP_RX pkts=82200 meta=19505 frames_rx=19531
[RTX-GST] RTP_RX pkts=82230 meta=19512 frames_rx=19538
[RTX-GST] RTP_RX pkts=82260 meta=19520 frames_rx=19546
[RTX-GST] SAVED n=17500 dropped=0 recv2save_p50=0.94ms recv2save_p95=1.32ms
[RTX-GST] RTP_RX pkts=82290 meta=19527 frames_rx=19553
[RTX-GST] VIDEO frames_rx=19555 fps=19.7 assoc_ok=17505 assoc_miss=1235 ctrl_sent=17505 infer_avg=0.06ms
[RTX-GST] RTP_RX pkts=82320 meta=19533 frames_rx=19559
[RTX-GST] RTP_RX pkts=82350 meta=19541 frames_rx=19567
[RTX-GST] RTP_RX pkts=82380 meta=19548 frames_rx=19574
[RTX-GST] RTP_RX pkts=82410 meta=19555 frames_rx=19582
[RTX-GST] VIDEO frames_rx=19586 fps=19.7 assoc_ok=17533 assoc_miss=1238 ctrl_sent=17533 infer_avg=0.08ms
[RTX-GST] RTP_RX pkts=82440 meta=19561 frames_rx=19587
[RTX-GST] RTP_RX pkts=82470 meta=19569 frames_rx=19595
[RTX-GST] RTP_RX pkts=82500 meta=19576 frames_rx=19602
[RTX-GST] RTP_RX pkts=82530 meta=19584 frames_rx=19610
[RTX-GST] VIDEO frames_rx=19615 fps=19.7 assoc_ok=17560 assoc_miss=1240 ctrl_sent=17560 infer_avg=0.08ms
[RTX-GST] RTP_RX pkts=82560 meta=19590 frames_rx=19615
[RTX-GST] RTP_RX pkts=82590 meta=19597 frames_rx=19623
[RTX-GST] RTP_RX pkts=82620 meta=19605 frames_rx=19631
[RTX-GST] RTP_RX pkts=82650 meta=19612 frames_rx=19638
[RTX-GST] RTP_RX pkts=82680 meta=19618 frames_rx=19644
[RTX-GST] VIDEO frames_rx=19646 fps=19.7 assoc_ok=17590 assoc_miss=1241 ctrl_sent=17590 infer_avg=0.09ms
[RTX-GST] RTP_RX pkts=82710 meta=19625 frames_rx=19651
[RTX-GST] SAVED n=17600 dropped=0 recv2save_p50=0.93ms recv2save_p95=1.34ms
[RTX-GST] RTP_RX pkts=82740 meta=19633 frames_rx=19659
[RTX-GST] RTP_RX pkts=82770 meta=19640 frames_rx=19666
[RTX-GST] RTP_RX pkts=82800 meta=19648 frames_rx=19674
[RTX-GST] VIDEO frames_rx=19675 fps=19.7 assoc_ok=17616 assoc_miss=1243 ctrl_sent=17616 infer_avg=0.07ms
[RTX-GST] RTP_RX pkts=82830 meta=19654 frames_rx=19680
[RTX-GST] RTP_RX pkts=82860 meta=19661 frames_rx=19687
[RTX-GST] RTP_RX pkts=82890 meta=19669 frames_rx=19695
[RTX-GST] RTP_RX pkts=82920 meta=19676 frames_rx=19702
[RTX-GST] VIDEO frames_rx=19705 fps=19.7 assoc_ok=17646 assoc_miss=1243 ctrl_sent=17646 infer_avg=0.08ms
[RTX-GST] RTP_RX pkts=82950 meta=19682 frames_rx=19708
[RTX-GST] RTP_RX pkts=82980 meta=19689 frames_rx=19715
[RTX-GST] RTP_RX pkts=83010 meta=19697 frames_rx=19723
[RTX-GST] RTP_RX pkts=83040 meta=19704 frames_rx=19730
[RTX-GST] VIDEO frames_rx=19735 fps=19.7 assoc_ok=17674 assoc_miss=1245 ctrl_sent=17674 infer_avg=0.09ms
[RTX-GST] RTP_RX pkts=83070 meta=19711 frames_rx=19736
[RTX-GST] RTP_RX pkts=83100 meta=19718 frames_rx=19744
[RTX-GST] RTP_RX pkts=83130 meta=19725 frames_rx=19751
[RTX-GST] RTP_RX pkts=83160 meta=19733 frames_rx=19759
[RTX-GST] RTP_RX pkts=83190 meta=19738 frames_rx=19764
[RTX-GST] VIDEO frames_rx=19765 fps=19.7 assoc_ok=17698 assoc_miss=1249 ctrl_sent=17698 infer_avg=0.08ms
[RTX-GST] SAVED n=17700 dropped=0 recv2save_p50=0.92ms recv2save_p95=1.12ms
[RTX-GST] RTP_RX pkts=83220 meta=19746 frames_rx=19772
[RTX-GST] RTP_RX pkts=83250 meta=19753 frames_rx=19779
[RTX-GST] RTP_RX pkts=83280 meta=19761 frames_rx=19787
[RTX-GST] RTP_RX pkts=83310 meta=19768 frames_rx=19794
[RTX-GST] VIDEO frames_rx=19795 fps=19.8 assoc_ok=17726 assoc_miss=1251 ctrl_sent=17726 infer_avg=0.08ms
[RTX-GST] RTP_RX pkts=83340 meta=19774 frames_rx=19800
[RTX-GST] RTP_RX pkts=83370 meta=19782 frames_rx=19808
[RTX-GST] RTP_RX pkts=83400 meta=19789 frames_rx=19815
[RTX-GST] RTP_RX pkts=83430 meta=19797 frames_rx=19823
[RTX-GST] RTP_RX pkts=83460 meta=19802 frames_rx=19828
[RTX-GST] VIDEO frames_rx=19829 fps=19.8 assoc_ok=17759 assoc_miss=1252 ctrl_sent=17759 infer_avg=0.07ms
[RTX-GST] RTP_RX pkts=83490 meta=19810 frames_rx=19836
[RTX-GST] RTP_RX pkts=83520 meta=19817 frames_rx=19844
[RTX-GST] RTP_RX pkts=83550 meta=19825 frames_rx=19851
[RTX-GST] RTP_RX pkts=83580 meta=19831 frames_rx=19857
[RTX-GST] VIDEO frames_rx=19859 fps=19.8 assoc_ok=17786 assoc_miss=1254 ctrl_sent=17786 infer_avg=0.10ms
[RTX-GST] RTP_RX pkts=83610 meta=19838 frames_rx=19864
[RTX-GST] RTP_RX pkts=83640 meta=19846 frames_rx=19872
[RTX-GST] SAVED n=17800 dropped=0 recv2save_p50=0.92ms recv2save_p95=1.08ms
[RTX-GST] RTP_RX pkts=83670 meta=19853 frames_rx=19879
[RTX-GST] RTP_RX pkts=83700 meta=19859 frames_rx=19885
[RTX-GST] VIDEO frames_rx=19892 fps=19.8 assoc_ok=17814 assoc_miss=1258 ctrl_sent=17814 infer_avg=0.09ms
[RTX-GST] RTP_RX pkts=83730 meta=19866 frames_rx=19892
[RTX-GST] RTP_RX pkts=83760 meta=19874 frames_rx=19900
[RTX-GST] RTP_RX pkts=83790 meta=19881 frames_rx=19907
[RTX-GST] RTP_RX pkts=83820 meta=19888 frames_rx=19914
[RTX-GST] VIDEO frames_rx=19917 fps=19.8 assoc_ok=17837 assoc_miss=1259 ctrl_sent=17837 infer_avg=0.09ms
[RTX-GST] RTP_RX pkts=83850 meta=19895 frames_rx=19921
[RTX-GST] RTP_RX pkts=83880 meta=19902 frames_rx=19928
[RTX-GST] RTP_RX pkts=83910 meta=19910 frames_rx=19936
[RTX-GST] RTP_RX pkts=83940 meta=19917 frames_rx=19943
[RTX-GST] RTP_RX pkts=83970 meta=19923 frames_rx=19949
[RTX-GST] VIDEO frames_rx=19952 fps=19.8 assoc_ok=17870 assoc_miss=1261 ctrl_sent=17870 infer_avg=0.08ms
[RTX-GST] RTP_RX pkts=84000 meta=19930 frames_rx=19956
[RTX-GST] RTP_RX pkts=84030 meta=19938 frames_rx=19964
[RTX-GST] RTP_RX pkts=84060 meta=19945 frames_rx=19971
[RTX-GST] RTP_RX pkts=84090 meta=19951 frames_rx=19978
[RTX-GST] VIDEO frames_rx=19984 fps=19.8 assoc_ok=17900 assoc_miss=1263 ctrl_sent=17900 infer_avg=0.09ms
[RTX-GST] SAVED n=17900 dropped=0 recv2save_p50=0.94ms recv2save_p95=1.11ms
[RTX-GST] RTP_RX pkts=84120 meta=19959 frames_rx=19985
[RTX-GST] RTP_RX pkts=84150 meta=19966 frames_rx=19992
[RTX-GST] RTP_RX pkts=84180 meta=19974 frames_rx=20000
[RTX-GST] RTP_RX pkts=84210 meta=19979 frames_rx=20005
[RTX-GST] RTP_RX pkts=84240 meta=19987 frames_rx=20013
[RTX-GST] VIDEO frames_rx=20014 fps=19.8 assoc_ok=17913 assoc_miss=1266 ctrl_sent=17913 infer_avg=0.09ms
[RTX-GST] RTP_RX pkts=84270 meta=19994 frames_rx=20020
[RTX-GST] RTP_RX pkts=84300 meta=20002 frames_rx=20028
[RTX-GST] RTP_RX pkts=84330 meta=20008 frames_rx=20034
[RTX-GST] RTP_RX pkts=84360 meta=20015 frames_rx=20041
[RTX-GST] VIDEO frames_rx=20045 fps=19.8 assoc_ok=17941 assoc_miss=1269 ctrl_sent=17941 infer_avg=0.07ms
[RTX-GST] RTP_RX pkts=84390 meta=20023 frames_rx=20049
[RTX-GST] RTP_RX pkts=84420 meta=20030 frames_rx=20056
[RTX-GST] RTP_RX pkts=84450 meta=20038 frames_rx=20064
[RTX-GST] RTP_RX pkts=84480 meta=20043 frames_rx=20069
[RTX-GST] VIDEO frames_rx=20075 fps=19.9 assoc_ok=17969 assoc_miss=1270 ctrl_sent=17969 infer_avg=0.08ms
[RTX-GST] RTP_RX pkts=84510 meta=20051 frames_rx=20077
[RTX-GST] RTP_RX pkts=84540 meta=20058 frames_rx=20084
[RTX-GST] RTP_RX pkts=84570 meta=20066 frames_rx=20092
[RTX-GST] RTP_RX pkts=84600 meta=20072 frames_rx=20098
[RTX-GST] VIDEO frames_rx=20105 fps=19.9 assoc_ok=17997 assoc_miss=1271 ctrl_sent=17997 infer_avg=0.07ms
[RTX-GST] RTP_RX pkts=84630 meta=20079 frames_rx=20105
[RTX-GST] SAVED n=18000 dropped=0 recv2save_p50=0.95ms recv2save_p95=1.14ms
[RTX-GST] RTP_RX pkts=84660 meta=20087 frames_rx=20113
[RTX-GST] RTP_RX pkts=84690 meta=20094 frames_rx=20120
[RTX-GST] RTP_RX pkts=84720 meta=20100 frames_rx=20126
[RTX-GST] RTP_RX pkts=84750 meta=20107 frames_rx=20133
[RTX-GST] VIDEO frames_rx=20137 fps=19.9 assoc_ok=18028 assoc_miss=1273 ctrl_sent=18028 infer_avg=0.08ms
[RTX-GST] RTP_RX pkts=84780 meta=20115 frames_rx=20141
[RTX-GST] RTP_RX pkts=84810 meta=20122 frames_rx=20148
[RTX-GST] RTP_RX pkts=84840 meta=20128 frames_rx=20154
[RTX-GST] RTP_RX pkts=84870 meta=20136 frames_rx=20162
[RTX-GST] VIDEO frames_rx=20168 fps=19.9 assoc_ok=18056 assoc_miss=1276 ctrl_sent=18056 infer_avg=0.07ms
[RTX-GST] RTP_RX pkts=84900 meta=20143 frames_rx=20169
[RTX-GST] RTP_RX pkts=84930 meta=20151 frames_rx=20177
[RTX-GST] RTP_RX pkts=84960 meta=20157 frames_rx=20183
[RTX-GST] RTP_RX pkts=84990 meta=20164 frames_rx=20190
[RTX-GST] RTP_RX pkts=85020 meta=20171 frames_rx=20197
[RTX-GST] VIDEO frames_rx=20199 fps=19.9 assoc_ok=18085 assoc_miss=1278 ctrl_sent=18085 infer_avg=0.07ms
[RTX-GST] RTP_RX pkts=85050 meta=20179 frames_rx=20205
[RTX-GST] RTP_RX pkts=85080 meta=20186 frames_rx=20212
[RTX-GST] RTP_RX pkts=85110 meta=20192 frames_rx=20218
[RTX-GST] SAVED n=18100 dropped=0 recv2save_p50=0.96ms recv2save_p95=1.16ms
[RTX-GST] RTP_RX pkts=85140 meta=20200 frames_rx=20226
[RTX-GST] VIDEO frames_rx=20229 fps=19.9 assoc_ok=18110 assoc_miss=1279 ctrl_sent=18110 infer_avg=0.08ms
[RTX-GST] RTP_RX pkts=85170 meta=20207 frames_rx=20233
[RTX-GST] RTP_RX pkts=85200 meta=20215 frames_rx=20241
[RTX-GST] RTP_RX pkts=85230 meta=20220 frames_rx=20246
[RTX-GST] RTP_RX pkts=85260 meta=20228 frames_rx=20254
[RTX-GST] VIDEO frames_rx=20261 fps=19.9 assoc_ok=18140 assoc_miss=1279 ctrl_sent=18140 infer_avg=0.11ms
[RTX-GST] RTP_RX pkts=85290 meta=20235 frames_rx=20261
[RTX-GST] RTP_RX pkts=85320 meta=20243 frames_rx=20269
[RTX-GST] RTP_RX pkts=85350 meta=20249 frames_rx=20275
[RTX-GST] RTP_RX pkts=85380 meta=20256 frames_rx=20282
[RTX-GST] RTP_RX pkts=85410 meta=20264 frames_rx=20290
[RTX-GST] VIDEO frames_rx=20291 fps=19.9 assoc_ok=18169 assoc_miss=1281 ctrl_sent=18169 infer_avg=0.08ms
[RTX-GST] RTP_RX pkts=85440 meta=20271 frames_rx=20297
[RTX-GST] RTP_RX pkts=85470 meta=20277 frames_rx=20303
[RTX-GST] RTP_RX pkts=85500 meta=20284 frames_rx=20310
[RTX-GST] RTP_RX pkts=85530 meta=20292 frames_rx=20318
[RTX-GST] VIDEO frames_rx=20322 fps=19.9 assoc_ok=18198 assoc_miss=1283 ctrl_sent=18198 infer_avg=0.08ms
[RTX-GST] SAVED n=18200 dropped=0 recv2save_p50=0.96ms recv2save_p95=1.34ms
[RTX-GST] RTP_RX pkts=85560 meta=20299 frames_rx=20326
[RTX-GST] RTP_RX pkts=85590 meta=20307 frames_rx=20333
[RTX-GST] RTP_RX pkts=85620 meta=20313 frames_rx=20339
[RTX-GST] RTP_RX pkts=85650 meta=20320 frames_rx=20346
[RTX-GST] VIDEO frames_rx=20352 fps=19.9 assoc_ok=18226 assoc_miss=1285 ctrl_sent=18226 infer_avg=0.07ms
[RTX-GST] RTP_RX pkts=85680 meta=20328 frames_rx=20354
[RTX-GST] RTP_RX pkts=85710 meta=20335 frames_rx=20361
[RTX-GST] RTP_RX pkts=85740 meta=20341 frames_rx=20367
[RTX-GST] RTP_RX pkts=85770 meta=20348 frames_rx=20374
[RTX-GST] RTP_RX pkts=85800 meta=20356 frames_rx=20382
[RTX-GST] VIDEO frames_rx=20383 fps=20.0 assoc_ok=18257 assoc_miss=1285 ctrl_sent=18257 infer_avg=0.07ms
[RTX-GST] RTP_RX pkts=85830 meta=20363 frames_rx=20389
[RTX-GST] RTP_RX pkts=85860 meta=20370 frames_rx=20396
[RTX-GST] RTP_RX pkts=85890 meta=20377 frames_rx=20403
[RTX-GST] RTP_RX pkts=85920 meta=20384 frames_rx=20410
[RTX-GST] VIDEO frames_rx=20413 fps=20.0 assoc_ok=18286 assoc_miss=1286 ctrl_sent=18286 infer_avg=0.08ms
[RTX-GST] RTP_RX pkts=85950 meta=20392 frames_rx=20418
[RTX-GST] RTP_RX pkts=85980 meta=20398 frames_rx=20423
[RTX-GST] SAVED n=18300 dropped=0 recv2save_p50=0.98ms recv2save_p95=1.38ms
[RTX-GST] RTP_RX pkts=86010 meta=20405 frames_rx=20431
[RTX-GST] RTP_RX pkts=86040 meta=20412 frames_rx=20439
[RTX-GST] VIDEO frames_rx=20444 fps=20.0 assoc_ok=18314 assoc_miss=1289 ctrl_sent=18314 infer_avg=0.07ms
[RTX-GST] RTP_RX pkts=86070 meta=20420 frames_rx=20446
[RTX-GST] RTP_RX pkts=86100 meta=20427 frames_rx=20453
[RTX-GST] RTP_RX pkts=86130 meta=20433 frames_rx=20459
[RTX-GST] RTP_RX pkts=86160 meta=20441 frames_rx=20467
[RTX-GST] VIDEO frames_rx=20474 fps=20.0 assoc_ok=18343 assoc_miss=1290 ctrl_sent=18343 infer_avg=0.07ms
[RTX-GST] RTP_RX pkts=86190 meta=20448 frames_rx=20474
[RTX-GST] RTP_RX pkts=86220 meta=20456 frames_rx=20482
[RTX-GST] RTP_RX pkts=86250 meta=20461 frames_rx=20487
[RTX-GST] RTP_RX pkts=86280 meta=20469 frames_rx=20495
[RTX-GST] RTP_RX pkts=86310 meta=20476 frames_rx=20502
[RTX-GST] VIDEO frames_rx=20505 fps=20.0 assoc_ok=18372 assoc_miss=1292 ctrl_sent=18372 infer_avg=0.08ms
[RTX-GST] RTP_RX pkts=86340 meta=20484 frames_rx=20510
[RTX-GST] RTP_RX pkts=86370 meta=20490 frames_rx=20516
[RTX-GST] RTP_RX pkts=86400 meta=20497 frames_rx=20524
[RTX-GST] RTP_RX pkts=86430 meta=20505 frames_rx=20531
[RTX-GST] VIDEO frames_rx=20535 fps=20.0 assoc_ok=18389 assoc_miss=1292 ctrl_sent=18389 infer_avg=0.08ms
[RTX-GST] RTP_RX pkts=86460 meta=20512 frames_rx=20538
[RTX-GST] RTP_RX pkts=86490 meta=20518 frames_rx=20544
[RTX-GST] SAVED n=18400 dropped=0 recv2save_p50=0.97ms recv2save_p95=1.40ms
[RTX-GST] RTP_RX pkts=86520 meta=20526 frames_rx=20552
[RTX-GST] RTP_RX pkts=86550 meta=20533 frames_rx=20559
[RTX-GST] VIDEO frames_rx=20566 fps=20.0 assoc_ok=18418 assoc_miss=1294 ctrl_sent=18418 infer_avg=0.08ms
[RTX-GST] RTP_RX pkts=86580 meta=20540 frames_rx=20567
[RTX-GST] RTP_RX pkts=86610 meta=20547 frames_rx=20573
[RTX-GST] RTP_RX pkts=86640 meta=20553 frames_rx=20580
[RTX-GST] RTP_RX pkts=86670 meta=20561 frames_rx=20587
[RTX-GST] RTP_RX pkts=86700 meta=20569 frames_rx=20595
[RTX-GST] VIDEO frames_rx=20596 fps=20.0 assoc_ok=18444 assoc_miss=1298 ctrl_sent=18444 infer_avg=0.07ms
[RTX-GST] RTP_RX pkts=86730 meta=20576 frames_rx=20602
[RTX-GST] RTP_RX pkts=86760 meta=20582 frames_rx=20608
[RTX-GST] RTP_RX pkts=86790 meta=20590 frames_rx=20616
[RTX-GST] RTP_RX pkts=86820 meta=20597 frames_rx=20623
[RTX-GST] VIDEO frames_rx=20625 fps=20.0 assoc_ok=18466 assoc_miss=1303 ctrl_sent=18466 infer_avg=0.08ms
[RTX-GST] RTP_RX pkts=86850 meta=20605 frames_rx=20631
[RTX-GST] RTP_RX pkts=86880 meta=20610 frames_rx=20637
[RTX-GST] RTP_RX pkts=86910 meta=20618 frames_rx=20644
[RTX-GST] RTP_RX pkts=86940 meta=20625 frames_rx=20651
[RTX-GST] VIDEO frames_rx=20658 fps=20.0 assoc_ok=18497 assoc_miss=1305 ctrl_sent=18497 infer_avg=0.08ms
[RTX-GST] RTP_RX pkts=86970 meta=20633 frames_rx=20659
[RTX-GST] SAVED n=18500 dropped=0 recv2save_p50=0.97ms recv2save_p95=1.36ms
[RTX-GST] RTP_RX pkts=87000 meta=20639 frames_rx=20665
[RTX-GST] RTP_RX pkts=87030 meta=20646 frames_rx=20672
[RTX-GST] RTP_RX pkts=87060 meta=20653 frames_rx=20680
[RTX-GST] RTP_RX pkts=87090 meta=20661 frames_rx=20687
[RTX-GST] VIDEO frames_rx=20688 fps=20.1 assoc_ok=18522 assoc_miss=1307 ctrl_sent=18522 infer_avg=0.06ms
[RTX-GST] RTP_RX pkts=87120 meta=20667 frames_rx=20693
[RTX-GST] RTP_RX pkts=87150 meta=20674 frames_rx=20701
[RTX-GST] RTP_RX pkts=87180 meta=20682 frames_rx=20708
[RTX-GST] RTP_RX pkts=87210 meta=20689 frames_rx=20715
[RTX-GST] VIDEO frames_rx=20719 fps=20.1 assoc_ok=18549 assoc_miss=1311 ctrl_sent=18549 infer_avg=0.13ms
[RTX-GST] RTP_RX pkts=87240 meta=20697 frames_rx=20723
[RTX-GST] RTP_RX pkts=87270 meta=20703 frames_rx=20729
[RTX-GST] RTP_RX pkts=87300 meta=20710 frames_rx=20736
[RTX-GST] RTP_RX pkts=87330 meta=20718 frames_rx=20744
[RTX-GST] VIDEO frames_rx=20749 fps=20.1 assoc_ok=18579 assoc_miss=1311 ctrl_sent=18579 infer_avg=0.09ms
[RTX-GST] RTP_RX pkts=87360 meta=20725 frames_rx=20751
[RTX-GST] RTP_RX pkts=87390 meta=20731 frames_rx=20757
[RTX-GST] RTP_RX pkts=87420 meta=20738 frames_rx=20764
[RTX-GST] SAVED n=18600 dropped=0 recv2save_p50=0.98ms recv2save_p95=1.49ms
[RTX-GST] RTP_RX pkts=87450 meta=20746 frames_rx=20772
[RTX-GST] VIDEO frames_rx=20779 fps=20.1 assoc_ok=18607 assoc_miss=1313 ctrl_sent=18607 infer_avg=0.07ms
[RTX-GST] RTP_RX pkts=87480 meta=20753 frames_rx=20779
[RTX-GST] RTP_RX pkts=87510 meta=20759 frames_rx=20785
[RTX-GST] RTP_RX pkts=87540 meta=20767 frames_rx=20793
[RTX-GST] RTP_RX pkts=87570 meta=20774 frames_rx=20800
[RTX-GST] RTP_RX pkts=87600 meta=20782 frames_rx=20808
[RTX-GST] VIDEO frames_rx=20810 fps=20.1 assoc_ok=18637 assoc_miss=1314 ctrl_sent=18637 infer_avg=0.07ms
[RTX-GST] RTP_RX pkts=87630 meta=20788 frames_rx=20813
[RTX-GST] RTP_RX pkts=87660 meta=20795 frames_rx=20821
[RTX-GST] RTP_RX pkts=87690 meta=20802 frames_rx=20828
[RTX-GST] RTP_RX pkts=87720 meta=20810 frames_rx=20836
[RTX-GST] VIDEO frames_rx=20842 fps=20.1 assoc_ok=18666 assoc_miss=1315 ctrl_sent=18666 infer_avg=0.07ms
[RTX-GST] RTP_RX pkts=87750 meta=20817 frames_rx=20843
[RTX-GST] RTP_RX pkts=87780 meta=20823 frames_rx=20849
[RTX-GST] RTP_RX pkts=87810 meta=20831 frames_rx=20857
[RTX-GST] RTP_RX pkts=87840 meta=20838 frames_rx=20864
[RTX-GST] VIDEO frames_rx=20872 fps=20.1 assoc_ok=18694 assoc_miss=1316 ctrl_sent=18694 infer_avg=0.05ms
[RTX-GST] RTP_RX pkts=87870 meta=20846 frames_rx=20872
[RTX-GST] RTP_RX pkts=87900 meta=20851 frames_rx=20877
[RTX-GST] SAVED n=18700 dropped=0 recv2save_p50=0.96ms recv2save_p95=1.47ms
[RTX-GST] RTP_RX pkts=87930 meta=20859 frames_rx=20885
[RTX-GST] RTP_RX pkts=87960 meta=20866 frames_rx=20892
[RTX-GST] RTP_RX pkts=87990 meta=20874 frames_rx=20900
[RTX-GST] VIDEO frames_rx=20904 fps=20.1 assoc_ok=18722 assoc_miss=1319 ctrl_sent=18722 infer_avg=0.10ms
[RTX-GST] RTP_RX pkts=88020 meta=20880 frames_rx=20906
[RTX-GST] RTP_RX pkts=88050 meta=20887 frames_rx=20913
[RTX-GST] RTP_RX pkts=88080 meta=20895 frames_rx=20921
[RTX-GST] RTP_RX pkts=88110 meta=20904 frames_rx=20928
[RTX-GST] RTP_RX pkts=88140 meta=20909 frames_rx=20933
[RTX-GST] VIDEO frames_rx=20934 fps=20.1 assoc_ok=18752 assoc_miss=1320 ctrl_sent=18752 infer_avg=0.07ms
[RTX-GST] RTP_RX pkts=88170 meta=20917 frames_rx=20941
[RTX-GST] RTP_RX pkts=88200 meta=20924 frames_rx=20949
[RTX-GST] RTP_RX pkts=88230 meta=20932 frames_rx=20956
[RTX-GST] RTP_RX pkts=88260 meta=20938 frames_rx=20962
[RTX-GST] VIDEO frames_rx=20964 fps=20.1 assoc_ok=18779 assoc_miss=1321 ctrl_sent=18779 infer_avg=0.08ms
[RTX-GST] RTP_RX pkts=88290 meta=20948 frames_rx=20970
[RTX-GST] RTP_RX pkts=88320 meta=20955 frames_rx=20977
[RTX-GST] RTP_RX pkts=88350 meta=20963 frames_rx=20985
[RTX-GST] SAVED n=18800 dropped=0 recv2save_p50=0.96ms recv2save_p95=1.50ms
[RTX-GST] RTP_RX pkts=88380 meta=20968 frames_rx=20990
[RTX-GST] VIDEO frames_rx=20992 fps=20.1 assoc_ok=18803 assoc_miss=1325 ctrl_sent=18803 infer_avg=0.11ms
[RTX-GST] RTP_RX pkts=88410 meta=20976 frames_rx=20998
[RTX-GST] RTP_RX pkts=88440 meta=20984 frames_rx=21005
[RTX-GST] RTP_RX pkts=88470 meta=20992 frames_rx=21013
[RTX-GST] RTP_RX pkts=88500 meta=20998 frames_rx=21019
[RTX-GST] VIDEO frames_rx=21021 fps=20.2 assoc_ok=18831 assoc_miss=1326 ctrl_sent=18831 infer_avg=0.09ms
[RTX-GST] RTP_RX pkts=88530 meta=21005 frames_rx=21026
[RTX-GST] RTP_RX pkts=88560 meta=21012 frames_rx=21034
[RTX-GST] RTP_RX pkts=88590 meta=21020 frames_rx=21042
[RTX-GST] RTP_RX pkts=88620 meta=21026 frames_rx=21047
[RTX-GST] VIDEO frames_rx=21051 fps=20.2 assoc_ok=18861 assoc_miss=1326 ctrl_sent=18861 infer_avg=0.08ms
[RTX-GST] RTP_RX pkts=88650 meta=21033 frames_rx=21054
[RTX-GST] RTP_RX pkts=88680 meta=21041 frames_rx=21062
[RTX-GST] RTP_RX pkts=88710 meta=21048 frames_rx=21069
[RTX-GST] RTP_RX pkts=88740 meta=21056 frames_rx=21077
[RTX-GST] VIDEO frames_rx=21081 fps=20.2 assoc_ok=18890 assoc_miss=1326 ctrl_sent=18890 infer_avg=0.07ms
[RTX-GST] RTP_RX pkts=88770 meta=21062 frames_rx=21083
[RTX-GST] RTP_RX pkts=88800 meta=21070 frames_rx=21091
[RTX-GST] SAVED n=18900 dropped=0 recv2save_p50=0.99ms recv2save_p95=1.50ms
[RTX-GST] RTP_RX pkts=88830 meta=21077 frames_rx=21098
[RTX-GST] RTP_RX pkts=88860 meta=21085 frames_rx=21106
[RTX-GST] RTP_RX pkts=88890 meta=21090 frames_rx=21111
[RTX-GST] VIDEO frames_rx=21112 fps=20.2 assoc_ok=18918 assoc_miss=1329 ctrl_sent=18918 infer_avg=0.07ms
[RTX-GST] RTP_RX pkts=88920 meta=21097 frames_rx=21119
[RTX-GST] RTP_RX pkts=88950 meta=21104 frames_rx=21126
[RTX-GST] RTP_RX pkts=88980 meta=21112 frames_rx=21134
[RTX-GST] RTP_RX pkts=89010 meta=21118 frames_rx=21140
[RTX-GST] VIDEO frames_rx=21142 fps=20.2 assoc_ok=18944 assoc_miss=1332 ctrl_sent=18944 infer_avg=0.10ms
[RTX-GST] RTP_RX pkts=89040 meta=21125 frames_rx=21147
[RTX-GST] RTP_RX pkts=89070 meta=21133 frames_rx=21155
[RTX-GST] RTP_RX pkts=89100 meta=21140 frames_rx=21162
[RTX-GST] RTP_RX pkts=89130 meta=21146 frames_rx=21168
[RTX-GST] VIDEO frames_rx=21173 fps=20.2 assoc_ok=18973 assoc_miss=1334 ctrl_sent=18973 infer_avg=0.10ms
[RTX-GST] RTP_RX pkts=89160 meta=21153 frames_rx=21175
[RTX-GST] RTP_RX pkts=89190 meta=21161 frames_rx=21183
[RTX-GST] RTP_RX pkts=89220 meta=21168 frames_rx=21190
[RTX-GST] RTP_RX pkts=89250 meta=21175 frames_rx=21197
[RTX-GST] SAVED n=19000 dropped=0 recv2save_p50=1.02ms recv2save_p95=1.50ms
[RTX-GST] VIDEO frames_rx=21204 fps=20.2 assoc_ok=19003 assoc_miss=1335 ctrl_sent=19003 infer_avg=0.11ms
[RTX-GST] RTP_RX pkts=89280 meta=21182 frames_rx=21204
[RTX-GST] RTP_RX pkts=89310 meta=21190 frames_rx=21211
[RTX-GST] RTP_RX pkts=89340 meta=21197 frames_rx=21218
[RTX-GST] RTP_RX pkts=89370 meta=21205 frames_rx=21226
[RTX-GST] RTP_RX pkts=89400 meta=21210 frames_rx=21231
[RTX-GST] VIDEO frames_rx=21234 fps=20.2 assoc_ok=19032 assoc_miss=1336 ctrl_sent=19032 infer_avg=0.11ms
[RTX-GST] RTP_RX pkts=89430 meta=21218 frames_rx=21239
[RTX-GST] RTP_RX pkts=89460 meta=21225 frames_rx=21246
[RTX-GST] RTP_RX pkts=89490 meta=21233 frames_rx=21254
[RTX-GST] RTP_RX pkts=89520 meta=21239 frames_rx=21260
[RTX-GST] VIDEO frames_rx=21265 fps=20.2 assoc_ok=19060 assoc_miss=1338 ctrl_sent=19060 infer_avg=0.07ms
[RTX-GST] RTP_RX pkts=89550 meta=21246 frames_rx=21267
[RTX-GST] RTP_RX pkts=89580 meta=21254 frames_rx=21275
[RTX-GST] RTP_RX pkts=89610 meta=21261 frames_rx=21282
[RTX-GST] RTP_RX pkts=89640 meta=21267 frames_rx=21288
[RTX-GST] RTP_RX pkts=89670 meta=21274 frames_rx=21295
[RTX-GST] VIDEO frames_rx=21296 fps=20.2 assoc_ok=19089 assoc_miss=1338 ctrl_sent=19089 infer_avg=0.07ms
[RTX-GST] RTP_RX pkts=89700 meta=21282 frames_rx=21303
[RTX-GST] SAVED n=19100 dropped=0 recv2save_p50=1.02ms recv2save_p95=1.48ms
[RTX-GST] RTP_RX pkts=89730 meta=21289 frames_rx=21310
[RTX-GST] RTP_RX pkts=89760 meta=21295 frames_rx=21316
[RTX-GST] RTP_RX pkts=89790 meta=21303 frames_rx=21324
[RTX-GST] VIDEO frames_rx=21326 fps=20.2 assoc_ok=19116 assoc_miss=1341 ctrl_sent=19116 infer_avg=0.08ms
[RTX-GST] RTP_RX pkts=89820 meta=21310 frames_rx=21331
[RTX-GST] RTP_RX pkts=89850 meta=21318 frames_rx=21339
[RTX-GST] RTP_RX pkts=89880 meta=21325 frames_rx=21346
[RTX-GST] RTP_RX pkts=89910 meta=21331 frames_rx=21352
[RTX-GST] VIDEO frames_rx=21354 fps=20.3 assoc_ok=19141 assoc_miss=1344 ctrl_sent=19141 infer_avg=0.08ms
[RTX-GST] RTP_RX pkts=89940 meta=21338 frames_rx=21359
[RTX-GST] RTP_RX pkts=89970 meta=21346 frames_rx=21367
[RTX-GST] RTP_RX pkts=90000 meta=21354 frames_rx=21374
[RTX-GST] RTP_RX pkts=90030 meta=21359 frames_rx=21380
[RTX-GST] VIDEO frames_rx=21388 fps=20.3 assoc_ok=19172 assoc_miss=1347 ctrl_sent=19172 infer_avg=0.08ms
[RTX-GST] RTP_RX pkts=90060 meta=21367 frames_rx=21388
[RTX-GST] RTP_RX pkts=90090 meta=21374 frames_rx=21395
[RTX-GST] RTP_RX pkts=90120 meta=21382 frames_rx=21403
[RTX-GST] RTP_RX pkts=90150 meta=21388 frames_rx=21408
[RTX-GST] RTP_RX pkts=90180 meta=21395 frames_rx=21416
[RTX-GST] VIDEO frames_rx=21418 fps=20.3 assoc_ok=19197 assoc_miss=1352 ctrl_sent=19197 infer_avg=0.08ms
[RTX-GST] SAVED n=19200 dropped=0 recv2save_p50=1.03ms recv2save_p95=1.49ms
[RTX-GST] RTP_RX pkts=90210 meta=21402 frames_rx=21423
[RTX-GST] RTP_RX pkts=90240 meta=21409 frames_rx=21431
[RTX-GST] RTP_RX pkts=90270 meta=21416 frames_rx=21437
[RTX-GST] RTP_RX pkts=90300 meta=21423 frames_rx=21444
[RTX-GST] VIDEO frames_rx=21449 fps=20.3 assoc_ok=19223 assoc_miss=1354 ctrl_sent=19223 infer_avg=0.09ms
[RTX-GST] RTP_RX pkts=90330 meta=21431 frames_rx=21452
[RTX-GST] RTP_RX pkts=90360 meta=21438 frames_rx=21459
[RTX-GST] RTP_RX pkts=90390 meta=21445 frames_rx=21466
[RTX-GST] RTP_RX pkts=90420 meta=21451 frames_rx=21473
[RTX-GST] VIDEO frames_rx=21480 fps=20.3 assoc_ok=19252 assoc_miss=1356 ctrl_sent=19252 infer_avg=0.08ms
[RTX-GST] RTP_RX pkts=90450 meta=21459 frames_rx=21480
[RTX-GST] RTP_RX pkts=90480 meta=21466 frames_rx=21488
[RTX-GST] RTP_RX pkts=90510 meta=21474 frames_rx=21495
[RTX-GST] RTP_RX pkts=90540 meta=21480 frames_rx=21501
[RTX-GST] RTP_RX pkts=90570 meta=21487 frames_rx=21508
[RTX-GST] VIDEO frames_rx=21510 fps=20.3 assoc_ok=19280 assoc_miss=1358 ctrl_sent=19280 infer_avg=0.07ms
[RTX-GST] RTP_RX pkts=90600 meta=21495 frames_rx=21516
[RTX-GST] RTP_RX pkts=90630 meta=21502 frames_rx=21523
[RTX-GST] RTP_RX pkts=90660 meta=21507 frames_rx=21529
[RTX-GST] SAVED n=19300 dropped=0 recv2save_p50=1.03ms recv2save_p95=1.46ms
[RTX-GST] RTP_RX pkts=90690 meta=21515 frames_rx=21537
[RTX-GST] VIDEO frames_rx=21540 fps=20.3 assoc_ok=19307 assoc_miss=1361 ctrl_sent=19307 infer_avg=0.08ms
[RTX-GST] RTP_RX pkts=90720 meta=21522 frames_rx=21544
[RTX-GST] RTP_RX pkts=90750 meta=21530 frames_rx=21552
[RTX-GST] RTP_RX pkts=90780 meta=21535 frames_rx=21557
[RTX-GST] RTP_RX pkts=90810 meta=21543 frames_rx=21565
[RTX-GST] VIDEO frames_rx=21572 fps=20.3 assoc_ok=19334 assoc_miss=1364 ctrl_sent=19334 infer_avg=0.08ms
[RTX-GST] RTP_RX pkts=90840 meta=21550 frames_rx=21573
[RTX-GST] RTP_RX pkts=90870 meta=21558 frames_rx=21580
[RTX-GST] RTP_RX pkts=90900 meta=21564 frames_rx=21586
[RTX-GST] RTP_RX pkts=90930 meta=21571 frames_rx=21593
[RTX-GST] RTP_RX pkts=90960 meta=21579 frames_rx=21601
[RTX-GST] VIDEO frames_rx=21602 fps=20.3 assoc_ok=19361 assoc_miss=1367 ctrl_sent=19361 infer_avg=0.08ms
[RTX-GST] RTP_RX pkts=90990 meta=21587 frames_rx=21608
[RTX-GST] RTP_RX pkts=91020 meta=21594 frames_rx=21616
[RTX-GST] RTP_RX pkts=91050 meta=21599 frames_rx=21621
[RTX-GST] RTP_RX pkts=91080 meta=21607 frames_rx=21629
[RTX-GST] VIDEO frames_rx=21632 fps=20.3 assoc_ok=19387 assoc_miss=1370 ctrl_sent=19387 infer_avg=0.08ms
[RTX-GST] RTP_RX pkts=91110 meta=21614 frames_rx=21636
[RTX-GST] RTP_RX pkts=91140 meta=21621 frames_rx=21644
[RTX-GST] SAVED n=19400 dropped=0 recv2save_p50=1.00ms recv2save_p95=1.42ms
[RTX-GST] RTP_RX pkts=91170 meta=21628 frames_rx=21650
[RTX-GST] RTP_RX pkts=91200 meta=21635 frames_rx=21657
[RTX-GST] VIDEO frames_rx=21663 fps=20.4 assoc_ok=19414 assoc_miss=1374 ctrl_sent=19414 infer_avg=0.11ms
[RTX-GST] RTP_RX pkts=91230 meta=21643 frames_rx=21665
[RTX-GST] RTP_RX pkts=91260 meta=21650 frames_rx=21672
[RTX-GST] RTP_RX pkts=91290 meta=21656 frames_rx=21678
[RTX-GST] RTP_RX pkts=91320 meta=21663 frames_rx=21685
[RTX-GST] VIDEO frames_rx=21693 fps=20.4 assoc_ok=19441 assoc_miss=1376 ctrl_sent=19441 infer_avg=0.17ms
[RTX-GST] RTP_RX pkts=91350 meta=21671 frames_rx=21693
[RTX-GST] RTP_RX pkts=91380 meta=21678 frames_rx=21700
[RTX-GST] RTP_RX pkts=91410 meta=21684 frames_rx=21706
[RTX-GST] RTP_RX pkts=91440 meta=21692 frames_rx=21714
[RTX-GST] RTP_RX pkts=91470 meta=21699 frames_rx=21721
[RTX-GST] VIDEO frames_rx=21724 fps=20.4 assoc_ok=19471 assoc_miss=1377 ctrl_sent=19471 infer_avg=0.05ms
[RTX-GST] RTP_RX pkts=91500 meta=21707 frames_rx=21729
[RTX-GST] RTP_RX pkts=91530 meta=21714 frames_rx=21736
[RTX-GST] RTP_RX pkts=91560 meta=21720 frames_rx=21742
[RTX-GST] RTP_RX pkts=91590 meta=21727 frames_rx=21749
[RTX-GST] VIDEO frames_rx=21755 fps=20.4 assoc_ok=19497 assoc_miss=1380 ctrl_sent=19497 infer_avg=0.06ms
[RTX-GST] RTP_RX pkts=91620 meta=21735 frames_rx=21757
[RTX-GST] SAVED n=19500 dropped=0 recv2save_p50=0.98ms recv2save_p95=1.44ms
[RTX-GST] RTP_RX pkts=91650 meta=21742 frames_rx=21764
[RTX-GST] RTP_RX pkts=91680 meta=21748 frames_rx=21770
[RTX-GST] RTP_RX pkts=91710 meta=21756 frames_rx=21778
[RTX-GST] RTP_RX pkts=91740 meta=21763 frames_rx=21785
[RTX-GST] VIDEO frames_rx=21786 fps=20.4 assoc_ok=19527 assoc_miss=1381 ctrl_sent=19527 infer_avg=0.06ms
[RTX-GST] RTP_RX pkts=91770 meta=21771 frames_rx=21793
[RTX-GST] RTP_RX pkts=91800 meta=21776 frames_rx=21798
[RTX-GST] RTP_RX pkts=91830 meta=21784 frames_rx=21806
[RTX-GST] RTP_RX pkts=91860 meta=21791 frames_rx=21813
[RTX-GST] VIDEO frames_rx=21816 fps=20.4 assoc_ok=19554 assoc_miss=1383 ctrl_sent=19554 infer_avg=0.06ms
[RTX-GST] RTP_RX pkts=91890 meta=21799 frames_rx=21821
[RTX-GST] RTP_RX pkts=91920 meta=21805 frames_rx=21827
[RTX-GST] RTP_RX pkts=91950 meta=21812 frames_rx=21834
[RTX-GST] RTP_RX pkts=91980 meta=21820 frames_rx=21842
[RTX-GST] VIDEO frames_rx=21846 fps=20.4 assoc_ok=19581 assoc_miss=1386 ctrl_sent=19581 infer_avg=0.08ms
[RTX-GST] RTP_RX pkts=92010 meta=21827 frames_rx=21849
[RTX-GST] RTP_RX pkts=92040 meta=21834 frames_rx=21856
[RTX-GST] RTP_RX pkts=92070 meta=21840 frames_rx=21862
[RTX-GST] SAVED n=19600 dropped=0 recv2save_p50=0.97ms recv2save_p95=1.44ms
[RTX-GST] RTP_RX pkts=92100 meta=21848 frames_rx=21870
[RTX-GST] VIDEO frames_rx=21877 fps=20.4 assoc_ok=19610 assoc_miss=1386 ctrl_sent=19610 infer_avg=0.07ms
[RTX-GST] RTP_RX pkts=92130 meta=21855 frames_rx=21877
[RTX-GST] RTP_RX pkts=92160 meta=21863 frames_rx=21885
[RTX-GST] RTP_RX pkts=92190 meta=21869 frames_rx=21891
[RTX-GST] RTP_RX pkts=92220 meta=21876 frames_rx=21898
[RTX-GST] RTP_RX pkts=92250 meta=21884 frames_rx=21906
[RTX-GST] VIDEO frames_rx=21908 fps=20.4 assoc_ok=19638 assoc_miss=1386 ctrl_sent=19638 infer_avg=0.08ms
[RTX-GST] RTP_RX pkts=92280 meta=21891 frames_rx=21913
[RTX-GST] RTP_RX pkts=92310 meta=21897 frames_rx=21919
[RTX-GST] RTP_RX pkts=92340 meta=21904 frames_rx=21926
[RTX-GST] RTP_RX pkts=92370 meta=21912 frames_rx=21934
[RTX-GST] VIDEO frames_rx=21940 fps=20.4 assoc_ok=19668 assoc_miss=1388 ctrl_sent=19668 infer_avg=0.07ms
[RTX-GST] RTP_RX pkts=92400 meta=21919 frames_rx=21942
[RTX-GST] RTP_RX pkts=92430 meta=21925 frames_rx=21947
[RTX-GST] RTP_RX pkts=92460 meta=21932 frames_rx=21954
[RTX-GST] RTP_RX pkts=92490 meta=21940 frames_rx=21962
[RTX-GST] RTP_RX pkts=92520 meta=21947 frames_rx=21970
[RTX-GST] VIDEO frames_rx=21971 fps=20.4 assoc_ok=19696 assoc_miss=1390 ctrl_sent=19696 infer_avg=0.09ms
[RTX-GST] SAVED n=19700 dropped=0 recv2save_p50=0.98ms recv2save_p95=1.44ms
[RTX-GST] RTP_RX pkts=92550 meta=21954 frames_rx=21976
[RTX-GST] RTP_RX pkts=92580 meta=21960 frames_rx=21983
[RTX-GST] RTP_RX pkts=92610 meta=21968 frames_rx=21990
[RTX-GST] RTP_RX pkts=92640 meta=21976 frames_rx=21998
[RTX-GST] VIDEO frames_rx=22002 fps=20.5 assoc_ok=19723 assoc_miss=1394 ctrl_sent=19723 infer_avg=0.08ms
[RTX-GST] RTP_RX pkts=92670 meta=21983 frames_rx=22005
[RTX-GST] RTP_RX pkts=92700 meta=21989 frames_rx=22011
[RTX-GST] RTP_RX pkts=92730 meta=21996 frames_rx=22018
[RTX-GST] RTP_RX pkts=92760 meta=22004 frames_rx=22026
[RTX-GST] VIDEO frames_rx=22032 fps=20.5 assoc_ok=19753 assoc_miss=1394 ctrl_sent=19753 infer_avg=0.07ms
[RTX-GST] RTP_RX pkts=92790 meta=22011 frames_rx=22033
[RTX-GST] RTP_RX pkts=92820 meta=22017 frames_rx=22039
[RTX-GST] RTP_RX pkts=92850 meta=22025 frames_rx=22047
[RTX-GST] RTP_RX pkts=92880 meta=22032 frames_rx=22054
[RTX-GST] VIDEO frames_rx=22062 fps=20.5 assoc_ok=19780 assoc_miss=1396 ctrl_sent=19780 infer_avg=0.13ms
[RTX-GST] RTP_RX pkts=92910 meta=22040 frames_rx=22062
[RTX-GST] RTP_RX pkts=92940 meta=22045 frames_rx=22067
[RTX-GST] RTP_RX pkts=92970 meta=22053 frames_rx=22075
[RTX-GST] RTP_RX pkts=93000 meta=22060 frames_rx=22082
[RTX-GST] SAVED n=19800 dropped=0 recv2save_p50=1.01ms recv2save_p95=1.47ms
[RTX-GST] RTP_RX pkts=93030 meta=22068 frames_rx=22090
[RTX-GST] VIDEO frames_rx=22093 fps=20.5 assoc_ok=19809 assoc_miss=1398 ctrl_sent=19809 infer_avg=0.08ms
[RTX-GST] RTP_RX pkts=93060 meta=22074 frames_rx=22096
[RTX-GST] RTP_RX pkts=93090 meta=22081 frames_rx=22103
[RTX-GST] RTP_RX pkts=93120 meta=22089 frames_rx=22111
[RTX-GST] RTP_RX pkts=93150 meta=22096 frames_rx=22118
[RTX-GST] VIDEO frames_rx=22124 fps=20.5 assoc_ok=19837 assoc_miss=1400 ctrl_sent=19837 infer_avg=0.07ms
[RTX-GST] RTP_RX pkts=93180 meta=22104 frames_rx=22126
[RTX-GST] RTP_RX pkts=93210 meta=22109 frames_rx=22132
[RTX-GST] RTP_RX pkts=93240 meta=22117 frames_rx=22139
[RTX-GST] RTP_RX pkts=93270 meta=22124 frames_rx=22146
[RTX-GST] VIDEO frames_rx=22150 fps=20.5 assoc_ok=19862 assoc_miss=1400 ctrl_sent=19862 infer_avg=0.08ms
[RTX-GST] RTP_RX pkts=93300 meta=22132 frames_rx=22154
[RTX-GST] RTP_RX pkts=93330 meta=22138 frames_rx=22160
[RTX-GST] RTP_RX pkts=93360 meta=22145 frames_rx=22167
[RTX-GST] RTP_RX pkts=93390 meta=22153 frames_rx=22175
[RTX-GST] RTP_RX pkts=93420 meta=22160 frames_rx=22182
[RTX-GST] VIDEO frames_rx=22186 fps=20.5 assoc_ok=19897 assoc_miss=1402 ctrl_sent=19897 infer_avg=0.08ms
[RTX-GST] RTP_RX pkts=93450 meta=22166 frames_rx=22188
[RTX-GST] SAVED n=19900 dropped=0 recv2save_p50=1.02ms recv2save_p95=1.50ms
[RTX-GST] RTP_RX pkts=93480 meta=22173 frames_rx=22195
[RTX-GST] RTP_RX pkts=93510 meta=22181 frames_rx=22203
[RTX-GST] RTP_RX pkts=93540 meta=22188 frames_rx=22210
[RTX-GST] VIDEO frames_rx=22216 fps=20.5 assoc_ok=19925 assoc_miss=1403 ctrl_sent=19925 infer_avg=0.08ms
[RTX-GST] RTP_RX pkts=93570 meta=22194 frames_rx=22216
[RTX-GST] RTP_RX pkts=93600 meta=22202 frames_rx=22224
[RTX-GST] RTP_RX pkts=93630 meta=22209 frames_rx=22231
[RTX-GST] RTP_RX pkts=93660 meta=22217 frames_rx=22239
[RTX-GST] VIDEO frames_rx=22246 fps=20.5 assoc_ok=19953 assoc_miss=1405 ctrl_sent=19953 infer_avg=0.06ms
[RTX-GST] RTP_RX pkts=93690 meta=22224 frames_rx=22246
[RTX-GST] RTP_RX pkts=93720 meta=22230 frames_rx=22252
[RTX-GST] RTP_RX pkts=93750 meta=22237 frames_rx=22259
[RTX-GST] RTP_RX pkts=93780 meta=22245 frames_rx=22267
[RTX-GST] RTP_RX pkts=93810 meta=22252 frames_rx=22274
[RTX-GST] VIDEO frames_rx=22277 fps=20.5 assoc_ok=19980 assoc_miss=1408 ctrl_sent=19980 infer_avg=0.08ms
[RTX-GST] RTP_RX pkts=93840 meta=22258 frames_rx=22280
[RTX-GST] RTP_RX pkts=93870 meta=22266 frames_rx=22288
[RTX-GST] RTP_RX pkts=93900 meta=22273 frames_rx=22295
[RTX-GST] RTP_RX pkts=93930 meta=22281 frames_rx=22303
[RTX-GST] RTP_RX pkts=93960 meta=22286 frames_rx=22308
[RTX-GST] VIDEO frames_rx=22310 fps=20.5 assoc_ok=19998 assoc_miss=1409 ctrl_sent=19998 infer_avg=0.08ms
[RTX-GST] SAVED n=20000 dropped=0 recv2save_p50=1.01ms recv2save_p95=1.43ms
[RTX-GST] RTP_RX pkts=93990 meta=22294 frames_rx=22316
[RTX-GST] RTP_RX pkts=94020 meta=22301 frames_rx=22323
[RTX-GST] RTP_RX pkts=94050 meta=22309 frames_rx=22331
[RTX-GST] RTP_RX pkts=94080 meta=22315 frames_rx=22337
[RTX-GST] VIDEO frames_rx=22340 fps=20.6 assoc_ok=20027 assoc_miss=1410 ctrl_sent=20027 infer_avg=0.07ms
[RTX-GST] RTP_RX pkts=94110 meta=22322 frames_rx=22344
[RTX-GST] RTP_RX pkts=94140 meta=22330 frames_rx=22352
[RTX-GST] RTP_RX pkts=94170 meta=22337 frames_rx=22359
[RTX-GST] RTP_RX pkts=94200 meta=22344 frames_rx=22366
[RTX-GST] VIDEO frames_rx=22372 fps=20.6 assoc_ok=20056 assoc_miss=1413 ctrl_sent=20056 infer_avg=0.07ms
[RTX-GST] RTP_RX pkts=94230 meta=22350 frames_rx=22373
[RTX-GST] RTP_RX pkts=94260 meta=22358 frames_rx=22380
[RTX-GST] RTP_RX pkts=94290 meta=22365 frames_rx=22387
[RTX-GST] RTP_RX pkts=94320 meta=22373 frames_rx=22395
[RTX-GST] RTP_RX pkts=94350 meta=22379 frames_rx=22401
[RTX-GST] VIDEO frames_rx=22403 fps=20.6 assoc_ok=20085 assoc_miss=1415 ctrl_sent=20085 infer_avg=0.07ms
[RTX-GST] RTP_RX pkts=94380 meta=22386 frames_rx=22408
[RTX-GST] RTP_RX pkts=94410 meta=22394 frames_rx=22416
[RTX-GST] SAVED n=20100 dropped=0 recv2save_p50=1.02ms recv2save_p95=1.44ms
[RTX-GST] RTP_RX pkts=94440 meta=22401 frames_rx=22423
[RTX-GST] RTP_RX pkts=94470 meta=22407 frames_rx=22429
[RTX-GST] VIDEO frames_rx=22434 fps=20.6 assoc_ok=20115 assoc_miss=1415 ctrl_sent=20115 infer_avg=0.10ms
[RTX-GST] RTP_RX pkts=94500 meta=22415 frames_rx=22436
[RTX-GST] RTP_RX pkts=94530 meta=22422 frames_rx=22444
[RTX-GST] RTP_RX pkts=94560 meta=22429 frames_rx=22451
[RTX-GST] RTP_RX pkts=94590 meta=22435 frames_rx=22457
[RTX-GST] VIDEO frames_rx=22464 fps=20.6 assoc_ok=20142 assoc_miss=1416 ctrl_sent=20142 infer_avg=0.12ms
[RTX-GST] RTP_RX pkts=94620 meta=22443 frames_rx=22465
[RTX-GST] RTP_RX pkts=94650 meta=22450 frames_rx=22472
[RTX-GST] RTP_RX pkts=94680 meta=22457 frames_rx=22480
[RTX-GST] RTP_RX pkts=94710 meta=22464 frames_rx=22486
[RTX-GST] RTP_RX pkts=94740 meta=22471 frames_rx=22493
[RTX-GST] VIDEO frames_rx=22495 fps=20.6 assoc_ok=20171 assoc_miss=1418 ctrl_sent=20171 infer_avg=0.13ms
[RTX-GST] RTP_RX pkts=94770 meta=22478 frames_rx=22500
[RTX-GST] RTP_RX pkts=94800 meta=22486 frames_rx=22508
[RTX-GST] RTP_RX pkts=94830 meta=22492 frames_rx=22515
[RTX-GST] RTP_RX pkts=94860 meta=22498 frames_rx=22521
[RTX-GST] VIDEO frames_rx=22526 fps=20.6 assoc_ok=20197 assoc_miss=1420 ctrl_sent=20197 infer_avg=0.10ms
[RTX-GST] RTP_RX pkts=94890 meta=22505 frames_rx=22529
[RTX-GST] SAVED n=20200 dropped=0 recv2save_p50=1.03ms recv2save_p95=1.55ms
[RTX-GST] RTP_RX pkts=94920 meta=22511 frames_rx=22536
[RTX-GST] RTP_RX pkts=94950 meta=22519 frames_rx=22544
[RTX-GST] RTP_RX pkts=94980 meta=22524 frames_rx=22549
[RTX-GST] VIDEO frames_rx=22557 fps=20.6 assoc_ok=20224 assoc_miss=1424 ctrl_sent=20224 infer_avg=0.09ms
[RTX-GST] RTP_RX pkts=95010 meta=22532 frames_rx=22557
[RTX-GST] RTP_RX pkts=95040 meta=22539 frames_rx=22564
[RTX-GST] RTP_RX pkts=95070 meta=22547 frames_rx=22572
[RTX-GST] RTP_RX pkts=95100 meta=22553 frames_rx=22578
[RTX-GST] RTP_RX pkts=95130 meta=22560 frames_rx=22585
[RTX-GST] VIDEO frames_rx=22588 fps=20.6 assoc_ok=20255 assoc_miss=1424 ctrl_sent=20255 infer_avg=0.11ms
[RTX-GST] RTP_RX pkts=95160 meta=22568 frames_rx=22593
[RTX-GST] RTP_RX pkts=95190 meta=22576 frames_rx=22601
[RTX-GST] RTP_RX pkts=95220 meta=22582 frames_rx=22607
[RTX-GST] RTP_RX pkts=95250 meta=22589 frames_rx=22615
[RTX-GST] VIDEO frames_rx=22618 fps=20.6 assoc_ok=20281 assoc_miss=1428 ctrl_sent=20281 infer_avg=0.06ms
[RTX-GST] RTP_RX pkts=95280 meta=22596 frames_rx=22623
[RTX-GST] RTP_RX pkts=95310 meta=22604 frames_rx=22630
[RTX-GST] RTP_RX pkts=95340 meta=22610 frames_rx=22636
[RTX-GST] SAVED n=20300 dropped=0 recv2save_p50=1.04ms recv2save_p95=1.55ms
[RTX-GST] RTP_RX pkts=95370 meta=22617 frames_rx=22643
[RTX-GST] VIDEO frames_rx=22648 fps=20.6 assoc_ok=20308 assoc_miss=1431 ctrl_sent=20308 infer_avg=0.07ms
[RTX-GST] RTP_RX pkts=95400 meta=22625 frames_rx=22651
[RTX-GST] RTP_RX pkts=95430 meta=22632 frames_rx=22658
[RTX-GST] RTP_RX pkts=95460 meta=22640 frames_rx=22666
[RTX-GST] RTP_RX pkts=95490 meta=22646 frames_rx=22672
[RTX-GST] RTP_RX pkts=95520 meta=22653 frames_rx=22680
[RTX-GST] VIDEO frames_rx=22680 fps=20.7 assoc_ok=20337 assoc_miss=1433 ctrl_sent=20337 infer_avg=0.07ms
[RTX-GST] RTP_RX pkts=95550 meta=22661 frames_rx=22687
[RTX-GST] RTP_RX pkts=95580 meta=22669 frames_rx=22695
[RTX-GST] RTP_RX pkts=95610 meta=22674 frames_rx=22701
[RTX-GST] RTP_RX pkts=95640 meta=22682 frames_rx=22708
[RTX-GST] VIDEO frames_rx=22710 fps=20.7 assoc_ok=20363 assoc_miss=1435 ctrl_sent=20363 infer_avg=0.08ms
[RTX-GST] RTP_RX pkts=95670 meta=22688 frames_rx=22715
[RTX-GST] RTP_RX pkts=95700 meta=22696 frames_rx=22723
[RTX-GST] RTP_RX pkts=95730 meta=22702 frames_rx=22729
[RTX-GST] RTP_RX pkts=95760 meta=22709 frames_rx=22736
[RTX-GST] VIDEO frames_rx=22741 fps=20.7 assoc_ok=20390 assoc_miss=1439 ctrl_sent=20390 infer_avg=0.12ms
[RTX-GST] RTP_RX pkts=95790 meta=22717 frames_rx=22744
[RTX-GST] SAVED n=20400 dropped=0 recv2save_p50=1.06ms recv2save_p95=1.55ms
[RTX-GST] RTP_RX pkts=95820 meta=22724 frames_rx=22751
[RTX-GST] RTP_RX pkts=95850 meta=22729 frames_rx=22757
[RTX-GST] RTP_RX pkts=95880 meta=22737 frames_rx=22765
[RTX-GST] VIDEO frames_rx=22772 fps=20.7 assoc_ok=20419 assoc_miss=1440 ctrl_sent=20419 infer_avg=0.07ms
[RTX-GST] RTP_RX pkts=95910 meta=22745 frames_rx=22773
[RTX-GST] RTP_RX pkts=95940 meta=22752 frames_rx=22780
[RTX-GST] RTP_RX pkts=95970 meta=22758 frames_rx=22786
[RTX-GST] RTP_RX pkts=96000 meta=22766 frames_rx=22794
[RTX-GST] RTP_RX pkts=96030 meta=22773 frames_rx=22801
[RTX-GST] VIDEO frames_rx=22804 fps=20.7 assoc_ok=20448 assoc_miss=1443 ctrl_sent=20448 infer_avg=0.08ms
[RTX-GST] RTP_RX pkts=96060 meta=22781 frames_rx=22808
[RTX-GST] RTP_RX pkts=96090 meta=22788 frames_rx=22815
[RTX-GST] RTP_RX pkts=96120 meta=22795 frames_rx=22822
[RTX-GST] RTP_RX pkts=96150 meta=22802 frames_rx=22830
[RTX-GST] VIDEO frames_rx=22833 fps=20.7 assoc_ok=20473 assoc_miss=1447 ctrl_sent=20473 infer_avg=0.08ms
[RTX-GST] RTP_RX pkts=96180 meta=22810 frames_rx=22837
[RTX-GST] RTP_RX pkts=96210 meta=22818 frames_rx=22845
[RTX-GST] RTP_RX pkts=96240 meta=22824 frames_rx=22851
[RTX-GST] RTP_RX pkts=96270 meta=22831 frames_rx=22858
[RTX-GST] SAVED n=20500 dropped=0 recv2save_p50=1.08ms recv2save_p95=1.55ms
[RTX-GST] VIDEO frames_rx=22863 fps=20.7 assoc_ok=20501 assoc_miss=1449 ctrl_sent=20501 infer_avg=0.08ms
[RTX-GST] RTP_RX pkts=96300 meta=22839 frames_rx=22866
[RTX-GST] RTP_RX pkts=96330 meta=22846 frames_rx=22873
[RTX-GST] RTP_RX pkts=96360 meta=22852 frames_rx=22879
[RTX-GST] RTP_RX pkts=96390 meta=22860 frames_rx=22887
[RTX-GST] VIDEO frames_rx=22894 fps=20.7 assoc_ok=20528 assoc_miss=1451 ctrl_sent=20528 infer_avg=0.07ms
[RTX-GST] RTP_RX pkts=96420 meta=22867 frames_rx=22894
[RTX-GST] RTP_RX pkts=96450 meta=22875 frames_rx=22902
[RTX-GST] RTP_RX pkts=96480 meta=22880 frames_rx=22907
[RTX-GST] RTP_RX pkts=96510 meta=22888 frames_rx=22915
[RTX-GST] RTP_RX pkts=96540 meta=22896 frames_rx=22923
[RTX-GST] VIDEO frames_rx=22925 fps=20.7 assoc_ok=20560 assoc_miss=1451 ctrl_sent=20560 infer_avg=0.06ms
[RTX-GST] RTP_RX pkts=96570 meta=22903 frames_rx=22930
[RTX-GST] RTP_RX pkts=96600 meta=22909 frames_rx=22936
[RTX-GST] RTP_RX pkts=96630 meta=22916 frames_rx=22944
[RTX-GST] RTP_RX pkts=96660 meta=22924 frames_rx=22951
[RTX-GST] VIDEO frames_rx=22956 fps=20.7 assoc_ok=20589 assoc_miss=1452 ctrl_sent=20589 infer_avg=0.09ms
[RTX-GST] RTP_RX pkts=96690 meta=22932 frames_rx=22959
[RTX-GST] RTP_RX pkts=96720 meta=22938 frames_rx=22965
[RTX-GST] SAVED n=20600 dropped=0 recv2save_p50=1.08ms recv2save_p95=1.55ms
[RTX-GST] RTP_RX pkts=96750 meta=22944 frames_rx=22972
[RTX-GST] RTP_RX pkts=96780 meta=22953 frames_rx=22980
[RTX-GST] VIDEO frames_rx=22987 fps=20.7 assoc_ok=20617 assoc_miss=1453 ctrl_sent=20617 infer_avg=0.09ms
[RTX-GST] RTP_RX pkts=96810 meta=22960 frames_rx=22987
[RTX-GST] RTP_RX pkts=96840 meta=22968 frames_rx=22995
[RTX-GST] RTP_RX pkts=96870 meta=22974 frames_rx=23001
[RTX-GST] RTP_RX pkts=96900 meta=22982 frames_rx=23009
[RTX-GST] RTP_RX pkts=96930 meta=22989 frames_rx=23016
[RTX-GST] VIDEO frames_rx=23017 fps=20.7 assoc_ok=20647 assoc_miss=1454 ctrl_sent=20647 infer_avg=0.07ms
[RTX-GST] RTP_RX pkts=96960 meta=22997 frames_rx=23024
[RTX-GST] RTP_RX pkts=96990 meta=23002 frames_rx=23030
[RTX-GST] RTP_RX pkts=97020 meta=23009 frames_rx=23037
[RTX-GST] RTP_RX pkts=97050 meta=23015 frames_rx=23044
[RTX-GST] VIDEO frames_rx=23047 fps=20.8 assoc_ok=20672 assoc_miss=1458 ctrl_sent=20672 infer_avg=0.07ms
[RTX-GST] RTP_RX pkts=97080 meta=23023 frames_rx=23052
[RTX-GST] RTP_RX pkts=97110 meta=23029 frames_rx=23058
[RTX-GST] RTP_RX pkts=97140 meta=23036 frames_rx=23065
[RTX-GST] RTP_RX pkts=97170 meta=23044 frames_rx=23073
[RTX-GST] SAVED n=20700 dropped=0 recv2save_p50=1.04ms recv2save_p95=1.44ms
[RTX-GST] VIDEO frames_rx=23078 fps=20.8 assoc_ok=20702 assoc_miss=1459 ctrl_sent=20702 infer_avg=0.07ms
[RTX-GST] RTP_RX pkts=97200 meta=23051 frames_rx=23080
[RTX-GST] RTP_RX pkts=97230 meta=23057 frames_rx=23086
[RTX-GST] RTP_RX pkts=97260 meta=23064 frames_rx=23093
[RTX-GST] RTP_RX pkts=97290 meta=23072 frames_rx=23101
[RTX-GST] RTP_RX pkts=97320 meta=23079 frames_rx=23108
[RTX-GST] VIDEO frames_rx=23110 fps=20.8 assoc_ok=20731 assoc_miss=1460 ctrl_sent=20731 infer_avg=0.07ms
[RTX-GST] RTP_RX pkts=97350 meta=23085 frames_rx=23114
[RTX-GST] RTP_RX pkts=97380 meta=23093 frames_rx=23122
[RTX-GST] RTP_RX pkts=97410 meta=23100 frames_rx=23130
[RTX-GST] RTP_RX pkts=97440 meta=23108 frames_rx=23137
[RTX-GST] VIDEO frames_rx=23141 fps=20.8 assoc_ok=20760 assoc_miss=1463 ctrl_sent=20760 infer_avg=0.07ms
[RTX-GST] RTP_RX pkts=97470 meta=23115 frames_rx=23144
[RTX-GST] RTP_RX pkts=97500 meta=23121 frames_rx=23150
[RTX-GST] RTP_RX pkts=97530 meta=23129 frames_rx=23158
[RTX-GST] RTP_RX pkts=97560 meta=23136 frames_rx=23165
[RTX-GST] VIDEO frames_rx=23172 fps=20.8 assoc_ok=20788 assoc_miss=1465 ctrl_sent=20788 infer_avg=0.09ms
[RTX-GST] RTP_RX pkts=97590 meta=23144 frames_rx=23173
[RTX-GST] RTP_RX pkts=97620 meta=23149 frames_rx=23179
[RTX-GST] SAVED n=20800 dropped=0 recv2save_p50=1.01ms recv2save_p95=1.41ms
[RTX-GST] RTP_RX pkts=97650 meta=23156 frames_rx=23186
[RTX-GST] RTP_RX pkts=97680 meta=23164 frames_rx=23194
[RTX-GST] RTP_RX pkts=97710 meta=23171 frames_rx=23201
[RTX-GST] VIDEO frames_rx=23202 fps=20.8 assoc_ok=20816 assoc_miss=1467 ctrl_sent=20816 infer_avg=0.07ms
[RTX-GST] RTP_RX pkts=97740 meta=23177 frames_rx=23207
[RTX-GST] RTP_RX pkts=97770 meta=23185 frames_rx=23215
[RTX-GST] RTP_RX pkts=97800 meta=23191 frames_rx=23222
[RTX-GST] RTP_RX pkts=97830 meta=23199 frames_rx=23230
[RTX-GST] VIDEO frames_rx=23232 fps=20.8 assoc_ok=20844 assoc_miss=1469 ctrl_sent=20844 infer_avg=0.11ms
[RTX-GST] RTP_RX pkts=97860 meta=23205 frames_rx=23236
[RTX-GST] RTP_RX pkts=97890 meta=23212 frames_rx=23243
[RTX-GST] RTP_RX pkts=97920 meta=23220 frames_rx=23251
[RTX-GST] RTP_RX pkts=97950 meta=23227 frames_rx=23258
[RTX-GST] VIDEO frames_rx=23264 fps=20.8 assoc_ok=20872 assoc_miss=1470 ctrl_sent=20872 infer_avg=0.13ms
[RTX-GST] RTP_RX pkts=97980 meta=23233 frames_rx=23264
[RTX-GST] RTP_RX pkts=98010 meta=23241 frames_rx=23272
[RTX-GST] RTP_RX pkts=98040 meta=23248 frames_rx=23280
[RTX-GST] RTP_RX pkts=98070 meta=23256 frames_rx=23287
[RTX-GST] SAVED n=20900 dropped=0 recv2save_p50=1.00ms recv2save_p95=1.39ms
[RTX-GST] VIDEO frames_rx=23294 fps=20.8 assoc_ok=20903 assoc_miss=1471 ctrl_sent=20903 infer_avg=0.07ms
[RTX-GST] RTP_RX pkts=98100 meta=23263 frames_rx=23294
[RTX-GST] RTP_RX pkts=98130 meta=23269 frames_rx=23300
[RTX-GST] RTP_RX pkts=98160 meta=23277 frames_rx=23308
[RTX-GST] RTP_RX pkts=98190 meta=23284 frames_rx=23315
[RTX-GST] RTP_RX pkts=98220 meta=23292 frames_rx=23323
[RTX-GST] VIDEO frames_rx=23325 fps=20.8 assoc_ok=20930 assoc_miss=1475 ctrl_sent=20930 infer_avg=0.08ms
[RTX-GST] RTP_RX pkts=98250 meta=23298 frames_rx=23329
[RTX-GST] RTP_RX pkts=98280 meta=23305 frames_rx=23336
[RTX-GST] RTP_RX pkts=98310 meta=23312 frames_rx=23344
[RTX-GST] RTP_RX pkts=98340 meta=23319 frames_rx=23351
[RTX-GST] RTP_RX pkts=98370 meta=23325 frames_rx=23357
[RTX-GST] VIDEO frames_rx=23358 fps=20.8 assoc_ok=20960 assoc_miss=1478 ctrl_sent=20960 infer_avg=0.15ms
[RTX-GST] RTP_RX pkts=98400 meta=23332 frames_rx=23364
[RTX-GST] RTP_RX pkts=98430 meta=23340 frames_rx=23372
[RTX-GST] RTP_RX pkts=98460 meta=23348 frames_rx=23380
[RTX-GST] RTP_RX pkts=98490 meta=23354 frames_rx=23386
[RTX-GST] VIDEO frames_rx=23387 fps=20.8 assoc_ok=20986 assoc_miss=1480 ctrl_sent=20986 infer_avg=0.07ms
[RTX-GST] RTP_RX pkts=98520 meta=23361 frames_rx=23393
[RTX-GST] RTP_RX pkts=98550 meta=23369 frames_rx=23400
[RTX-GST] SAVED n=21000 dropped=0 recv2save_p50=0.99ms recv2save_p95=1.43ms
[RTX-GST] RTP_RX pkts=98580 meta=23376 frames_rx=23407
[RTX-GST] RTP_RX pkts=98610 meta=23382 frames_rx=23413
[RTX-GST] VIDEO frames_rx=23417 fps=20.9 assoc_ok=21013 assoc_miss=1483 ctrl_sent=21013 infer_avg=0.05ms
[RTX-GST] RTP_RX pkts=98640 meta=23390 frames_rx=23421
[RTX-GST] RTP_RX pkts=98670 meta=23397 frames_rx=23428
[RTX-GST] RTP_RX pkts=98700 meta=23405 frames_rx=23436
[RTX-GST] RTP_RX pkts=98730 meta=23412 frames_rx=23443
[RTX-GST] VIDEO frames_rx=23448 fps=20.9 assoc_ok=21041 assoc_miss=1486 ctrl_sent=21041 infer_avg=0.06ms
[RTX-GST] RTP_RX pkts=98760 meta=23417 frames_rx=23449
[RTX-GST] RTP_RX pkts=98790 meta=23424 frames_rx=23456
[RTX-GST] RTP_RX pkts=98820 meta=23432 frames_rx=23464
[RTX-GST] RTP_RX pkts=98850 meta=23440 frames_rx=23472
[RTX-GST] RTP_RX pkts=98880 meta=23445 frames_rx=23477
[RTX-GST] VIDEO frames_rx=23478 fps=20.9 assoc_ok=21070 assoc_miss=1487 ctrl_sent=21070 infer_avg=0.07ms
[RTX-GST] RTP_RX pkts=98910 meta=23453 frames_rx=23485
[RTX-GST] RTP_RX pkts=98940 meta=23461 frames_rx=23493
[RTX-GST] RTP_RX pkts=98970 meta=23468 frames_rx=23500
[RTX-GST] RTP_RX pkts=99000 meta=23475 frames_rx=23507
[RTX-GST] VIDEO frames_rx=23509 fps=20.9 assoc_ok=21099 assoc_miss=1489 ctrl_sent=21099 infer_avg=0.07ms
[RTX-GST] SAVED n=21100 dropped=0 recv2save_p50=0.95ms recv2save_p95=1.43ms
[RTX-GST] RTP_RX pkts=99030 meta=23482 frames_rx=23514
[RTX-GST] RTP_RX pkts=99060 meta=23490 frames_rx=23522
[RTX-GST] RTP_RX pkts=99090 meta=23498 frames_rx=23530
[RTX-GST] RTP_RX pkts=99120 meta=23504 frames_rx=23536
[RTX-GST] VIDEO frames_rx=23540 fps=20.9 assoc_ok=21129 assoc_miss=1490 ctrl_sent=21129 infer_avg=0.06ms
[RTX-GST] RTP_RX pkts=99150 meta=23511 frames_rx=23543
[RTX-GST] RTP_RX pkts=99180 meta=23519 frames_rx=23551
[RTX-GST] RTP_RX pkts=99210 meta=23526 frames_rx=23558
[RTX-GST] RTP_RX pkts=99240 meta=23533 frames_rx=23565
[RTX-GST] VIDEO frames_rx=23571 fps=20.9 assoc_ok=21157 assoc_miss=1491 ctrl_sent=21157 infer_avg=0.08ms
[RTX-GST] RTP_RX pkts=99270 meta=23540 frames_rx=23572
[RTX-GST] RTP_RX pkts=99300 meta=23548 frames_rx=23580
[RTX-GST] RTP_RX pkts=99330 meta=23555 frames_rx=23587
[RTX-GST] RTP_RX pkts=99360 meta=23561 frames_rx=23593
[RTX-GST] RTP_RX pkts=99390 meta=23568 frames_rx=23600
[RTX-GST] VIDEO frames_rx=23601 fps=20.9 assoc_ok=21186 assoc_miss=1492 ctrl_sent=21186 infer_avg=0.06ms
[RTX-GST] RTP_RX pkts=99420 meta=23576 frames_rx=23608
[RTX-GST] SAVED n=21200 dropped=0 recv2save_p50=0.96ms recv2save_p95=1.43ms
[RTX-GST] RTP_RX pkts=99450 meta=23584 frames_rx=23616
[RTX-GST] RTP_RX pkts=99480 meta=23591 frames_rx=23623
[RTX-GST] RTP_RX pkts=99510 meta=23597 frames_rx=23629
[RTX-GST] VIDEO frames_rx=23631 fps=20.9 assoc_ok=21215 assoc_miss=1492 ctrl_sent=21215 infer_avg=0.07ms
[RTX-GST] RTP_RX pkts=99540 meta=23605 frames_rx=23637
[RTX-GST] RTP_RX pkts=99570 meta=23613 frames_rx=23645
[RTX-GST] RTP_RX pkts=99600 meta=23620 frames_rx=23652
[RTX-GST] RTP_RX pkts=99630 meta=23626 frames_rx=23658
[RTX-GST] VIDEO frames_rx=23662 fps=20.9 assoc_ok=21245 assoc_miss=1493 ctrl_sent=21245 infer_avg=0.07ms
[RTX-GST] RTP_RX pkts=99660 meta=23633 frames_rx=23665
[RTX-GST] RTP_RX pkts=99690 meta=23641 frames_rx=23673
[RTX-GST] RTP_RX pkts=99720 meta=23648 frames_rx=23680
[RTX-GST] RTP_RX pkts=99750 meta=23654 frames_rx=23686
[RTX-GST] VIDEO frames_rx=23693 fps=20.9 assoc_ok=21273 assoc_miss=1496 ctrl_sent=21273 infer_avg=0.07ms
[RTX-GST] RTP_RX pkts=99780 meta=23662 frames_rx=23694
[RTX-GST] RTP_RX pkts=99810 meta=23669 frames_rx=23701
[RTX-GST] RTP_RX pkts=99840 meta=23677 frames_rx=23709
[RTX-GST] RTP_RX pkts=99870 meta=23683 frames_rx=23715
[RTX-GST] SAVED n=21300 dropped=0 recv2save_p50=0.95ms recv2save_p95=1.42ms
[RTX-GST] RTP_RX pkts=99900 meta=23690 frames_rx=23722
[RTX-GST] VIDEO frames_rx=23724 fps=20.9 assoc_ok=21304 assoc_miss=1496 ctrl_sent=21304 infer_avg=0.07ms
[RTX-GST] RTP_RX pkts=99930 meta=23698 frames_rx=23730
[RTX-GST] RTP_RX pkts=99960 meta=23706 frames_rx=23737
[RTX-GST] RTP_RX pkts=99990 meta=23712 frames_rx=23743
[RTX-GST] RTP_RX pkts=100020 meta=23719 frames_rx=23751
[RTX-GST] VIDEO frames_rx=23755 fps=20.9 assoc_ok=21332 assoc_miss=1498 ctrl_sent=21332 infer_avg=0.09ms
[RTX-GST] RTP_RX pkts=100050 meta=23727 frames_rx=23759
[RTX-GST] RTP_RX pkts=100080 meta=23735 frames_rx=23767
[RTX-GST] RTP_RX pkts=100110 meta=23741 frames_rx=23773
[RTX-GST] RTP_RX pkts=100140 meta=23748 frames_rx=23779
[RTX-GST] VIDEO frames_rx=23785 fps=21.0 assoc_ok=21360 assoc_miss=1501 ctrl_sent=21360 infer_avg=0.06ms
[RTX-GST] RTP_RX pkts=100170 meta=23756 frames_rx=23787
[RTX-GST] RTP_RX pkts=100200 meta=23763 frames_rx=23794
[RTX-GST] RTP_RX pkts=100230 meta=23771 frames_rx=23802
[RTX-GST] RTP_RX pkts=100260 meta=23775 frames_rx=23808
[RTX-GST] RTP_RX pkts=100290 meta=23783 frames_rx=23815
[RTX-GST] VIDEO frames_rx=23816 fps=21.0 assoc_ok=21387 assoc_miss=1504 ctrl_sent=21387 infer_avg=0.06ms
[RTX-GST] RTP_RX pkts=100320 meta=23790 frames_rx=23822
[RTX-GST] SAVED n=21400 dropped=0 recv2save_p50=0.93ms recv2save_p95=1.37ms
[RTX-GST] RTP_RX pkts=100350 meta=23797 frames_rx=23830
[RTX-GST] RTP_RX pkts=100380 meta=23803 frames_rx=23836
[RTX-GST] RTP_RX pkts=100410 meta=23811 frames_rx=23844
[RTX-GST] VIDEO frames_rx=23847 fps=21.0 assoc_ok=21416 assoc_miss=1505 ctrl_sent=21416 infer_avg=0.08ms
[RTX-GST] RTP_RX pkts=100440 meta=23819 frames_rx=23851
[RTX-GST] RTP_RX pkts=100470 meta=23826 frames_rx=23859
[RTX-GST] RTP_RX pkts=100500 meta=23832 frames_rx=23865
[RTX-GST] RTP_RX pkts=100530 meta=23839 frames_rx=23872
[RTX-GST] VIDEO frames_rx=23877 fps=21.0 assoc_ok=21444 assoc_miss=1508 ctrl_sent=21444 infer_avg=0.06ms
[RTX-GST] RTP_RX pkts=100560 meta=23847 frames_rx=23880
[RTX-GST] RTP_RX pkts=100590 meta=23855 frames_rx=23888
[RTX-GST] RTP_RX pkts=100620 meta=23861 frames_rx=23894
[RTX-GST] RTP_RX pkts=100650 meta=23869 frames_rx=23902
[RTX-GST] VIDEO frames_rx=23907 fps=21.0 assoc_ok=21471 assoc_miss=1510 ctrl_sent=21471 infer_avg=0.06ms
[RTX-GST] RTP_RX pkts=100680 meta=23876 frames_rx=23909
[RTX-GST] RTP_RX pkts=100710 meta=23884 frames_rx=23917
[RTX-GST] RTP_RX pkts=100740 meta=23889 frames_rx=23922
[RTX-GST] RTP_RX pkts=100770 meta=23895 frames_rx=23930
[RTX-GST] VIDEO frames_rx=23937 fps=21.0 assoc_ok=21498 assoc_miss=1513 ctrl_sent=21498 infer_avg=0.06ms
[RTX-GST] RTP_RX pkts=100800 meta=23903 frames_rx=23938
[RTX-GST] SAVED n=21500 dropped=0 recv2save_p50=0.93ms recv2save_p95=1.34ms
[RTX-GST] RTP_RX pkts=100830 meta=23910 frames_rx=23945
[RTX-GST] RTP_RX pkts=100860 meta=23917 frames_rx=23952
[RTX-GST] RTP_RX pkts=100890 meta=23924 frames_rx=23959
[RTX-GST] RTP_RX pkts=100920 meta=23930 frames_rx=23966
[RTX-GST] VIDEO frames_rx=23971 fps=21.0 assoc_ok=21527 assoc_miss=1517 ctrl_sent=21527 infer_avg=0.07ms
[RTX-GST] RTP_RX pkts=100950 meta=23938 frames_rx=23975
[RTX-GST] RTP_RX pkts=100980 meta=23945 frames_rx=23982
[RTX-GST] RTP_RX pkts=101010 meta=23951 frames_rx=23988
[RTX-GST] RTP_RX pkts=101040 meta=23958 frames_rx=23995
[RTX-GST] VIDEO frames_rx=24001 fps=21.0 assoc_ok=21556 assoc_miss=1519 ctrl_sent=21556 infer_avg=0.06ms
[RTX-GST] RTP_RX pkts=101070 meta=23966 frames_rx=24003
[RTX-GST] RTP_RX pkts=101100 meta=23974 frames_rx=24011
[RTX-GST] RTP_RX pkts=101130 meta=23980 frames_rx=24017
[RTX-GST] RTP_RX pkts=101160 meta=23987 frames_rx=24025
[RTX-GST] VIDEO frames_rx=24031 fps=21.0 assoc_ok=21581 assoc_miss=1521 ctrl_sent=21581 infer_avg=0.06ms
[RTX-GST] RTP_RX pkts=101190 meta=23995 frames_rx=24032
[RTX-GST] RTP_RX pkts=101220 meta=24002 frames_rx=24040
[RTX-GST] RTP_RX pkts=101250 meta=24008 frames_rx=24045
[RTX-GST] SAVED n=21600 dropped=0 recv2save_p50=0.95ms recv2save_p95=1.36ms
[RTX-GST] RTP_RX pkts=101280 meta=24016 frames_rx=24053
[RTX-GST] RTP_RX pkts=101310 meta=24026 frames_rx=24059
[RTX-GST] VIDEO frames_rx=24063 fps=21.0 assoc_ok=21609 assoc_miss=1522 ctrl_sent=21609 infer_avg=0.07ms
[RTX-GST] RTP_RX pkts=101340 meta=24031 frames_rx=24067
[RTX-GST] RTP_RX pkts=101370 meta=24037 frames_rx=24073
[RTX-GST] RTP_RX pkts=101400 meta=24044 frames_rx=24080
[RTX-GST] RTP_RX pkts=101430 meta=24052 frames_rx=24088
[RTX-GST] RTP_RX pkts=101460 meta=24059 frames_rx=24095
[RTX-GST] RTP_RX pkts=101490 meta=24065 frames_rx=24101
[RTX-GST] VIDEO frames_rx=24103 fps=21.0 assoc_ok=21644 assoc_miss=1528 ctrl_sent=21644 infer_avg=0.08ms
[RTX-GST] RTP_RX pkts=101520 meta=24071 frames_rx=24108
[RTX-GST] RTP_RX pkts=101550 meta=24079 frames_rx=24116
[RTX-GST] RTP_RX pkts=101580 meta=24087 frames_rx=24124
[RTX-GST] RTP_RX pkts=101610 meta=24093 frames_rx=24130
[RTX-GST] VIDEO frames_rx=24135 fps=21.0 assoc_ok=21672 assoc_miss=1532 ctrl_sent=21672 infer_avg=0.13ms
[RTX-GST] RTP_RX pkts=101640 meta=24100 frames_rx=24137
[RTX-GST] RTP_RX pkts=101670 meta=24108 frames_rx=24145
[RTX-GST] RTP_RX pkts=101700 meta=24115 frames_rx=24152
[RTX-GST] RTP_RX pkts=101730 meta=24123 frames_rx=24160
[RTX-GST] SAVED n=21700 dropped=0 recv2save_p50=0.96ms recv2save_p95=1.47ms
[RTX-GST] RTP_RX pkts=101760 meta=24128 frames_rx=24165
[RTX-GST] VIDEO frames_rx=24166 fps=21.1 assoc_ok=21702 assoc_miss=1532 ctrl_sent=21702 infer_avg=0.08ms
[RTX-GST] RTP_RX pkts=101790 meta=24136 frames_rx=24173
[RTX-GST] RTP_RX pkts=101820 meta=24144 frames_rx=24180
[RTX-GST] RTP_RX pkts=101850 meta=24150 frames_rx=24188
[RTX-GST] RTP_RX pkts=101880 meta=24156 frames_rx=24193
[RTX-GST] VIDEO frames_rx=24196 fps=21.1 assoc_ok=21728 assoc_miss=1536 ctrl_sent=21728 infer_avg=0.07ms
[RTX-GST] RTP_RX pkts=101910 meta=24162 frames_rx=24202
[RTX-GST] RTP_RX pkts=101940 meta=24170 frames_rx=24208
[RTX-GST] RTP_RX pkts=101970 meta=24178 frames_rx=24216
[RTX-GST] RTP_RX pkts=102000 meta=24184 frames_rx=24222
[RTX-GST] VIDEO frames_rx=24225 fps=21.1 assoc_ok=21753 assoc_miss=1538 ctrl_sent=21753 infer_avg=0.07ms
[RTX-GST] RTP_RX pkts=102030 meta=24191 frames_rx=24229
[RTX-GST] RTP_RX pkts=102060 meta=24199 frames_rx=24237
[RTX-GST] RTP_RX pkts=102090 meta=24206 frames_rx=24244
[RTX-GST] RTP_RX pkts=102120 meta=24212 frames_rx=24250
[RTX-GST] VIDEO frames_rx=24255 fps=21.1 assoc_ok=21781 assoc_miss=1539 ctrl_sent=21781 infer_avg=0.07ms
[RTX-GST] RTP_RX pkts=102150 meta=24219 frames_rx=24258
[RTX-GST] RTP_RX pkts=102180 meta=24227 frames_rx=24266
[RTX-GST] RTP_RX pkts=102210 meta=24234 frames_rx=24274
[RTX-GST] SAVED n=21800 dropped=0 recv2save_p50=0.97ms recv2save_p95=1.47ms
[RTX-GST] RTP_RX pkts=102240 meta=24240 frames_rx=24280
[RTX-GST] VIDEO frames_rx=24286 fps=21.1 assoc_ok=21807 assoc_miss=1542 ctrl_sent=21807 infer_avg=0.06ms
[RTX-GST] RTP_RX pkts=102270 meta=24247 frames_rx=24287
[RTX-GST] RTP_RX pkts=102300 meta=24255 frames_rx=24294
[RTX-GST] RTP_RX pkts=102330 meta=24263 frames_rx=24302
[RTX-GST] RTP_RX pkts=102360 meta=24269 frames_rx=24308
[RTX-GST] RTP_RX pkts=102390 meta=24277 frames_rx=24316
[RTX-GST] VIDEO frames_rx=24317 fps=21.1 assoc_ok=21837 assoc_miss=1544 ctrl_sent=21837 infer_avg=0.09ms
[RTX-GST] RTP_RX pkts=102420 meta=24284 frames_rx=24323
[RTX-GST] RTP_RX pkts=102450 meta=24292 frames_rx=24331
[RTX-GST] RTP_RX pkts=102480 meta=24298 frames_rx=24337
[RTX-GST] RTP_RX pkts=102510 meta=24306 frames_rx=24344
[RTX-GST] VIDEO frames_rx=24347 fps=21.1 assoc_ok=21862 assoc_miss=1547 ctrl_sent=21862 infer_avg=0.09ms
[RTX-GST] RTP_RX pkts=102540 meta=24313 frames_rx=24351
[RTX-GST] RTP_RX pkts=102570 meta=24321 frames_rx=24359
[RTX-GST] RTP_RX pkts=102600 meta=24328 frames_rx=24366
[RTX-GST] RTP_RX pkts=102630 meta=24334 frames_rx=24372
[RTX-GST] RTP_RX pkts=102660 meta=24342 frames_rx=24379
[RTX-GST] VIDEO frames_rx=24381 fps=21.1 assoc_ok=21891 assoc_miss=1549 ctrl_sent=21891 infer_avg=0.09ms
[RTX-GST] RTP_RX pkts=102690 meta=24349 frames_rx=24387
[RTX-GST] SAVED n=21900 dropped=0 recv2save_p50=0.96ms recv2save_p95=1.46ms
[RTX-GST] RTP_RX pkts=102720 meta=24357 frames_rx=24395
[RTX-GST] RTP_RX pkts=102750 meta=24362 frames_rx=24401
[RTX-GST] RTP_RX pkts=102780 meta=24369 frames_rx=24408
[RTX-GST] VIDEO frames_rx=24413 fps=21.1 assoc_ok=21920 assoc_miss=1553 ctrl_sent=21920 infer_avg=0.07ms
[RTX-GST] RTP_RX pkts=102810 meta=24376 frames_rx=24415
[RTX-GST] RTP_RX pkts=102840 meta=24384 frames_rx=24423
[RTX-GST] RTP_RX pkts=102870 meta=24390 frames_rx=24429
[RTX-GST] RTP_RX pkts=102900 meta=24397 frames_rx=24436
[RTX-GST] VIDEO frames_rx=24443 fps=21.1 assoc_ok=21948 assoc_miss=1555 ctrl_sent=21948 infer_avg=0.09ms
[RTX-GST] RTP_RX pkts=102930 meta=24405 frames_rx=24444
[RTX-GST] RTP_RX pkts=102960 meta=24413 frames_rx=24452
[RTX-GST] RTP_RX pkts=102990 meta=24419 frames_rx=24458
[RTX-GST] RTP_RX pkts=103020 meta=24426 frames_rx=24465
[RTX-GST] RTP_RX pkts=103050 meta=24434 frames_rx=24473
[RTX-GST] VIDEO frames_rx=24474 fps=21.1 assoc_ok=21978 assoc_miss=1556 ctrl_sent=21978 infer_avg=0.07ms
[RTX-GST] RTP_RX pkts=103080 meta=24441 frames_rx=24480
[RTX-GST] RTP_RX pkts=103110 meta=24447 frames_rx=24486
[RTX-GST] RTP_RX pkts=103140 meta=24455 frames_rx=24493
[RTX-GST] SAVED n=22000 dropped=0 recv2save_p50=0.96ms recv2save_p95=1.46ms
[RTX-GST] RTP_RX pkts=103170 meta=24463 frames_rx=24500
[RTX-GST] VIDEO frames_rx=24502 fps=21.1 assoc_ok=22006 assoc_miss=1557 ctrl_sent=22006 infer_avg=0.08ms
[RTX-GST] RTP_RX pkts=103200 meta=24470 frames_rx=24507
[RTX-GST] RTP_RX pkts=103230 meta=24477 frames_rx=24514
[RTX-GST] RTP_RX pkts=103260 meta=24485 frames_rx=24521
[RTX-GST] RTP_RX pkts=103290 meta=24492 frames_rx=24529
[RTX-GST] VIDEO frames_rx=24536 fps=21.1 assoc_ok=22034 assoc_miss=1560 ctrl_sent=22034 infer_avg=0.10ms
[RTX-GST] RTP_RX pkts=103320 meta=24500 frames_rx=24537
[RTX-GST] RTP_RX pkts=103350 meta=24507 frames_rx=24544
[RTX-GST] RTP_RX pkts=103380 meta=24513 frames_rx=24550
[RTX-GST] RTP_RX pkts=103410 meta=24521 frames_rx=24557
[RTX-GST] RTP_RX pkts=103440 meta=24528 frames_rx=24564
[RTX-GST] VIDEO frames_rx=24565 fps=21.1 assoc_ok=22064 assoc_miss=1560 ctrl_sent=22064 infer_avg=0.09ms
[RTX-GST] RTP_RX pkts=103470 meta=24536 frames_rx=24572
[RTX-GST] RTP_RX pkts=103500 meta=24542 frames_rx=24578
[RTX-GST] RTP_RX pkts=103530 meta=24551 frames_rx=24585
[RTX-GST] RTP_RX pkts=103560 meta=24558 frames_rx=24592
[RTX-GST] VIDEO frames_rx=24595 fps=21.2 assoc_ok=22090 assoc_miss=1562 ctrl_sent=22090 infer_avg=0.08ms
[RTX-GST] RTP_RX pkts=103590 meta=24566 frames_rx=24600
[RTX-GST] SAVED n=22100 dropped=0 recv2save_p50=0.97ms recv2save_p95=1.46ms
[RTX-GST] RTP_RX pkts=103620 meta=24572 frames_rx=24606
[RTX-GST] RTP_RX pkts=103650 meta=24580 frames_rx=24614
[RTX-GST] RTP_RX pkts=103680 meta=24588 frames_rx=24622
[RTX-GST] VIDEO frames_rx=24626 fps=21.2 assoc_ok=22119 assoc_miss=1564 ctrl_sent=22119 infer_avg=0.09ms
[RTX-GST] RTP_RX pkts=103710 meta=24595 frames_rx=24629
[RTX-GST] RTP_RX pkts=103740 meta=24600 frames_rx=24635
[RTX-GST] RTP_RX pkts=103770 meta=24608 frames_rx=24643
[RTX-GST] RTP_RX pkts=103800 meta=24615 frames_rx=24650
[RTX-GST] VIDEO frames_rx=24658 fps=21.2 assoc_ok=22145 assoc_miss=1569 ctrl_sent=22145 infer_avg=0.08ms
[RTX-GST] RTP_RX pkts=103830 meta=24623 frames_rx=24658
[RTX-GST] RTP_RX pkts=103860 meta=24629 frames_rx=24664
[RTX-GST] RTP_RX pkts=103890 meta=24636 frames_rx=24671
[RTX-GST] RTP_RX pkts=103920 meta=24644 frames_rx=24679
[RTX-GST] RTP_RX pkts=103950 meta=24651 frames_rx=24686
[RTX-GST] VIDEO frames_rx=24689 fps=21.2 assoc_ok=22172 assoc_miss=1572 ctrl_sent=22172 infer_avg=0.07ms
[RTX-GST] RTP_RX pkts=103980 meta=24657 frames_rx=24692
[RTX-GST] RTP_RX pkts=104010 meta=24664 frames_rx=24700
[RTX-GST] RTP_RX pkts=104040 meta=24672 frames_rx=24707
[RTX-GST] RTP_RX pkts=104070 meta=24680 frames_rx=24715
[RTX-GST] SAVED n=22200 dropped=0 recv2save_p50=0.96ms recv2save_p95=1.17ms
[RTX-GST] VIDEO frames_rx=24720 fps=21.2 assoc_ok=22203 assoc_miss=1572 ctrl_sent=22203 infer_avg=0.08ms
[RTX-GST] RTP_RX pkts=104100 meta=24686 frames_rx=24721
[RTX-GST] RTP_RX pkts=104130 meta=24693 frames_rx=24728
[RTX-GST] RTP_RX pkts=104160 meta=24700 frames_rx=24735
[RTX-GST] RTP_RX pkts=104190 meta=24708 frames_rx=24743
[RTX-GST] VIDEO frames_rx=24751 fps=21.2 assoc_ok=22231 assoc_miss=1575 ctrl_sent=22231 infer_avg=0.08ms
[RTX-GST] RTP_RX pkts=104220 meta=24716 frames_rx=24751
[RTX-GST] RTP_RX pkts=104250 meta=24722 frames_rx=24757
[RTX-GST] RTP_RX pkts=104280 meta=24729 frames_rx=24764
[RTX-GST] RTP_RX pkts=104310 meta=24738 frames_rx=24772
[RTX-GST] RTP_RX pkts=104340 meta=24745 frames_rx=24779
[RTX-GST] VIDEO frames_rx=24780 fps=21.2 assoc_ok=22254 assoc_miss=1579 ctrl_sent=22254 infer_avg=0.07ms
[RTX-GST] RTP_RX pkts=104370 meta=24751 frames_rx=24785
[RTX-GST] RTP_RX pkts=104400 meta=24759 frames_rx=24793
[RTX-GST] RTP_RX pkts=104430 meta=24766 frames_rx=24800
[RTX-GST] RTP_RX pkts=104460 meta=24774 frames_rx=24808
[RTX-GST] VIDEO frames_rx=24810 fps=21.2 assoc_ok=22281 assoc_miss=1582 ctrl_sent=22281 infer_avg=0.07ms
[RTX-GST] RTP_RX pkts=104490 meta=24780 frames_rx=24814
[RTX-GST] RTP_RX pkts=104520 meta=24788 frames_rx=24821
[RTX-GST] RTP_RX pkts=104550 meta=24796 frames_rx=24829
[RTX-GST] SAVED n=22300 dropped=0 recv2save_p50=0.97ms recv2save_p95=1.14ms
[RTX-GST] RTP_RX pkts=104580 meta=24803 frames_rx=24836
[RTX-GST] VIDEO frames_rx=24840 fps=21.2 assoc_ok=22308 assoc_miss=1584 ctrl_sent=22308 infer_avg=0.08ms
[RTX-GST] RTP_RX pkts=104610 meta=24809 frames_rx=24842
[RTX-GST] RTP_RX pkts=104640 meta=24817 frames_rx=24849
[RTX-GST] RTP_RX pkts=104670 meta=24824 frames_rx=24857
[RTX-GST] RTP_RX pkts=104700 meta=24831 frames_rx=24865
[RTX-GST] RTP_RX pkts=104730 meta=24837 frames_rx=24870
[RTX-GST] VIDEO frames_rx=24872 fps=21.2 assoc_ok=22335 assoc_miss=1588 ctrl_sent=22335 infer_avg=0.09ms
[RTX-GST] RTP_RX pkts=104760 meta=24845 frames_rx=24878
[RTX-GST] RTP_RX pkts=104790 meta=24852 frames_rx=24885
[RTX-GST] RTP_RX pkts=104820 meta=24860 frames_rx=24893
[RTX-GST] RTP_RX pkts=104850 meta=24866 frames_rx=24898
[RTX-GST] VIDEO frames_rx=24902 fps=21.2 assoc_ok=22367 assoc_miss=1588 ctrl_sent=22367 infer_avg=0.07ms
[RTX-GST] RTP_RX pkts=104880 meta=24874 frames_rx=24906
[RTX-GST] RTP_RX pkts=104910 meta=24881 frames_rx=24913
[RTX-GST] RTP_RX pkts=104940 meta=24889 frames_rx=24921
[RTX-GST] RTP_RX pkts=104970 meta=24896 frames_rx=24928
[RTX-GST] VIDEO frames_rx=24933 fps=21.2 assoc_ok=22394 assoc_miss=1591 ctrl_sent=22394 infer_avg=0.08ms
[RTX-GST] RTP_RX pkts=105000 meta=24902 frames_rx=24934
[RTX-GST] SAVED n=22400 dropped=0 recv2save_p50=0.97ms recv2save_p95=1.18ms
[RTX-GST] RTP_RX pkts=105030 meta=24909 frames_rx=24941
[RTX-GST] RTP_RX pkts=105060 meta=24917 frames_rx=24949
[RTX-GST] RTP_RX pkts=105090 meta=24925 frames_rx=24957
[RTX-GST] RTP_RX pkts=105120 meta=24930 frames_rx=24962
[RTX-GST] VIDEO frames_rx=24963 fps=21.2 assoc_ok=22423 assoc_miss=1592 ctrl_sent=22423 infer_avg=0.07ms
[RTX-GST] RTP_RX pkts=105150 meta=24938 frames_rx=24970
[RTX-GST] RTP_RX pkts=105180 meta=24945 frames_rx=24977
[RTX-GST] RTP_RX pkts=105210 meta=24952 frames_rx=24985
[RTX-GST] RTP_RX pkts=105240 meta=24958 frames_rx=24991
[RTX-GST] VIDEO frames_rx=24994 fps=21.3 assoc_ok=22451 assoc_miss=1594 ctrl_sent=22451 infer_avg=0.08ms
[RTX-GST] RTP_RX pkts=105270 meta=24965 frames_rx=24998
[RTX-GST] RTP_RX pkts=105300 meta=24973 frames_rx=25006
[RTX-GST] RTP_RX pkts=105330 meta=24980 frames_rx=25013
[RTX-GST] RTP_RX pkts=105360 meta=24986 frames_rx=25020
[RTX-GST] VIDEO frames_rx=25023 fps=21.3 assoc_ok=22476 assoc_miss=1597 ctrl_sent=22476 infer_avg=0.09ms
[RTX-GST] RTP_RX pkts=105390 meta=24993 frames_rx=25027
[RTX-GST] RTP_RX pkts=105420 meta=25001 frames_rx=25035
[RTX-GST] RTP_RX pkts=105450 meta=25008 frames_rx=25042
[RTX-GST] SAVED n=22500 dropped=0 recv2save_p50=0.98ms recv2save_p95=1.30ms
[RTX-GST] RTP_RX pkts=105480 meta=25014 frames_rx=25048
[RTX-GST] VIDEO frames_rx=25055 fps=21.3 assoc_ok=22507 assoc_miss=1598 ctrl_sent=22507 infer_avg=0.16ms
[RTX-GST] RTP_RX pkts=105510 meta=25022 frames_rx=25056
[RTX-GST] RTP_RX pkts=105540 meta=25029 frames_rx=25063
[RTX-GST] RTP_RX pkts=105570 meta=25037 frames_rx=25071
[RTX-GST] RTP_RX pkts=105600 meta=25044 frames_rx=25078
[RTX-GST] RTP_RX pkts=105630 meta=25050 frames_rx=25084
[RTX-GST] VIDEO frames_rx=25085 fps=21.3 assoc_ok=22533 assoc_miss=1600 ctrl_sent=22533 infer_avg=0.08ms
[RTX-GST] RTP_RX pkts=105660 meta=25057 frames_rx=25091
[RTX-GST] RTP_RX pkts=105690 meta=25065 frames_rx=25099
[RTX-GST] RTP_RX pkts=105720 meta=25071 frames_rx=25106
[RTX-GST] RTP_RX pkts=105750 meta=25077 frames_rx=25113
[RTX-GST] VIDEO frames_rx=25115 fps=21.3 assoc_ok=22562 assoc_miss=1601 ctrl_sent=22562 infer_avg=0.12ms
[RTX-GST] RTP_RX pkts=105780 meta=25085 frames_rx=25120
[RTX-GST] RTP_RX pkts=105810 meta=25092 frames_rx=25127
[RTX-GST] RTP_RX pkts=105840 meta=25099 frames_rx=25135
[RTX-GST] RTP_RX pkts=105870 meta=25105 frames_rx=25141
[RTX-GST] VIDEO frames_rx=25147 fps=21.3 assoc_ok=22587 assoc_miss=1607 ctrl_sent=22587 infer_avg=0.14ms
[RTX-GST] RTP_RX pkts=105900 meta=25112 frames_rx=25148
[RTX-GST] RTP_RX pkts=105930 meta=25120 frames_rx=25156
[RTX-GST] RTP_RX pkts=105960 meta=25128 frames_rx=25164
[RTX-GST] RTP_RX pkts=105990 meta=25133 frames_rx=25169
[RTX-GST] SAVED n=22600 dropped=0 recv2save_p50=0.99ms recv2save_p95=1.44ms
[RTX-GST] RTP_RX pkts=106020 meta=25141 frames_rx=25177
[RTX-GST] VIDEO frames_rx=25178 fps=21.3 assoc_ok=22601 assoc_miss=1609 ctrl_sent=22601 infer_avg=0.13ms
[RTX-GST] RTP_RX pkts=106050 meta=25149 frames_rx=25185
[RTX-GST] RTP_RX pkts=106080 meta=25156 frames_rx=25192
[RTX-GST] RTP_RX pkts=106110 meta=25161 frames_rx=25198
[RTX-GST] RTP_RX pkts=106140 meta=25168 frames_rx=25205
[RTX-GST] VIDEO frames_rx=25208 fps=21.3 assoc_ok=22628 assoc_miss=1612 ctrl_sent=22628 infer_avg=0.08ms
[RTX-GST] RTP_RX pkts=106170 meta=25176 frames_rx=25213
[RTX-GST] RTP_RX pkts=106200 meta=25184 frames_rx=25220
[RTX-GST] RTP_RX pkts=106230 meta=25191 frames_rx=25228
[RTX-GST] RTP_RX pkts=106260 meta=25197 frames_rx=25234
[RTX-GST] VIDEO frames_rx=25239 fps=21.3 assoc_ok=22655 assoc_miss=1615 ctrl_sent=22655 infer_avg=0.07ms
[RTX-GST] RTP_RX pkts=106290 meta=25205 frames_rx=25242
[RTX-GST] RTP_RX pkts=106320 meta=25212 frames_rx=25249
[RTX-GST] RTP_RX pkts=106350 meta=25220 frames_rx=25257
[RTX-GST] RTP_RX pkts=106380 meta=25225 frames_rx=25262
[RTX-GST] RTP_RX pkts=106410 meta=25233 frames_rx=25270
[RTX-GST] VIDEO frames_rx=25271 fps=21.3 assoc_ok=22684 assoc_miss=1618 ctrl_sent=22684 infer_avg=0.06ms
[RTX-GST] RTP_RX pkts=106440 meta=25240 frames_rx=25277
[RTX-GST] RTP_RX pkts=106470 meta=25248 frames_rx=25284
[RTX-GST] SAVED n=22700 dropped=0 recv2save_p50=1.00ms recv2save_p95=1.45ms
[RTX-GST] RTP_RX pkts=106500 meta=25254 frames_rx=25290
[RTX-GST] RTP_RX pkts=106530 meta=25261 frames_rx=25297
[RTX-GST] VIDEO frames_rx=25300 fps=21.3 assoc_ok=22709 assoc_miss=1621 ctrl_sent=22709 infer_avg=0.06ms
[RTX-GST] RTP_RX pkts=106560 meta=25269 frames_rx=25305
[RTX-GST] RTP_RX pkts=106590 meta=25277 frames_rx=25313
[RTX-GST] RTP_RX pkts=106620 meta=25283 frames_rx=25319
[RTX-GST] RTP_RX pkts=106650 meta=25291 frames_rx=25326
[RTX-GST] VIDEO frames_rx=25330 fps=21.3 assoc_ok=22735 assoc_miss=1623 ctrl_sent=22735 infer_avg=0.06ms
[RTX-GST] RTP_RX pkts=106680 meta=25298 frames_rx=25334
[RTX-GST] RTP_RX pkts=106710 meta=25305 frames_rx=25341
[RTX-GST] RTP_RX pkts=106740 meta=25311 frames_rx=25347
[RTX-GST] RTP_RX pkts=106770 meta=25319 frames_rx=25355
[RTX-GST] VIDEO frames_rx=25362 fps=21.3 assoc_ok=22761 assoc_miss=1630 ctrl_sent=22761 infer_avg=0.07ms
[RTX-GST] RTP_RX pkts=106800 meta=25326 frames_rx=25362
[RTX-GST] RTP_RX pkts=106830 meta=25334 frames_rx=25370
[RTX-GST] RTP_RX pkts=106860 meta=25341 frames_rx=25377
[RTX-GST] RTP_RX pkts=106890 meta=25346 frames_rx=25383
[RTX-GST] RTP_RX pkts=106920 meta=25354 frames_rx=25391
[RTX-GST] VIDEO frames_rx=25391 fps=21.4 assoc_ok=22786 assoc_miss=1632 ctrl_sent=22786 infer_avg=0.08ms
[RTX-GST] RTP_RX pkts=106950 meta=25362 frames_rx=25399
[RTX-GST] RTP_RX pkts=106980 meta=25369 frames_rx=25406
[RTX-GST] SAVED n=22800 dropped=0 recv2save_p50=1.00ms recv2save_p95=1.45ms
[RTX-GST] RTP_RX pkts=107010 meta=25375 frames_rx=25412
[RTX-GST] RTP_RX pkts=107040 meta=25382 frames_rx=25419
[RTX-GST] VIDEO frames_rx=25424 fps=21.4 assoc_ok=22815 assoc_miss=1635 ctrl_sent=22815 infer_avg=0.09ms
[RTX-GST] RTP_RX pkts=107070 meta=25390 frames_rx=25427
[RTX-GST] RTP_RX pkts=107100 meta=25397 frames_rx=25434
[RTX-GST] RTP_RX pkts=107130 meta=25403 frames_rx=25441
[RTX-GST] RTP_RX pkts=107160 meta=25411 frames_rx=25448
[RTX-GST] VIDEO frames_rx=25454 fps=21.4 assoc_ok=22844 assoc_miss=1636 ctrl_sent=22844 infer_avg=0.07ms
[RTX-GST] RTP_RX pkts=107190 meta=25418 frames_rx=25455
[RTX-GST] RTP_RX pkts=107220 meta=25426 frames_rx=25462
[RTX-GST] RTP_RX pkts=107250 meta=25432 frames_rx=25468
[RTX-GST] RTP_RX pkts=107280 meta=25439 frames_rx=25476
[RTX-GST] RTP_RX pkts=107310 meta=25446 frames_rx=25483
[RTX-GST] VIDEO frames_rx=25484 fps=21.4 assoc_ok=22870 assoc_miss=1640 ctrl_sent=22870 infer_avg=0.07ms
[RTX-GST] RTP_RX pkts=107340 meta=25454 frames_rx=25491
[RTX-GST] RTP_RX pkts=107370 meta=25460 frames_rx=25497
[RTX-GST] RTP_RX pkts=107400 meta=25467 frames_rx=25504
[RTX-GST] RTP_RX pkts=107430 meta=25475 frames_rx=25512
[RTX-GST] VIDEO frames_rx=25515 fps=21.4 assoc_ok=22898 assoc_miss=1643 ctrl_sent=22898 infer_avg=0.07ms
[RTX-GST] SAVED n=22900 dropped=0 recv2save_p50=1.00ms recv2save_p95=1.46ms
[RTX-GST] RTP_RX pkts=107460 meta=25482 frames_rx=25519
[RTX-GST] RTP_RX pkts=107490 meta=25490 frames_rx=25527
[RTX-GST] RTP_RX pkts=107520 meta=25496 frames_rx=25533
[RTX-GST] RTP_RX pkts=107550 meta=25503 frames_rx=25540
[RTX-GST] VIDEO frames_rx=25546 fps=21.4 assoc_ok=22927 assoc_miss=1644 ctrl_sent=22927 infer_avg=0.07ms
[RTX-GST] RTP_RX pkts=107580 meta=25511 frames_rx=25548
[RTX-GST] RTP_RX pkts=107610 meta=25518 frames_rx=25555
[RTX-GST] RTP_RX pkts=107640 meta=25524 frames_rx=25562
[RTX-GST] RTP_RX pkts=107670 meta=25532 frames_rx=25569
[RTX-GST] RTP_RX pkts=107700 meta=25539 frames_rx=25576
[RTX-GST] VIDEO frames_rx=25577 fps=21.4 assoc_ok=22956 assoc_miss=1646 ctrl_sent=22956 infer_avg=0.07ms
[RTX-GST] RTP_RX pkts=107730 meta=25546 frames_rx=25584
[RTX-GST] RTP_RX pkts=107760 meta=25551 frames_rx=25589
[RTX-GST] RTP_RX pkts=107790 meta=25559 frames_rx=25597
[RTX-GST] RTP_RX pkts=107820 meta=25566 frames_rx=25604
[RTX-GST] VIDEO frames_rx=25608 fps=21.4 assoc_ok=22985 assoc_miss=1648 ctrl_sent=22985 infer_avg=0.08ms
[RTX-GST] RTP_RX pkts=107850 meta=25574 frames_rx=25612
[RTX-GST] RTP_RX pkts=107880 meta=25580 frames_rx=25618
[RTX-GST] SAVED n=23000 dropped=0 recv2save_p50=0.99ms recv2save_p95=1.46ms
[RTX-GST] RTP_RX pkts=107910 meta=25587 frames_rx=25625
[RTX-GST] RTP_RX pkts=107940 meta=25595 frames_rx=25633
[RTX-GST] VIDEO frames_rx=25638 fps=21.4 assoc_ok=23013 assoc_miss=1648 ctrl_sent=23013 infer_avg=0.14ms
[RTX-GST] RTP_RX pkts=107970 meta=25603 frames_rx=25640
[RTX-GST] RTP_RX pkts=108000 meta=25609 frames_rx=25647
[RTX-GST] RTP_RX pkts=108030 meta=25615 frames_rx=25654
[RTX-GST] RTP_RX pkts=108060 meta=25623 frames_rx=25661
[RTX-GST] RTP_RX pkts=108090 meta=25630 frames_rx=25668
[RTX-GST] VIDEO frames_rx=25669 fps=21.4 assoc_ok=23040 assoc_miss=1651 ctrl_sent=23040 infer_avg=0.07ms
[RTX-GST] RTP_RX pkts=108120 meta=25638 frames_rx=25676
[RTX-GST] RTP_RX pkts=108150 meta=25644 frames_rx=25682
[RTX-GST] RTP_RX pkts=108180 meta=25651 frames_rx=25689
[RTX-GST] RTP_RX pkts=108210 meta=25659 frames_rx=25697
[RTX-GST] VIDEO frames_rx=25699 fps=21.4 assoc_ok=23066 assoc_miss=1653 ctrl_sent=23066 infer_avg=0.07ms
[RTX-GST] RTP_RX pkts=108240 meta=25666 frames_rx=25704
[RTX-GST] RTP_RX pkts=108270 meta=25672 frames_rx=25710
[RTX-GST] RTP_RX pkts=108300 meta=25679 frames_rx=25717
[RTX-GST] RTP_RX pkts=108330 meta=25687 frames_rx=25725
[RTX-GST] VIDEO frames_rx=25731 fps=21.4 assoc_ok=23096 assoc_miss=1654 ctrl_sent=23096 infer_avg=0.08ms
[RTX-GST] RTP_RX pkts=108360 meta=25694 frames_rx=25733
[RTX-GST] SAVED n=23100 dropped=0 recv2save_p50=0.98ms recv2save_p95=1.40ms
[RTX-GST] RTP_RX pkts=108390 meta=25700 frames_rx=25739
[RTX-GST] RTP_RX pkts=108420 meta=25707 frames_rx=25746
[RTX-GST] RTP_RX pkts=108450 meta=25715 frames_rx=25754
[RTX-GST] VIDEO frames_rx=25759 fps=21.4 assoc_ok=23122 assoc_miss=1657 ctrl_sent=23122 infer_avg=0.08ms
[RTX-GST] RTP_RX pkts=108480 meta=25723 frames_rx=25762
[RTX-GST] RTP_RX pkts=108510 meta=25729 frames_rx=25768
[RTX-GST] RTP_RX pkts=108540 meta=25736 frames_rx=25775
[RTX-GST] RTP_RX pkts=108570 meta=25744 frames_rx=25783
[RTX-GST] RTP_RX pkts=108600 meta=25752 frames_rx=25791
[RTX-GST] VIDEO frames_rx=25791 fps=21.4 assoc_ok=23150 assoc_miss=1660 ctrl_sent=23150 infer_avg=0.15ms
[RTX-GST] RTP_RX pkts=108630 meta=25758 frames_rx=25797
[RTX-GST] RTP_RX pkts=108660 meta=25765 frames_rx=25804
[RTX-GST] RTP_RX pkts=108690 meta=25773 frames_rx=25811
[RTX-GST] RTP_RX pkts=108720 meta=25780 frames_rx=25818
[RTX-GST] VIDEO frames_rx=25823 fps=21.5 assoc_ok=23177 assoc_miss=1666 ctrl_sent=23177 infer_avg=0.10ms
[RTX-GST] RTP_RX pkts=108750 meta=25788 frames_rx=25826
[RTX-GST] RTP_RX pkts=108780 meta=25793 frames_rx=25831
[RTX-GST] RTP_RX pkts=108810 meta=25801 frames_rx=25839
[RTX-GST] RTP_RX pkts=108840 meta=25809 frames_rx=25847
[RTX-GST] SAVED n=23200 dropped=0 recv2save_p50=0.97ms recv2save_p95=1.41ms
[RTX-GST] RTP_RX pkts=108870 meta=25816 frames_rx=25854
[RTX-GST] VIDEO frames_rx=25855 fps=21.5 assoc_ok=23206 assoc_miss=1667 ctrl_sent=23206 infer_avg=0.08ms
[RTX-GST] RTP_RX pkts=108900 meta=25822 frames_rx=25860
[RTX-GST] RTP_RX pkts=108930 meta=25830 frames_rx=25868
[RTX-GST] RTP_RX pkts=108960 meta=25837 frames_rx=25875
[RTX-GST] RTP_RX pkts=108990 meta=25845 frames_rx=25883
[RTX-GST] VIDEO frames_rx=25886 fps=21.5 assoc_ok=23236 assoc_miss=1669 ctrl_sent=23236 infer_avg=0.08ms
[RTX-GST] RTP_RX pkts=109020 meta=25851 frames_rx=25889
[RTX-GST] RTP_RX pkts=109050 meta=25858 frames_rx=25897
[RTX-GST] RTP_RX pkts=109080 meta=25865 frames_rx=25904
[RTX-GST] RTP_RX pkts=109110 meta=25873 frames_rx=25912
[RTX-GST] VIDEO frames_rx=25916 fps=21.5 assoc_ok=23264 assoc_miss=1671 ctrl_sent=23264 infer_avg=0.07ms
[RTX-GST] RTP_RX pkts=109140 meta=25879 frames_rx=25918
[RTX-GST] RTP_RX pkts=109170 meta=25886 frames_rx=25925
[RTX-GST] RTP_RX pkts=109200 meta=25894 frames_rx=25933
[RTX-GST] RTP_RX pkts=109230 meta=25901 frames_rx=25940
[RTX-GST] RTP_RX pkts=109260 meta=25907 frames_rx=25946
[RTX-GST] VIDEO frames_rx=25948 fps=21.5 assoc_ok=23293 assoc_miss=1672 ctrl_sent=23293 infer_avg=0.07ms
[RTX-GST] RTP_RX pkts=109290 meta=25915 frames_rx=25953
[RTX-GST] SAVED n=23300 dropped=0 recv2save_p50=0.97ms recv2save_p95=1.40ms
[RTX-GST] RTP_RX pkts=109320 meta=25922 frames_rx=25960
[RTX-GST] RTP_RX pkts=109350 meta=25930 frames_rx=25968
[RTX-GST] RTP_RX pkts=109380 meta=25937 frames_rx=25975
[RTX-GST] VIDEO frames_rx=25977 fps=21.5 assoc_ok=23318 assoc_miss=1676 ctrl_sent=23318 infer_avg=0.08ms
[RTX-GST] RTP_RX pkts=109410 meta=25943 frames_rx=25981
[RTX-GST] RTP_RX pkts=109440 meta=25951 frames_rx=25989
[RTX-GST] RTP_RX pkts=109470 meta=25958 frames_rx=25996
[RTX-GST] RTP_RX pkts=109500 meta=25966 frames_rx=26004
[RTX-GST] VIDEO frames_rx=26006 fps=21.5 assoc_ok=23346 assoc_miss=1676 ctrl_sent=23346 infer_avg=0.09ms
[RTX-GST] RTP_RX pkts=109530 meta=25971 frames_rx=26009
[RTX-GST] RTP_RX pkts=109560 meta=25979 frames_rx=26017
[RTX-GST] RTP_RX pkts=109590 meta=25986 frames_rx=26025
[RTX-GST] RTP_RX pkts=109620 meta=25994 frames_rx=26032
[RTX-GST] RTP_RX pkts=109650 meta=25999 frames_rx=26037
[RTX-GST] VIDEO frames_rx=26040 fps=21.5 assoc_ok=23376 assoc_miss=1679 ctrl_sent=23376 infer_avg=0.09ms
[RTX-GST] RTP_RX pkts=109680 meta=26007 frames_rx=26045
[RTX-GST] RTP_RX pkts=109710 meta=26014 frames_rx=26052
[RTX-GST] RTP_RX pkts=109740 meta=26022 frames_rx=26060
[RTX-GST] RTP_RX pkts=109770 meta=26028 frames_rx=26066
[RTX-GST] SAVED n=23400 dropped=0 recv2save_p50=0.98ms recv2save_p95=1.40ms
[RTX-GST] VIDEO frames_rx=26069 fps=21.5 assoc_ok=23402 assoc_miss=1682 ctrl_sent=23402 infer_avg=0.08ms
[RTX-GST] RTP_RX pkts=109800 meta=26035 frames_rx=26073
[RTX-GST] RTP_RX pkts=109830 meta=26043 frames_rx=26081
[RTX-GST] RTP_RX pkts=109860 meta=26050 frames_rx=26088
[RTX-GST] RTP_RX pkts=109890 meta=26057 frames_rx=26095
[RTX-GST] VIDEO frames_rx=26101 fps=21.5 assoc_ok=23429 assoc_miss=1687 ctrl_sent=23429 infer_avg=0.09ms
[RTX-GST] RTP_RX pkts=109920 meta=26063 frames_rx=26101
[RTX-GST] RTP_RX pkts=109950 meta=26071 frames_rx=26109
[RTX-GST] RTP_RX pkts=109980 meta=26078 frames_rx=26116
[RTX-GST] RTP_RX pkts=110010 meta=26086 frames_rx=26124
[RTX-GST] RTP_RX pkts=110040 meta=26092 frames_rx=26130
[RTX-GST] VIDEO frames_rx=26133 fps=21.5 assoc_ok=23456 assoc_miss=1691 ctrl_sent=23456 infer_avg=0.06ms
[RTX-GST] RTP_RX pkts=110070 meta=26100 frames_rx=26137
[RTX-GST] RTP_RX pkts=110100 meta=26107 frames_rx=26145
[RTX-GST] RTP_RX pkts=110130 meta=26114 frames_rx=26153
[RTX-GST] RTP_RX pkts=110160 meta=26120 frames_rx=26158
[RTX-GST] VIDEO frames_rx=26164 fps=21.5 assoc_ok=23483 assoc_miss=1694 ctrl_sent=23483 infer_avg=0.06ms
[RTX-GST] RTP_RX pkts=110190 meta=26127 frames_rx=26166
[RTX-GST] RTP_RX pkts=110220 meta=26135 frames_rx=26173
[RTX-GST] RTP_RX pkts=110250 meta=26142 frames_rx=26180
[RTX-GST] SAVED n=23500 dropped=0 recv2save_p50=0.99ms recv2save_p95=1.42ms
[RTX-GST] RTP_RX pkts=110280 meta=26148 frames_rx=26186
[RTX-GST] VIDEO frames_rx=26194 fps=21.5 assoc_ok=23513 assoc_miss=1694 ctrl_sent=23513 infer_avg=0.06ms
[RTX-GST] RTP_RX pkts=110310 meta=26156 frames_rx=26194
[RTX-GST] RTP_RX pkts=110340 meta=26163 frames_rx=26201
[RTX-GST] RTP_RX pkts=110370 meta=26171 frames_rx=26209
[RTX-GST] RTP_RX pkts=110400 meta=26177 frames_rx=26215
[RTX-GST] RTP_RX pkts=110430 meta=26184 frames_rx=26222
[RTX-GST] VIDEO frames_rx=26225 fps=21.5 assoc_ok=23542 assoc_miss=1695 ctrl_sent=23542 infer_avg=0.06ms
[RTX-GST] RTP_RX pkts=110460 meta=26191 frames_rx=26230
[RTX-GST] RTP_RX pkts=110490 meta=26199 frames_rx=26237
[RTX-GST] RTP_RX pkts=110520 meta=26206 frames_rx=26244
[RTX-GST] RTP_RX pkts=110550 meta=26212 frames_rx=26250
[RTX-GST] RTP_RX pkts=110580 meta=26220 frames_rx=26258
[RTX-GST] VIDEO frames_rx=26258 fps=21.6 assoc_ok=23571 assoc_miss=1697 ctrl_sent=23571 infer_avg=0.06ms
[RTX-GST] RTP_RX pkts=110610 meta=26227 frames_rx=26265
[RTX-GST] RTP_RX pkts=110640 meta=26235 frames_rx=26273
[RTX-GST] RTP_RX pkts=110670 meta=26240 frames_rx=26278
[RTX-GST] RTP_RX pkts=110700 meta=26248 frames_rx=26286
[RTX-GST] SAVED n=23600 dropped=0 recv2save_p50=0.96ms recv2save_p95=1.41ms
[RTX-GST] VIDEO frames_rx=26290 fps=21.6 assoc_ok=23601 assoc_miss=1697 ctrl_sent=23601 infer_avg=0.06ms
[RTX-GST] RTP_RX pkts=110730 meta=26255 frames_rx=26293
[RTX-GST] RTP_RX pkts=110760 meta=26263 frames_rx=26300
[RTX-GST] RTP_RX pkts=110790 meta=26271 frames_rx=26308
[RTX-GST] VIDEO frames_rx=26310 fps=21.6 assoc_ok=23621 assoc_miss=1697 ctrl_sent=23621 infer_avg=0.06ms
[RTX-GST] RTP_RX pkts=110820 meta=26278 frames_rx=26315
[RTX-GST] RTP_RX pkts=110850 meta=26286 frames_rx=26323
[RTX-GST] RTP_RX pkts=110880 meta=26291 frames_rx=26329
[RTX-GST] RTP_RX pkts=110910 meta=26299 frames_rx=26336
[RTX-GST] VIDEO frames_rx=26340 fps=21.6 assoc_ok=23649 assoc_miss=1699 ctrl_sent=23649 infer_avg=0.08ms
[RTX-GST] RTP_RX pkts=110940 meta=26306 frames_rx=26343
[RTX-GST] RTP_RX pkts=110970 meta=26314 frames_rx=26351
[RTX-GST] RTP_RX pkts=111000 meta=26320 frames_rx=26357
[RTX-GST] RTP_RX pkts=111030 meta=26327 frames_rx=26364
[RTX-GST] VIDEO frames_rx=26368 fps=21.6 assoc_ok=23672 assoc_miss=1701 ctrl_sent=23672 infer_avg=0.08ms
[RTX-GST] RTP_RX pkts=111060 meta=26335 frames_rx=26372
[RTX-GST] RTP_RX pkts=111090 meta=26342 frames_rx=26379
[RTX-GST] RTP_RX pkts=111120 meta=26349 frames_rx=26385
[RTX-GST] RTP_RX pkts=111150 meta=26355 frames_rx=26392
[RTX-GST] RTP_RX pkts=111180 meta=26363 frames_rx=26400
[RTX-GST] VIDEO frames_rx=26402 fps=21.6 assoc_ok=23691 assoc_miss=1703 ctrl_sent=23691 infer_avg=0.08ms
[RTX-GST] RTP_RX pkts=111210 meta=26370 frames_rx=26407
[RTX-GST] SAVED n=23700 dropped=0 recv2save_p50=0.95ms recv2save_p95=1.35ms
[RTX-GST] RTP_RX pkts=111240 meta=26376 frames_rx=26413
[RTX-GST] RTP_RX pkts=111270 meta=26383 frames_rx=26420
[RTX-GST] RTP_RX pkts=111300 meta=26391 frames_rx=26428
[RTX-GST] VIDEO frames_rx=26431 fps=21.6 assoc_ok=23715 assoc_miss=1707 ctrl_sent=23715 infer_avg=0.08ms
[RTX-GST] RTP_RX pkts=111330 meta=26398 frames_rx=26436
[RTX-GST] RTP_RX pkts=111360 meta=26406 frames_rx=26443
[RTX-GST] RTP_RX pkts=111390 meta=26414 frames_rx=26451
[RTX-GST] VIDEO frames_rx=26452 fps=21.6 assoc_ok=23733 assoc_miss=1708 ctrl_sent=23733 infer_avg=0.08ms
[RTX-GST] RTP_RX pkts=111420 meta=26421 frames_rx=26458
[RTX-GST] RTP_RX pkts=111450 meta=26427 frames_rx=26464
[RTX-GST] RTP_RX pkts=111480 meta=26434 frames_rx=26471
[RTX-GST] RTP_RX pkts=111510 meta=26442 frames_rx=26479
[RTX-GST] VIDEO frames_rx=26482 fps=21.6 assoc_ok=23759 assoc_miss=1709 ctrl_sent=23759 infer_avg=0.07ms
[RTX-GST] RTP_RX pkts=111540 meta=26449 frames_rx=26486
[RTX-GST] RTP_RX pkts=111570 meta=26455 frames_rx=26492
[RTX-GST] RTP_RX pkts=111600 meta=26463 frames_rx=26500
[RTX-GST] RTP_RX pkts=111630 meta=26470 frames_rx=26507
[RTX-GST] VIDEO frames_rx=26510 fps=21.6 assoc_ok=23784 assoc_miss=1711 ctrl_sent=23784 infer_avg=0.08ms
[RTX-GST] RTP_RX pkts=111660 meta=26478 frames_rx=26515
[RTX-GST] RTP_RX pkts=111690 meta=26485 frames_rx=26522
[RTX-GST] SAVED n=23800 dropped=0 recv2save_p50=0.94ms recv2save_p95=1.35ms
[RTX-GST] RTP_RX pkts=111720 meta=26491 frames_rx=26528
[RTX-GST] RTP_RX pkts=111750 meta=26498 frames_rx=26535
[RTX-GST] VIDEO frames_rx=26543 fps=21.6 assoc_ok=23815 assoc_miss=1713 ctrl_sent=23815 infer_avg=0.08ms
[RTX-GST] RTP_RX pkts=111780 meta=26506 frames_rx=26543
[RTX-GST] RTP_RX pkts=111810 meta=26513 frames_rx=26550
[RTX-GST] RTP_RX pkts=111840 meta=26519 frames_rx=26556
[RTX-GST] RTP_RX pkts=111870 meta=26526 frames_rx=26563
[RTX-GST] RTP_RX pkts=111900 meta=26534 frames_rx=26571
[RTX-GST] VIDEO frames_rx=26573 fps=21.6 assoc_ok=23844 assoc_miss=1714 ctrl_sent=23844 infer_avg=0.07ms
[RTX-GST] RTP_RX pkts=111930 meta=26541 frames_rx=26578
[RTX-GST] RTP_RX pkts=111960 meta=26547 frames_rx=26584
[RTX-GST] RTP_RX pkts=111990 meta=26555 frames_rx=26592
[RTX-GST] RTP_RX pkts=112020 meta=26562 frames_rx=26599
[RTX-GST] VIDEO frames_rx=26603 fps=21.6 assoc_ok=23866 assoc_miss=1718 ctrl_sent=23866 infer_avg=0.07ms
[RTX-GST] RTP_RX pkts=112050 meta=26570 frames_rx=26607
[RTX-GST] RTP_RX pkts=112080 meta=26575 frames_rx=26612
[RTX-GST] RTP_RX pkts=112110 meta=26583 frames_rx=26620
[RTX-GST] RTP_RX pkts=112140 meta=26590 frames_rx=26627
[RTX-GST] VIDEO frames_rx=26634 fps=21.6 assoc_ok=23894 assoc_miss=1721 ctrl_sent=23894 infer_avg=0.09ms
[RTX-GST] RTP_RX pkts=112170 meta=26598 frames_rx=26635
[RTX-GST] RTP_RX pkts=112200 meta=26605 frames_rx=26642
[RTX-GST] SAVED n=23900 dropped=0 recv2save_p50=0.94ms recv2save_p95=1.36ms
[RTX-GST] RTP_RX pkts=112230 meta=26611 frames_rx=26648
[RTX-GST] RTP_RX pkts=112260 meta=26619 frames_rx=26656
[RTX-GST] RTP_RX pkts=112290 meta=26626 frames_rx=26663
[RTX-GST] VIDEO frames_rx=26667 fps=21.6 assoc_ok=23915 assoc_miss=1726 ctrl_sent=23915 infer_avg=0.08ms
[RTX-GST] RTP_RX pkts=112320 meta=26633 frames_rx=26670
[RTX-GST] RTP_RX pkts=112350 meta=26639 frames_rx=26676
[RTX-GST] RTP_RX pkts=112380 meta=26647 frames_rx=26684
[RTX-GST] RTP_RX pkts=112410 meta=26654 frames_rx=26691
[RTX-GST] VIDEO frames_rx=26698 fps=21.6 assoc_ok=23944 assoc_miss=1728 ctrl_sent=23944 infer_avg=0.06ms
[RTX-GST] RTP_RX pkts=112440 meta=26662 frames_rx=26699
[RTX-GST] RTP_RX pkts=112470 meta=26667 frames_rx=26705
[RTX-GST] RTP_RX pkts=112500 meta=26675 frames_rx=26712
[RTX-GST] RTP_RX pkts=112530 meta=26682 frames_rx=26720
[RTX-GST] VIDEO frames_rx=26727 fps=21.6 assoc_ok=23968 assoc_miss=1730 ctrl_sent=23968 infer_avg=0.07ms
[RTX-GST] RTP_RX pkts=112560 meta=26690 frames_rx=26727
[RTX-GST] RTP_RX pkts=112590 meta=26696 frames_rx=26733
[RTX-GST] RTP_RX pkts=112620 meta=26703 frames_rx=26740
[RTX-GST] RTP_RX pkts=112650 meta=26711 frames_rx=26748
[RTX-GST] RTP_RX pkts=112680 meta=26718 frames_rx=26755
[RTX-GST] VIDEO frames_rx=26760 fps=21.7 assoc_ok=23990 assoc_miss=1736 ctrl_sent=23990 infer_avg=0.08ms
[RTX-GST] RTP_RX pkts=112710 meta=26725 frames_rx=26762
[RTX-GST] RTP_RX pkts=112740 meta=26732 frames_rx=26769
[RTX-GST] SAVED n=24000 dropped=0 recv2save_p50=0.94ms recv2save_p95=1.20ms
[RTX-GST] RTP_RX pkts=112770 meta=26739 frames_rx=26776
[RTX-GST] RTP_RX pkts=112800 meta=26747 frames_rx=26784
[RTX-GST] VIDEO frames_rx=26791 fps=21.7 assoc_ok=24021 assoc_miss=1736 ctrl_sent=24021 infer_avg=0.08ms
[RTX-GST] RTP_RX pkts=112830 meta=26754 frames_rx=26791
[RTX-GST] RTP_RX pkts=112860 meta=26760 frames_rx=26798
[RTX-GST] RTP_RX pkts=112890 meta=26768 frames_rx=26805
[RTX-GST] RTP_RX pkts=112920 meta=26775 frames_rx=26812
[RTX-GST] RTP_RX pkts=112950 meta=26783 frames_rx=26820
[RTX-GST] VIDEO frames_rx=26821 fps=21.7 assoc_ok=24051 assoc_miss=1736 ctrl_sent=24051 infer_avg=0.08ms
[RTX-GST] RTP_RX pkts=112980 meta=26788 frames_rx=26826
[RTX-GST] RTP_RX pkts=113010 meta=26796 frames_rx=26833
[RTX-GST] RTP_RX pkts=113040 meta=26803 frames_rx=26840
[RTX-GST] RTP_RX pkts=113070 meta=26811 frames_rx=26848
[RTX-GST] VIDEO frames_rx=26852 fps=21.7 assoc_ok=24079 assoc_miss=1739 ctrl_sent=24079 infer_avg=0.07ms
[RTX-GST] RTP_RX pkts=113100 meta=26817 frames_rx=26854
[RTX-GST] RTP_RX pkts=113130 meta=26824 frames_rx=26861
[RTX-GST] RTP_RX pkts=113160 meta=26832 frames_rx=26869
[RTX-GST] SAVED n=24100 dropped=0 recv2save_p50=0.95ms recv2save_p95=1.20ms
[RTX-GST] RTP_RX pkts=113190 meta=26839 frames_rx=26876
[RTX-GST] VIDEO frames_rx=26882 fps=21.7 assoc_ok=24106 assoc_miss=1741 ctrl_sent=24106 infer_avg=0.07ms
[RTX-GST] RTP_RX pkts=113220 meta=26845 frames_rx=26882
[RTX-GST] RTP_RX pkts=113250 meta=26852 frames_rx=26889
[RTX-GST] RTP_RX pkts=113280 meta=26860 frames_rx=26897
[RTX-GST] RTP_RX pkts=113310 meta=26867 frames_rx=26904
[RTX-GST] RTP_RX pkts=113340 meta=26875 frames_rx=26912
[RTX-GST] VIDEO frames_rx=26914 fps=21.7 assoc_ok=24135 assoc_miss=1744 ctrl_sent=24135 infer_avg=0.07ms
[RTX-GST] RTP_RX pkts=113370 meta=26881 frames_rx=26918
[RTX-GST] RTP_RX pkts=113400 meta=26888 frames_rx=26925
[RTX-GST] RTP_RX pkts=113430 meta=26896 frames_rx=26933
[RTX-GST] RTP_RX pkts=113460 meta=26903 frames_rx=26940
[RTX-GST] VIDEO frames_rx=26943 fps=21.7 assoc_ok=24158 assoc_miss=1749 ctrl_sent=24158 infer_avg=0.07ms
[RTX-GST] RTP_RX pkts=113490 meta=26909 frames_rx=26946
[RTX-GST] RTP_RX pkts=113520 meta=26916 frames_rx=26953
[RTX-GST] RTP_RX pkts=113550 meta=26924 frames_rx=26961
[RTX-GST] RTP_RX pkts=113580 meta=26931 frames_rx=26968
[RTX-GST] VIDEO frames_rx=26973 fps=21.7 assoc_ok=24185 assoc_miss=1752 ctrl_sent=24185 infer_avg=0.08ms
[RTX-GST] RTP_RX pkts=113610 meta=26937 frames_rx=26974
[RTX-GST] RTP_RX pkts=113640 meta=26945 frames_rx=26982
[RTX-GST] SAVED n=24200 dropped=0 recv2save_p50=0.94ms recv2save_p95=1.18ms
[RTX-GST] RTP_RX pkts=113670 meta=26952 frames_rx=26989
[RTX-GST] RTP_RX pkts=113700 meta=26960 frames_rx=26997
[RTX-GST] RTP_RX pkts=113730 meta=26965 frames_rx=27002
[RTX-GST] VIDEO frames_rx=27004 fps=21.7 assoc_ok=24212 assoc_miss=1754 ctrl_sent=24212 infer_avg=0.08ms
[RTX-GST] RTP_RX pkts=113760 meta=26973 frames_rx=27010
[RTX-GST] RTP_RX pkts=113790 meta=26980 frames_rx=27018
[RTX-GST] RTP_RX pkts=113820 meta=26988 frames_rx=27025
[RTX-GST] RTP_RX pkts=113850 meta=26995 frames_rx=27032
[RTX-GST] VIDEO frames_rx=27036 fps=21.7 assoc_ok=24243 assoc_miss=1756 ctrl_sent=24243 infer_avg=0.08ms
[RTX-GST] RTP_RX pkts=113880 meta=27001 frames_rx=27038
[RTX-GST] RTP_RX pkts=113910 meta=27008 frames_rx=27046
[RTX-GST] RTP_RX pkts=113940 meta=27015 frames_rx=27053
[RTX-GST] RTP_RX pkts=113970 meta=27023 frames_rx=27061
[RTX-GST] RTP_RX pkts=114000 meta=27029 frames_rx=27066
[RTX-GST] VIDEO frames_rx=27068 fps=21.7 assoc_ok=24252 assoc_miss=1758 ctrl_sent=24252 infer_avg=0.09ms
[RTX-GST] RTP_RX pkts=114030 meta=27036 frames_rx=27074
[RTX-GST] RTP_RX pkts=114060 meta=27043 frames_rx=27081
[RTX-GST] RTP_RX pkts=114090 meta=27051 frames_rx=27089
[RTX-GST] RTP_RX pkts=114120 meta=27057 frames_rx=27095
[RTX-GST] RTP_RX pkts=114150 meta=27064 frames_rx=27102
[RTX-GST] VIDEO frames_rx=27103 fps=21.7 assoc_ok=24279 assoc_miss=1760 ctrl_sent=24279 infer_avg=0.08ms
[RTX-GST] RTP_RX pkts=114180 meta=27072 frames_rx=27110
[RTX-GST] RTP_RX pkts=114210 meta=27079 frames_rx=27117
[RTX-GST] VIDEO frames_rx=27122 fps=21.7 assoc_ok=24294 assoc_miss=1762 ctrl_sent=24294 infer_avg=0.08ms
[RTX-GST] RTP_RX pkts=114240 meta=27085 frames_rx=27123
[RTX-GST] SAVED n=24300 dropped=0 recv2save_p50=0.94ms recv2save_p95=1.19ms
[RTX-GST] RTP_RX pkts=114270 meta=27094 frames_rx=27130
[RTX-GST] RTP_RX pkts=114300 meta=27100 frames_rx=27138
[RTX-GST] RTP_RX pkts=114330 meta=27108 frames_rx=27145
[RTX-GST] RTP_RX pkts=114360 meta=27114 frames_rx=27152
[RTX-GST] RTP_RX pkts=114390 meta=27121 frames_rx=27159
[RTX-GST] RTP_RX pkts=114420 meta=27128 frames_rx=27166
[RTX-GST] VIDEO frames_rx=27171 fps=21.7 assoc_ok=24335 assoc_miss=1769 ctrl_sent=24335 infer_avg=0.08ms
[RTX-GST] RTP_RX pkts=114450 meta=27136 frames_rx=27174
[RTX-GST] RTP_RX pkts=114480 meta=27143 frames_rx=27182
[RTX-GST] RTP_RX pkts=114510 meta=27149 frames_rx=27188
[RTX-GST] RTP_RX pkts=114540 meta=27157 frames_rx=27195
[RTX-GST] VIDEO frames_rx=27202 fps=21.8 assoc_ok=24364 assoc_miss=1770 ctrl_sent=24364 infer_avg=0.08ms
[RTX-GST] RTP_RX pkts=114570 meta=27164 frames_rx=27202
[RTX-GST] RTP_RX pkts=114600 meta=27172 frames_rx=27210
[RTX-GST] RTP_RX pkts=114630 meta=27178 frames_rx=27216
[RTX-GST] RTP_RX pkts=114660 meta=27185 frames_rx=27223
[RTX-GST] RTP_RX pkts=114690 meta=27193 frames_rx=27231
[RTX-GST] VIDEO frames_rx=27234 fps=21.8 assoc_ok=24393 assoc_miss=1771 ctrl_sent=24393 infer_avg=0.08ms
[RTX-GST] RTP_RX pkts=114720 meta=27200 frames_rx=27238
[RTX-GST] SAVED n=24400 dropped=0 recv2save_p50=0.94ms recv2save_p95=1.13ms
[RTX-GST] RTP_RX pkts=114750 meta=27206 frames_rx=27244
[RTX-GST] RTP_RX pkts=114780 meta=27213 frames_rx=27251
[RTX-GST] VIDEO frames_rx=27259 fps=21.8 assoc_ok=24406 assoc_miss=1776 ctrl_sent=24406 infer_avg=0.11ms
[RTX-GST] RTP_RX pkts=114810 meta=27221 frames_rx=27259
[RTX-GST] RTP_RX pkts=114840 meta=27228 frames_rx=27266
[RTX-GST] RTP_RX pkts=114870 meta=27234 frames_rx=27272
[RTX-GST] RTP_RX pkts=114900 meta=27243 frames_rx=27280
[RTX-GST] RTP_RX pkts=114930 meta=27249 frames_rx=27287
[RTX-GST] VIDEO frames_rx=27294 fps=21.8 assoc_ok=24428 assoc_miss=1779 ctrl_sent=24428 infer_avg=0.08ms
[RTX-GST] RTP_RX pkts=114960 meta=27257 frames_rx=27295
[RTX-GST] RTP_RX pkts=114990 meta=27263 frames_rx=27301
[RTX-GST] RTP_RX pkts=115020 meta=27270 frames_rx=27308
[RTX-GST] RTP_RX pkts=115050 meta=27277 frames_rx=27315
[RTX-GST] RTP_RX pkts=115080 meta=27285 frames_rx=27323
[RTX-GST] VIDEO frames_rx=27325 fps=21.8 assoc_ok=24454 assoc_miss=1781 ctrl_sent=24454 infer_avg=0.07ms
[RTX-GST] RTP_RX pkts=115110 meta=27293 frames_rx=27330
[RTX-GST] RTP_RX pkts=115140 meta=27298 frames_rx=27336
[RTX-GST] RTP_RX pkts=115170 meta=27306 frames_rx=27344
[RTX-GST] RTP_RX pkts=115200 meta=27313 frames_rx=27351
[RTX-GST] VIDEO frames_rx=27357 fps=21.8 assoc_ok=24481 assoc_miss=1783 ctrl_sent=24481 infer_avg=0.08ms
[RTX-GST] RTP_RX pkts=115230 meta=27321 frames_rx=27359
[RTX-GST] RTP_RX pkts=115260 meta=27326 frames_rx=27364
[RTX-GST] RTP_RX pkts=115290 meta=27334 frames_rx=27372
[RTX-GST] SAVED n=24500 dropped=0 recv2save_p50=0.93ms recv2save_p95=1.13ms
[RTX-GST] RTP_RX pkts=115320 meta=27341 frames_rx=27379
[RTX-GST] VIDEO frames_rx=27387 fps=21.8 assoc_ok=24509 assoc_miss=1785 ctrl_sent=24509 infer_avg=0.09ms
[RTX-GST] RTP_RX pkts=115350 meta=27349 frames_rx=27387
[RTX-GST] RTP_RX pkts=115380 meta=27355 frames_rx=27393
[RTX-GST] RTP_RX pkts=115410 meta=27362 frames_rx=27400
[RTX-GST] RTP_RX pkts=115440 meta=27370 frames_rx=27408
[RTX-GST] RTP_RX pkts=115470 meta=27377 frames_rx=27415
[RTX-GST] VIDEO frames_rx=27418 fps=21.8 assoc_ok=24539 assoc_miss=1786 ctrl_sent=24539 infer_avg=0.09ms
[RTX-GST] RTP_RX pkts=115500 meta=27383 frames_rx=27421
[RTX-GST] RTP_RX pkts=115530 meta=27390 frames_rx=27428
[RTX-GST] RTP_RX pkts=115560 meta=27397 frames_rx=27436
[RTX-GST] RTP_RX pkts=115590 meta=27405 frames_rx=27444
[RTX-GST] VIDEO frames_rx=27449 fps=21.8 assoc_ok=24567 assoc_miss=1789 ctrl_sent=24567 infer_avg=0.08ms
[RTX-GST] RTP_RX pkts=115620 meta=27413 frames_rx=27451
[RTX-GST] RTP_RX pkts=115650 meta=27419 frames_rx=27457
[RTX-GST] RTP_RX pkts=115680 meta=27426 frames_rx=27464
[RTX-GST] RTP_RX pkts=115710 meta=27434 frames_rx=27472
[RTX-GST] RTP_RX pkts=115740 meta=27441 frames_rx=27479
[RTX-GST] VIDEO frames_rx=27480 fps=21.8 assoc_ok=24588 assoc_miss=1790 ctrl_sent=24588 infer_avg=0.14ms
[RTX-GST] RTP_RX pkts=115770 meta=27447 frames_rx=27485
[RTX-GST] RTP_RX pkts=115800 meta=27455 frames_rx=27492
[RTX-GST] SAVED n=24600 dropped=0 recv2save_p50=0.95ms recv2save_p95=1.33ms
[RTX-GST] RTP_RX pkts=115830 meta=27462 frames_rx=27500
[RTX-GST] RTP_RX pkts=115860 meta=27468 frames_rx=27507
[RTX-GST] VIDEO frames_rx=27511 fps=21.8 assoc_ok=24608 assoc_miss=1792 ctrl_sent=24608 infer_avg=0.09ms
[RTX-GST] RTP_RX pkts=115890 meta=27474 frames_rx=27513
[RTX-GST] RTP_RX pkts=115920 meta=27482 frames_rx=27521
[RTX-GST] RTP_RX pkts=115950 meta=27489 frames_rx=27528
[RTX-GST] RTP_RX pkts=115980 meta=27497 frames_rx=27536
[RTX-GST] RTP_RX pkts=116010 meta=27502 frames_rx=27541
[RTX-GST] VIDEO frames_rx=27542 fps=21.8 assoc_ok=24636 assoc_miss=1796 ctrl_sent=24636 infer_avg=0.07ms
[RTX-GST] RTP_RX pkts=116040 meta=27510 frames_rx=27549
[RTX-GST] RTP_RX pkts=116070 meta=27517 frames_rx=27556
[RTX-GST] RTP_RX pkts=116100 meta=27525 frames_rx=27564
[RTX-GST] RTP_RX pkts=116130 meta=27532 frames_rx=27571
[RTX-GST] VIDEO frames_rx=27572 fps=21.8 assoc_ok=24664 assoc_miss=1797 ctrl_sent=24664 infer_avg=0.06ms
[RTX-GST] RTP_RX pkts=116160 meta=27538 frames_rx=27577
[RTX-GST] RTP_RX pkts=116190 meta=27546 frames_rx=27585
[RTX-GST] RTP_RX pkts=116220 meta=27553 frames_rx=27592
[RTX-GST] RTP_RX pkts=116250 meta=27561 frames_rx=27600
[RTX-GST] VIDEO frames_rx=27604 fps=21.8 assoc_ok=24693 assoc_miss=1798 ctrl_sent=24693 infer_avg=0.07ms
[RTX-GST] RTP_RX pkts=116280 meta=27566 frames_rx=27605
[RTX-GST] SAVED n=24700 dropped=0 recv2save_p50=0.96ms recv2save_p95=1.35ms
[RTX-GST] RTP_RX pkts=116310 meta=27574 frames_rx=27613
[RTX-GST] RTP_RX pkts=116340 meta=27581 frames_rx=27620
[RTX-GST] RTP_RX pkts=116370 meta=27589 frames_rx=27628
[RTX-GST] RTP_RX pkts=116400 meta=27595 frames_rx=27634
[RTX-GST] RTP_RX pkts=116430 meta=27603 frames_rx=27641
[RTX-GST] VIDEO frames_rx=27646 fps=21.8 assoc_ok=24709 assoc_miss=1798 ctrl_sent=24709 infer_avg=0.07ms
[RTX-GST] RTP_RX pkts=116460 meta=27609 frames_rx=27649
[RTX-GST] RTP_RX pkts=116490 meta=27616 frames_rx=27656
[RTX-GST] RTP_RX pkts=116520 meta=27624 frames_rx=27664
[RTX-GST] VIDEO frames_rx=27666 fps=21.8 assoc_ok=24719 assoc_miss=1798 ctrl_sent=24719 infer_avg=0.08ms
[RTX-GST] RTP_RX pkts=116550 meta=27631 frames_rx=27671
[RTX-GST] RTP_RX pkts=116580 meta=27637 frames_rx=27677
[RTX-GST] RTP_RX pkts=116610 meta=27644 frames_rx=27684
[RTX-GST] RTP_RX pkts=116640 meta=27652 frames_rx=27692
[RTX-GST] VIDEO frames_rx=27697 fps=21.9 assoc_ok=24747 assoc_miss=1801 ctrl_sent=24747 infer_avg=0.06ms
[RTX-GST] RTP_RX pkts=116670 meta=27659 frames_rx=27699
[RTX-GST] RTP_RX pkts=116700 meta=27665 frames_rx=27705
[RTX-GST] RTP_RX pkts=116730 meta=27673 frames_rx=27713
[RTX-GST] RTP_RX pkts=116760 meta=27680 frames_rx=27720
[RTX-GST] VIDEO frames_rx=27727 fps=21.9 assoc_ok=24774 assoc_miss=1803 ctrl_sent=24774 infer_avg=0.07ms
[RTX-GST] RTP_RX pkts=116790 meta=27688 frames_rx=27728
[RTX-GST] RTP_RX pkts=116820 meta=27694 frames_rx=27733
[RTX-GST] RTP_RX pkts=116850 meta=27701 frames_rx=27741
[RTX-GST] RTP_RX pkts=116880 meta=27709 frames_rx=27749
[RTX-GST] VIDEO frames_rx=27756 fps=21.9 assoc_ok=24796 assoc_miss=1805 ctrl_sent=24796 infer_avg=0.07ms
[RTX-GST] RTP_RX pkts=116910 meta=27716 frames_rx=27756
[RTX-GST] RTP_RX pkts=116940 meta=27723 frames_rx=27763
[RTX-GST] SAVED n=24800 dropped=0 recv2save_p50=0.96ms recv2save_p95=1.33ms
[RTX-GST] RTP_RX pkts=116970 meta=27729 frames_rx=27769
[RTX-GST] RTP_RX pkts=117000 meta=27737 frames_rx=27777
[RTX-GST] RTP_RX pkts=117030 meta=27744 frames_rx=27784
[RTX-GST] RTP_RX pkts=117060 meta=27752 frames_rx=27792
[RTX-GST] VIDEO frames_rx=27793 fps=21.9 assoc_ok=24822 assoc_miss=1811 ctrl_sent=24822 infer_avg=0.08ms
[RTX-GST] RTP_RX pkts=117090 meta=27757 frames_rx=27797
[RTX-GST] RTP_RX pkts=117120 meta=27765 frames_rx=27805
[RTX-GST] RTP_RX pkts=117150 meta=27772 frames_rx=27812
[RTX-GST] RTP_RX pkts=117180 meta=27780 frames_rx=27820
[RTX-GST] VIDEO frames_rx=27823 fps=21.9 assoc_ok=24849 assoc_miss=1814 ctrl_sent=24849 infer_avg=0.06ms
[RTX-GST] RTP_RX pkts=117210 meta=27786 frames_rx=27826
[RTX-GST] RTP_RX pkts=117240 meta=27793 frames_rx=27833
[RTX-GST] RTP_RX pkts=117270 meta=27801 frames_rx=27841
[RTX-GST] RTP_RX pkts=117300 meta=27808 frames_rx=27848
[RTX-GST] VIDEO frames_rx=27853 fps=21.9 assoc_ok=24875 assoc_miss=1817 ctrl_sent=24875 infer_avg=0.08ms
[RTX-GST] RTP_RX pkts=117330 meta=27814 frames_rx=27854
[RTX-GST] RTP_RX pkts=117360 meta=27821 frames_rx=27861
[RTX-GST] RTP_RX pkts=117390 meta=27829 frames_rx=27869
[RTX-GST] RTP_RX pkts=117420 meta=27836 frames_rx=27876
[RTX-GST] VIDEO frames_rx=27880 fps=21.9 assoc_ok=24891 assoc_miss=1820 ctrl_sent=24891 infer_avg=0.07ms[RTX-GST] RTP_RX pkts=117450 meta=27843 frames_rx=27883

[RTX-GST] RTP_RX pkts=117480 meta=27850 frames_rx=27890
[RTX-GST] SAVED n=24900 dropped=0 recv2save_p50=0.97ms recv2save_p95=1.37ms
[RTX-GST] RTP_RX pkts=117510 meta=27857 frames_rx=27897
[RTX-GST] RTP_RX pkts=117540 meta=27865 frames_rx=27905
[RTX-GST] RTP_RX pkts=117570 meta=27872 frames_rx=27912
[RTX-GST] VIDEO frames_rx=27914 fps=21.9 assoc_ok=24920 assoc_miss=1823 ctrl_sent=24920 infer_avg=0.08ms
[RTX-GST] RTP_RX pkts=117600 meta=27878 frames_rx=27918
[RTX-GST] RTP_RX pkts=117630 meta=27885 frames_rx=27925
[RTX-GST] RTP_RX pkts=117660 meta=27893 frames_rx=27933
[RTX-GST] RTP_RX pkts=117690 meta=27900 frames_rx=27940
[RTX-GST] VIDEO frames_rx=27943 fps=21.9 assoc_ok=24948 assoc_miss=1824 ctrl_sent=24948 infer_avg=0.07ms
[RTX-GST] RTP_RX pkts=117720 meta=27906 frames_rx=27946
[RTX-GST] RTP_RX pkts=117750 meta=27914 frames_rx=27954
[RTX-GST] RTP_RX pkts=117780 meta=27921 frames_rx=27962
[RTX-GST] RTP_RX pkts=117810 meta=27929 frames_rx=27969
[RTX-GST] RTP_RX pkts=117840 meta=27934 frames_rx=27974
[RTX-GST] VIDEO frames_rx=27977 fps=21.9 assoc_ok=24979 assoc_miss=1827 ctrl_sent=24979 infer_avg=0.07ms
[RTX-GST] RTP_RX pkts=117870 meta=27942 frames_rx=27982
[RTX-GST] RTP_RX pkts=117900 meta=27949 frames_rx=27989
[RTX-GST] RTP_RX pkts=117930 meta=27957 frames_rx=27997
[RTX-GST] SAVED n=25000 dropped=0 recv2save_p50=0.97ms recv2save_p95=1.39ms
[RTX-GST] RTP_RX pkts=117960 meta=27963 frames_rx=28003
[RTX-GST] VIDEO frames_rx=28004 fps=21.9 assoc_ok=25003 assoc_miss=1830 ctrl_sent=25003 infer_avg=0.10ms
[RTX-GST] RTP_RX pkts=117990 meta=27970 frames_rx=28010
[RTX-GST] RTP_RX pkts=118020 meta=27978 frames_rx=28018
[RTX-GST] RTP_RX pkts=118050 meta=27985 frames_rx=28025
[RTX-GST] RTP_RX pkts=118080 meta=27993 frames_rx=28033
[RTX-GST] VIDEO frames_rx=28036 fps=21.9 assoc_ok=25027 assoc_miss=1834 ctrl_sent=25027 infer_avg=0.07ms
[RTX-GST] RTP_RX pkts=118110 meta=27998 frames_rx=28038
[RTX-GST] RTP_RX pkts=118140 meta=28006 frames_rx=28046
[RTX-GST] RTP_RX pkts=118170 meta=28013 frames_rx=28053
[RTX-GST] RTP_RX pkts=118200 meta=28021 frames_rx=28061
[RTX-GST] RTP_RX pkts=118230 meta=28027 frames_rx=28067
[RTX-GST] VIDEO frames_rx=28069 fps=21.9 assoc_ok=25057 assoc_miss=1838 ctrl_sent=25057 infer_avg=0.09ms
[RTX-GST] RTP_RX pkts=118260 meta=28034 frames_rx=28074
[RTX-GST] RTP_RX pkts=118290 meta=28042 frames_rx=28082
[RTX-GST] RTP_RX pkts=118320 meta=28049 frames_rx=28089
[RTX-GST] RTP_RX pkts=118350 meta=28055 frames_rx=28095
[RTX-GST] VIDEO frames_rx=28100 fps=21.9 assoc_ok=25086 assoc_miss=1838 ctrl_sent=25086 infer_avg=0.07ms
[RTX-GST] RTP_RX pkts=118380 meta=28062 frames_rx=28102
[RTX-GST] RTP_RX pkts=118410 meta=28070 frames_rx=28110
[RTX-GST] SAVED n=25100 dropped=0 recv2save_p50=0.97ms recv2save_p95=1.35ms
[RTX-GST] RTP_RX pkts=118440 meta=28077 frames_rx=28117
[RTX-GST] RTP_RX pkts=118470 meta=28083 frames_rx=28123
[RTX-GST] VIDEO frames_rx=28130 fps=21.9 assoc_ok=25114 assoc_miss=1840 ctrl_sent=25114 infer_avg=0.05ms
[RTX-GST] RTP_RX pkts=118500 meta=28091 frames_rx=28131
[RTX-GST] RTP_RX pkts=118530 meta=28098 frames_rx=28138
[RTX-GST] RTP_RX pkts=118560 meta=28106 frames_rx=28146
[RTX-GST] RTP_RX pkts=118590 meta=28113 frames_rx=28153
[RTX-GST] RTP_RX pkts=118620 meta=28119 frames_rx=28159
[RTX-GST] VIDEO frames_rx=28162 fps=22.0 assoc_ok=25142 assoc_miss=1844 ctrl_sent=25142 infer_avg=0.05ms
[RTX-GST] RTP_RX pkts=118650 meta=28126 frames_rx=28166
[RTX-GST] RTP_RX pkts=118680 meta=28134 frames_rx=28174
[RTX-GST] RTP_RX pkts=118710 meta=28141 frames_rx=28182
[RTX-GST] VIDEO frames_rx=28184 fps=22.0 assoc_ok=25162 assoc_miss=1846 ctrl_sent=25162 infer_avg=0.09ms
[RTX-GST] RTP_RX pkts=118740 meta=28147 frames_rx=28187
[RTX-GST] RTP_RX pkts=118770 meta=28155 frames_rx=28195
[RTX-GST] RTP_RX pkts=118800 meta=28162 frames_rx=28202
[RTX-GST] RTP_RX pkts=118830 meta=28170 frames_rx=28210
[RTX-GST] RTP_RX pkts=118860 meta=28175 frames_rx=28215
[RTX-GST] RTP_RX pkts=118890 meta=28183 frames_rx=28223
[RTX-GST] VIDEO frames_rx=28224 fps=22.0 assoc_ok=25199 assoc_miss=1849 ctrl_sent=25199 infer_avg=0.09ms
[RTX-GST] SAVED n=25200 dropped=0 recv2save_p50=0.99ms recv2save_p95=1.35ms
[RTX-GST] RTP_RX pkts=118920 meta=28190 frames_rx=28231
[RTX-GST] RTP_RX pkts=118950 meta=28198 frames_rx=28238
[RTX-GST] RTP_RX pkts=118980 meta=28204 frames_rx=28244
[RTX-GST] RTP_RX pkts=119010 meta=28211 frames_rx=28251
[RTX-GST] VIDEO frames_rx=28255 fps=22.0 assoc_ok=25224 assoc_miss=1850 ctrl_sent=25224 infer_avg=0.11ms
[RTX-GST] RTP_RX pkts=119040 meta=28219 frames_rx=28259
[RTX-GST] RTP_RX pkts=119070 meta=28226 frames_rx=28266
[RTX-GST] RTP_RX pkts=119100 meta=28233 frames_rx=28273
[RTX-GST] RTP_RX pkts=119130 meta=28239 frames_rx=28279
[RTX-GST] RTP_RX pkts=119160 meta=28247 frames_rx=28286
[RTX-GST] VIDEO frames_rx=28288 fps=22.0 assoc_ok=25253 assoc_miss=1852 ctrl_sent=25253 infer_avg=0.08ms
[RTX-GST] RTP_RX pkts=119190 meta=28254 frames_rx=28294
[RTX-GST] RTP_RX pkts=119220 meta=28262 frames_rx=28302
[RTX-GST] RTP_RX pkts=119250 meta=28268 frames_rx=28308
[RTX-GST] RTP_RX pkts=119280 meta=28276 frames_rx=28316
[RTX-GST] VIDEO frames_rx=28319 fps=22.0 assoc_ok=25276 assoc_miss=1857 ctrl_sent=25276 infer_avg=0.08ms
[RTX-GST] RTP_RX pkts=119310 meta=28283 frames_rx=28323
[RTX-GST] RTP_RX pkts=119340 meta=28290 frames_rx=28330
[RTX-GST] RTP_RX pkts=119370 meta=28296 frames_rx=28336
[RTX-GST] RTP_RX pkts=119400 meta=28303 frames_rx=28343
[RTX-GST] SAVED n=25300 dropped=0 recv2save_p50=0.99ms recv2save_p95=1.40ms
[RTX-GST] VIDEO frames_rx=28350 fps=22.0 assoc_ok=25303 assoc_miss=1861 ctrl_sent=25303 infer_avg=0.07ms
[RTX-GST] RTP_RX pkts=119430 meta=28311 frames_rx=28351
[RTX-GST] RTP_RX pkts=119460 meta=28318 frames_rx=28358
[RTX-GST] RTP_RX pkts=119490 meta=28324 frames_rx=28364
[RTX-GST] RTP_RX pkts=119520 meta=28332 frames_rx=28372
[RTX-GST] RTP_RX pkts=119550 meta=28339 frames_rx=28379
[RTX-GST] VIDEO frames_rx=28380 fps=22.0 assoc_ok=25328 assoc_miss=1864 ctrl_sent=25328 infer_avg=0.08ms
[RTX-GST] RTP_RX pkts=119580 meta=28347 frames_rx=28387
[RTX-GST] RTP_RX pkts=119610 meta=28353 frames_rx=28393
[RTX-GST] RTP_RX pkts=119640 meta=28360 frames_rx=28400
[RTX-GST] RTP_RX pkts=119670 meta=28367 frames_rx=28407
[RTX-GST] VIDEO frames_rx=28411 fps=22.0 assoc_ok=25352 assoc_miss=1867 ctrl_sent=25352 infer_avg=0.09ms
[RTX-GST] RTP_RX pkts=119700 meta=28375 frames_rx=28415
[RTX-GST] RTP_RX pkts=119730 meta=28382 frames_rx=28423
[RTX-GST] RTP_RX pkts=119760 meta=28388 frames_rx=28428
[RTX-GST] RTP_RX pkts=119790 meta=28396 frames_rx=28436
[RTX-GST] VIDEO frames_rx=28440 fps=22.0 assoc_ok=25380 assoc_miss=1868 ctrl_sent=25380 infer_avg=0.08ms
[RTX-GST] RTP_RX pkts=119820 meta=28403 frames_rx=28443
[RTX-GST] RTP_RX pkts=119850 meta=28411 frames_rx=28451
[RTX-GST] RTP_RX pkts=119880 meta=28416 frames_rx=28456
[RTX-GST] SAVED n=25400 dropped=0 recv2save_p50=0.99ms recv2save_p95=1.40ms
[RTX-GST] RTP_RX pkts=119910 meta=28424 frames_rx=28464
[RTX-GST] RTP_RX pkts=119940 meta=28431 frames_rx=28471
[RTX-GST] VIDEO frames_rx=28472 fps=22.0 assoc_ok=25409 assoc_miss=1871 ctrl_sent=25409 infer_avg=0.08ms
[RTX-GST] RTP_RX pkts=119970 meta=28439 frames_rx=28479
[RTX-GST] RTP_RX pkts=120000 meta=28445 frames_rx=28485
[RTX-GST] RTP_RX pkts=120030 meta=28452 frames_rx=28492
[RTX-GST] RTP_RX pkts=120060 meta=28460 frames_rx=28500
[RTX-GST] VIDEO frames_rx=28502 fps=22.0 assoc_ok=25436 assoc_miss=1873 ctrl_sent=25436 infer_avg=0.09ms
[RTX-GST] RTP_RX pkts=120090 meta=28467 frames_rx=28507
[RTX-GST] RTP_RX pkts=120120 meta=28473 frames_rx=28513
[RTX-GST] RTP_RX pkts=120150 meta=28480 frames_rx=28520
[RTX-GST] RTP_RX pkts=120180 meta=28488 frames_rx=28528
[RTX-GST] VIDEO frames_rx=28534 fps=22.0 assoc_ok=25462 assoc_miss=1877 ctrl_sent=25462 infer_avg=0.10ms
[RTX-GST] RTP_RX pkts=120210 meta=28495 frames_rx=28535
[RTX-GST] RTP_RX pkts=120240 meta=28503 frames_rx=28543
[RTX-GST] RTP_RX pkts=120270 meta=28509 frames_rx=28549
[RTX-GST] RTP_RX pkts=120300 meta=28516 frames_rx=28556
[RTX-GST] RTP_RX pkts=120330 meta=28524 frames_rx=28564
[RTX-GST] RTP_RX pkts=120360 meta=28531 frames_rx=28571
[RTX-GST] VIDEO frames_rx=28575 fps=22.0 assoc_ok=25484 assoc_miss=1877 ctrl_sent=25484 infer_avg=0.09ms
[RTX-GST] RTP_RX pkts=120390 meta=28537 frames_rx=28577
[RTX-GST] RTP_RX pkts=120420 meta=28544 frames_rx=28584
[RTX-GST] RTP_RX pkts=120450 meta=28552 frames_rx=28592
[RTX-GST] SAVED n=25500 dropped=0 recv2save_p50=1.00ms recv2save_p95=1.43ms
[RTX-GST] RTP_RX pkts=120480 meta=28559 frames_rx=28599
[RTX-GST] RTP_RX pkts=120510 meta=28565 frames_rx=28605
[RTX-GST] VIDEO frames_rx=28607 fps=22.0 assoc_ok=25510 assoc_miss=1880 ctrl_sent=25510 infer_avg=0.09ms
[RTX-GST] RTP_RX pkts=120540 meta=28573 frames_rx=28613
[RTX-GST] RTP_RX pkts=120570 meta=28580 frames_rx=28621
[RTX-GST] RTP_RX pkts=120600 meta=28588 frames_rx=28628
[RTX-GST] RTP_RX pkts=120630 meta=28593 frames_rx=28633
[RTX-GST] VIDEO frames_rx=28637 fps=22.0 assoc_ok=25539 assoc_miss=1880 ctrl_sent=25539 infer_avg=0.09ms
[RTX-GST] RTP_RX pkts=120660 meta=28601 frames_rx=28641
[RTX-GST] RTP_RX pkts=120690 meta=28608 frames_rx=28648
[RTX-GST] RTP_RX pkts=120720 meta=28616 frames_rx=28656
[RTX-GST] RTP_RX pkts=120750 meta=28623 frames_rx=28663
[RTX-GST] VIDEO frames_rx=28668 fps=22.1 assoc_ok=25565 assoc_miss=1881 ctrl_sent=25565 infer_avg=0.09ms
[RTX-GST] RTP_RX pkts=120780 meta=28629 frames_rx=28669
[RTX-GST] RTP_RX pkts=120810 meta=28636 frames_rx=28676
[RTX-GST] RTP_RX pkts=120840 meta=28644 frames_rx=28684
[RTX-GST] RTP_RX pkts=120870 meta=28651 frames_rx=28691
[RTX-GST] VIDEO frames_rx=28693 fps=22.1 assoc_ok=25577 assoc_miss=1883 ctrl_sent=25577 infer_avg=0.08ms
[RTX-GST] RTP_RX pkts=120900 meta=28658 frames_rx=28697
[RTX-GST] RTP_RX pkts=120930 meta=28665 frames_rx=28705
[RTX-GST] RTP_RX pkts=120960 meta=28672 frames_rx=28712
[RTX-GST] RTP_RX pkts=120990 meta=28680 frames_rx=28720
[RTX-GST] RTP_RX pkts=121020 meta=28686 frames_rx=28726
[RTX-GST] VIDEO frames_rx=28732 fps=22.1 assoc_ok=25597 assoc_miss=1886 ctrl_sent=25597 infer_avg=0.07ms
[RTX-GST] RTP_RX pkts=121050 meta=28693 frames_rx=28733
[RTX-GST] SAVED n=25600 dropped=0 recv2save_p50=1.00ms recv2save_p95=1.49ms
[RTX-GST] RTP_RX pkts=121080 meta=28701 frames_rx=28741
[RTX-GST] RTP_RX pkts=121110 meta=28708 frames_rx=28748
[RTX-GST] RTP_RX pkts=121140 meta=28714 frames_rx=28754
[RTX-GST] RTP_RX pkts=121170 meta=28721 frames_rx=28761
[RTX-GST] VIDEO frames_rx=28762 fps=22.1 assoc_ok=25623 assoc_miss=1888 ctrl_sent=25623 infer_avg=0.09ms
[RTX-GST] RTP_RX pkts=121200 meta=28729 frames_rx=28769
[RTX-GST] RTP_RX pkts=121230 meta=28736 frames_rx=28776
[RTX-GST] RTP_RX pkts=121260 meta=28743 frames_rx=28783
[RTX-GST] RTP_RX pkts=121290 meta=28750 frames_rx=28790
[RTX-GST] VIDEO frames_rx=28792 fps=22.1 assoc_ok=25648 assoc_miss=1891 ctrl_sent=25648 infer_avg=0.11ms
[RTX-GST] RTP_RX pkts=121320 meta=28757 frames_rx=28797
[RTX-GST] RTP_RX pkts=121350 meta=28765 frames_rx=28805
[RTX-GST] RTP_RX pkts=121380 meta=28772 frames_rx=28812
[RTX-GST] RTP_RX pkts=121410 meta=28778 frames_rx=28818
[RTX-GST] VIDEO frames_rx=28822 fps=22.1 assoc_ok=25673 assoc_miss=1894 ctrl_sent=25673 infer_avg=0.07ms
[RTX-GST] RTP_RX pkts=121440 meta=28785 frames_rx=28825
[RTX-GST] RTP_RX pkts=121470 meta=28793 frames_rx=28833
[RTX-GST] RTP_RX pkts=121500 meta=28800 frames_rx=28840
[RTX-GST] RTP_RX pkts=121530 meta=28806 frames_rx=28846
[RTX-GST] SAVED n=25700 dropped=0 recv2save_p50=1.00ms recv2save_p95=1.50ms
[RTX-GST] VIDEO frames_rx=28853 fps=22.1 assoc_ok=25700 assoc_miss=1897 ctrl_sent=25700 infer_avg=0.09ms
[RTX-GST] RTP_RX pkts=121560 meta=28813 frames_rx=28853
[RTX-GST] RTP_RX pkts=121590 meta=28819 frames_rx=28860
[RTX-GST] RTP_RX pkts=121620 meta=28826 frames_rx=28867
[RTX-GST] VIDEO frames_rx=28872 fps=22.1 assoc_ok=25713 assoc_miss=1900 ctrl_sent=25713 infer_avg=0.11ms
[RTX-GST] RTP_RX pkts=121650 meta=28834 frames_rx=28875
[RTX-GST] RTP_RX pkts=121680 meta=28841 frames_rx=28882
[RTX-GST] RTP_RX pkts=121710 meta=28849 frames_rx=28890
[RTX-GST] RTP_RX pkts=121740 meta=28854 frames_rx=28895
[RTX-GST] VIDEO frames_rx=28903 fps=22.1 assoc_ok=25736 assoc_miss=1903 ctrl_sent=25736 infer_avg=0.09ms
[RTX-GST] RTP_RX pkts=121770 meta=28862 frames_rx=28903
[RTX-GST] RTP_RX pkts=121800 meta=28869 frames_rx=28910
[RTX-GST] RTP_RX pkts=121830 meta=28877 frames_rx=28918
[RTX-GST] RTP_RX pkts=121860 meta=28883 frames_rx=28924
[RTX-GST] RTP_RX pkts=121890 meta=28891 frames_rx=28931
[RTX-GST] VIDEO frames_rx=28933 fps=22.1 assoc_ok=25751 assoc_miss=1904 ctrl_sent=25751 infer_avg=0.07ms
[RTX-GST] RTP_RX pkts=121920 meta=28899 frames_rx=28939
[RTX-GST] RTP_RX pkts=121950 meta=28906 frames_rx=28946
[RTX-GST] RTP_RX pkts=121980 meta=28912 frames_rx=28952
[RTX-GST] RTP_RX pkts=122010 meta=28919 frames_rx=28960
[RTX-GST] VIDEO frames_rx=28963 fps=22.1 assoc_ok=25780 assoc_miss=1906 ctrl_sent=25780 infer_avg=0.07ms
[RTX-GST] RTP_RX pkts=122040 meta=28927 frames_rx=28967
[RTX-GST] RTP_RX pkts=122070 meta=28934 frames_rx=28974
[RTX-GST] RTP_RX pkts=122100 meta=28940 frames_rx=28980
[RTX-GST] SAVED n=25800 dropped=0 recv2save_p50=1.02ms recv2save_p95=1.52ms
[RTX-GST] RTP_RX pkts=122130 meta=28947 frames_rx=28988
[RTX-GST] VIDEO frames_rx=28994 fps=22.1 assoc_ok=25809 assoc_miss=1908 ctrl_sent=25809 infer_avg=0.11ms
[RTX-GST] RTP_RX pkts=122160 meta=28954 frames_rx=28995
[RTX-GST] RTP_RX pkts=122190 meta=28962 frames_rx=29003
[RTX-GST] RTP_RX pkts=122220 meta=28968 frames_rx=29009
[RTX-GST] RTP_RX pkts=122250 meta=28975 frames_rx=29016
[RTX-GST] RTP_RX pkts=122280 meta=28982 frames_rx=29023
[RTX-GST] VIDEO frames_rx=29026 fps=22.1 assoc_ok=25836 assoc_miss=1909 ctrl_sent=25836 infer_avg=0.08ms
[RTX-GST] RTP_RX pkts=122310 meta=28990 frames_rx=29031
[RTX-GST] RTP_RX pkts=122340 meta=28997 frames_rx=29038
[RTX-GST] RTP_RX pkts=122370 meta=29003 frames_rx=29044
[RTX-GST] RTP_RX pkts=122400 meta=29011 frames_rx=29052
[RTX-GST] VIDEO frames_rx=29059 fps=22.1 assoc_ok=25866 assoc_miss=1911 ctrl_sent=25866 infer_avg=0.08ms
[RTX-GST] RTP_RX pkts=122430 meta=29018 frames_rx=29059
[RTX-GST] RTP_RX pkts=122460 meta=29026 frames_rx=29067
[RTX-GST] RTP_RX pkts=122490 meta=29032 frames_rx=29073
[RTX-GST] RTP_RX pkts=122520 meta=29039 frames_rx=29080
[RTX-GST] RTP_RX pkts=122550 meta=29047 frames_rx=29088
[RTX-GST] RTP_RX pkts=122580 meta=29055 frames_rx=29094
[RTX-GST] VIDEO frames_rx=29095 fps=22.1 assoc_ok=25897 assoc_miss=1915 ctrl_sent=25897 infer_avg=0.07ms
[RTX-GST] SAVED n=25900 dropped=0 recv2save_p50=1.03ms recv2save_p95=1.52ms
[RTX-GST] RTP_RX pkts=122610 meta=29061 frames_rx=29100
[RTX-GST] RTP_RX pkts=122640 meta=29069 frames_rx=29108
[RTX-GST] RTP_RX pkts=122670 meta=29076 frames_rx=29115
[RTX-GST] RTP_RX pkts=122700 meta=29084 frames_rx=29122
[RTX-GST] VIDEO frames_rx=29125 fps=22.1 assoc_ok=25921 assoc_miss=1916 ctrl_sent=25921 infer_avg=0.08ms
[RTX-GST] RTP_RX pkts=122730 meta=29090 frames_rx=29128
[RTX-GST] RTP_RX pkts=122760 meta=29098 frames_rx=29136
[RTX-GST] RTP_RX pkts=122790 meta=29105 frames_rx=29143
[RTX-GST] RTP_RX pkts=122820 meta=29113 frames_rx=29150
[RTX-GST] RTP_RX pkts=122850 meta=29119 frames_rx=29156
[RTX-GST] VIDEO frames_rx=29158 fps=22.1 assoc_ok=25942 assoc_miss=1920 ctrl_sent=25942 infer_avg=0.07ms
[RTX-GST] RTP_RX pkts=122880 meta=29126 frames_rx=29164
[RTX-GST] RTP_RX pkts=122910 meta=29133 frames_rx=29171
[RTX-GST] RTP_RX pkts=122940 meta=29141 frames_rx=29179
[RTX-GST] RTP_RX pkts=122970 meta=29147 frames_rx=29185
[RTX-GST] VIDEO frames_rx=29189 fps=22.2 assoc_ok=25969 assoc_miss=1923 ctrl_sent=25969 infer_avg=0.08ms
[RTX-GST] RTP_RX pkts=123000 meta=29154 frames_rx=29192
[RTX-GST] RTP_RX pkts=123030 meta=29162 frames_rx=29200
[RTX-GST] RTP_RX pkts=123060 meta=29169 frames_rx=29207
[RTX-GST] RTP_RX pkts=123090 meta=29177 frames_rx=29215
[RTX-GST] VIDEO frames_rx=29220 fps=22.2 assoc_ok=25995 assoc_miss=1924 ctrl_sent=25995 infer_avg=0.11ms
[RTX-GST] RTP_RX pkts=123120 meta=29182 frames_rx=29220
[RTX-GST] SAVED n=26000 dropped=0 recv2save_p50=1.04ms recv2save_p95=1.52ms
[RTX-GST] RTP_RX pkts=123150 meta=29190 frames_rx=29228
[RTX-GST] RTP_RX pkts=123180 meta=29197 frames_rx=29236
[RTX-GST] RTP_RX pkts=123210 meta=29205 frames_rx=29243
[RTX-GST] VIDEO frames_rx=29249 fps=22.2 assoc_ok=26024 assoc_miss=1925 ctrl_sent=26024 infer_avg=0.11ms
[RTX-GST] RTP_RX pkts=123240 meta=29211 frames_rx=29249
[RTX-GST] RTP_RX pkts=123270 meta=29218 frames_rx=29256
[RTX-GST] RTP_RX pkts=123300 meta=29226 frames_rx=29264
[RTX-GST] RTP_RX pkts=123330 meta=29233 frames_rx=29271
[RTX-GST] RTP_RX pkts=123360 meta=29239 frames_rx=29277
[RTX-GST] VIDEO frames_rx=29280 fps=22.2 assoc_ok=26053 assoc_miss=1927 ctrl_sent=26053 infer_avg=0.14ms
[RTX-GST] RTP_RX pkts=123390 meta=29246 frames_rx=29284
[RTX-GST] RTP_RX pkts=123420 meta=29254 frames_rx=29292
[RTX-GST] RTP_RX pkts=123450 meta=29261 frames_rx=29299
[RTX-GST] RTP_RX pkts=123480 meta=29269 frames_rx=29307
[RTX-GST] RTP_RX pkts=123510 meta=29275 frames_rx=29313
[RTX-GST] VIDEO frames_rx=29319 fps=22.2 assoc_ok=26076 assoc_miss=1928 ctrl_sent=26076 infer_avg=0.11ms
[RTX-GST] RTP_RX pkts=123540 meta=29282 frames_rx=29320
[RTX-GST] RTP_RX pkts=123570 meta=29290 frames_rx=29328
[RTX-GST] RTP_RX pkts=123600 meta=29297 frames_rx=29335
[RTX-GST] RTP_RX pkts=123630 meta=29303 frames_rx=29341
[RTX-GST] SAVED n=26100 dropped=0 recv2save_p50=1.08ms recv2save_p95=1.55ms
[RTX-GST] RTP_RX pkts=123660 meta=29310 frames_rx=29348
[RTX-GST] VIDEO frames_rx=29349 fps=22.2 assoc_ok=26103 assoc_miss=1930 ctrl_sent=26103 infer_avg=0.11ms
[RTX-GST] RTP_RX pkts=123690 meta=29318 frames_rx=29356
[RTX-GST] RTP_RX pkts=123720 meta=29325 frames_rx=29363
[RTX-GST] RTP_RX pkts=123750 meta=29331 frames_rx=29369
[RTX-GST] RTP_RX pkts=123780 meta=29339 frames_rx=29377
[RTX-GST] VIDEO frames_rx=29381 fps=22.2 assoc_ok=26132 assoc_miss=1932 ctrl_sent=26132 infer_avg=0.07ms
[RTX-GST] RTP_RX pkts=123810 meta=29346 frames_rx=29384
[RTX-GST] RTP_RX pkts=123840 meta=29354 frames_rx=29392
[RTX-GST] RTP_RX pkts=123870 meta=29359 frames_rx=29398
[RTX-GST] RTP_RX pkts=123900 meta=29367 frames_rx=29405
[RTX-GST] VIDEO frames_rx=29412 fps=22.2 assoc_ok=26157 assoc_miss=1936 ctrl_sent=26157 infer_avg=0.07ms
[RTX-GST] RTP_RX pkts=123930 meta=29374 frames_rx=29412
[RTX-GST] RTP_RX pkts=123960 meta=29382 frames_rx=29420
[RTX-GST] RTP_RX pkts=123990 meta=29388 frames_rx=29426
[RTX-GST] RTP_RX pkts=124020 meta=29395 frames_rx=29434
[RTX-GST] RTP_RX pkts=124050 meta=29403 frames_rx=29441
[RTX-GST] VIDEO frames_rx=29443 fps=22.2 assoc_ok=26184 assoc_miss=1938 ctrl_sent=26184 infer_avg=0.07ms
[RTX-GST] RTP_RX pkts=124080 meta=29410 frames_rx=29448
[RTX-GST] RTP_RX pkts=124110 meta=29417 frames_rx=29455
[RTX-GST] RTP_RX pkts=124140 meta=29423 frames_rx=29461
[RTX-GST] SAVED n=26200 dropped=0 recv2save_p50=1.04ms recv2save_p95=1.57ms
[RTX-GST] RTP_RX pkts=124170 meta=29431 frames_rx=29469
[RTX-GST] VIDEO frames_rx=29473 fps=22.2 assoc_ok=26209 assoc_miss=1940 ctrl_sent=26209 infer_avg=0.07ms
[RTX-GST] RTP_RX pkts=124200 meta=29438 frames_rx=29477
[RTX-GST] RTP_RX pkts=124230 meta=29446 frames_rx=29484
[RTX-GST] RTP_RX pkts=124260 meta=29452 frames_rx=29490
[RTX-GST] RTP_RX pkts=124290 meta=29459 frames_rx=29497
[RTX-GST] VIDEO frames_rx=29504 fps=22.2 assoc_ok=26239 assoc_miss=1940 ctrl_sent=26239 infer_avg=0.08ms
[RTX-GST] RTP_RX pkts=124320 meta=29467 frames_rx=29505
[RTX-GST] RTP_RX pkts=124350 meta=29474 frames_rx=29512
[RTX-GST] RTP_RX pkts=124380 meta=29480 frames_rx=29518
[RTX-GST] RTP_RX pkts=124410 meta=29487 frames_rx=29526
[RTX-GST] RTP_RX pkts=124440 meta=29495 frames_rx=29533
[RTX-GST] VIDEO frames_rx=29534 fps=22.2 assoc_ok=26268 assoc_miss=1941 ctrl_sent=26268 infer_avg=0.06ms
[RTX-GST] RTP_RX pkts=124470 meta=29503 frames_rx=29540
[RTX-GST] RTP_RX pkts=124500 meta=29508 frames_rx=29546
[RTX-GST] RTP_RX pkts=124530 meta=29516 frames_rx=29554
[RTX-GST] RTP_RX pkts=124560 meta=29523 frames_rx=29561
[RTX-GST] VIDEO frames_rx=29565 fps=22.2 assoc_ok=26293 assoc_miss=1945 ctrl_sent=26293 infer_avg=0.10ms
[RTX-GST] RTP_RX pkts=124590 meta=29531 frames_rx=29569
[RTX-GST] SAVED n=26300 dropped=0 recv2save_p50=1.01ms recv2save_p95=1.53ms
[RTX-GST] RTP_RX pkts=124620 meta=29537 frames_rx=29575
[RTX-GST] RTP_RX pkts=124650 meta=29544 frames_rx=29582
[RTX-GST] RTP_RX pkts=124680 meta=29551 frames_rx=29589
[RTX-GST] VIDEO frames_rx=29597 fps=22.2 assoc_ok=26320 assoc_miss=1948 ctrl_sent=26320 infer_avg=0.11ms
[RTX-GST] RTP_RX pkts=124710 meta=29559 frames_rx=29597
[RTX-GST] RTP_RX pkts=124740 meta=29566 frames_rx=29605
[RTX-GST] RTP_RX pkts=124770 meta=29572 frames_rx=29611
[RTX-GST] RTP_RX pkts=124800 meta=29579 frames_rx=29618
[RTX-GST] RTP_RX pkts=124830 meta=29587 frames_rx=29625
[RTX-GST] RTP_RX pkts=124860 meta=29595 frames_rx=29633
[RTX-GST] VIDEO frames_rx=29636 fps=22.2 assoc_ok=26339 assoc_miss=1950 ctrl_sent=26339 infer_avg=0.08ms
[RTX-GST] RTP_RX pkts=124890 meta=29600 frames_rx=29638
[RTX-GST] RTP_RX pkts=124920 meta=29608 frames_rx=29646
[RTX-GST] RTP_RX pkts=124950 meta=29615 frames_rx=29653
[RTX-GST] RTP_RX pkts=124980 meta=29623 frames_rx=29661
[RTX-GST] VIDEO frames_rx=29666 fps=22.2 assoc_ok=26366 assoc_miss=1953 ctrl_sent=26366 infer_avg=0.07ms
[RTX-GST] RTP_RX pkts=125010 meta=29629 frames_rx=29667
[RTX-GST] RTP_RX pkts=125040 meta=29636 frames_rx=29674
[RTX-GST] RTP_RX pkts=125070 meta=29644 frames_rx=29682
[RTX-GST] RTP_RX pkts=125100 meta=29651 frames_rx=29689
[RTX-GST] RTP_RX pkts=125130 meta=29657 frames_rx=29695
[RTX-GST] VIDEO frames_rx=29698 fps=22.3 assoc_ok=26396 assoc_miss=1953 ctrl_sent=26396 infer_avg=0.09ms
[RTX-GST] SAVED n=26400 dropped=0 recv2save_p50=1.03ms recv2save_p95=1.53ms
[RTX-GST] RTP_RX pkts=125160 meta=29664 frames_rx=29702
[RTX-GST] RTP_RX pkts=125190 meta=29672 frames_rx=29710
[RTX-GST] RTP_RX pkts=125220 meta=29679 frames_rx=29717
[RTX-GST] RTP_RX pkts=125250 meta=29687 frames_rx=29725
[RTX-GST] VIDEO frames_rx=29728 fps=22.3 assoc_ok=26427 assoc_miss=1953 ctrl_sent=26427 infer_avg=0.07ms
[RTX-GST] RTP_RX pkts=125280 meta=29693 frames_rx=29731
[RTX-GST] RTP_RX pkts=125310 meta=29700 frames_rx=29738
[RTX-GST] RTP_RX pkts=125340 meta=29708 frames_rx=29746
[RTX-GST] RTP_RX pkts=125370 meta=29715 frames_rx=29753
[RTX-GST] VIDEO frames_rx=29759 fps=22.3 assoc_ok=26456 assoc_miss=1955 ctrl_sent=26456 infer_avg=0.06ms
[RTX-GST] RTP_RX pkts=125400 meta=29721 frames_rx=29759
[RTX-GST] RTP_RX pkts=125430 meta=29727 frames_rx=29766
[RTX-GST] RTP_RX pkts=125460 meta=29735 frames_rx=29774
[RTX-GST] RTP_RX pkts=125490 meta=29742 frames_rx=29781
[RTX-GST] RTP_RX pkts=125520 meta=29748 frames_rx=29787
[RTX-GST] VIDEO frames_rx=29789 fps=22.3 assoc_ok=26467 assoc_miss=1956 ctrl_sent=26467 infer_avg=0.07ms
[RTX-GST] RTP_RX pkts=125550 meta=29756 frames_rx=29795
[RTX-GST] RTP_RX pkts=125580 meta=29763 frames_rx=29802
[RTX-GST] RTP_RX pkts=125610 meta=29771 frames_rx=29810
[RTX-GST] RTP_RX pkts=125640 meta=29777 frames_rx=29815
[RTX-GST] VIDEO frames_rx=29820 fps=22.3 assoc_ok=26497 assoc_miss=1957 ctrl_sent=26497 infer_avg=0.09ms
[RTX-GST] RTP_RX pkts=125670 meta=29784 frames_rx=29823
[RTX-GST] SAVED n=26500 dropped=0 recv2save_p50=0.98ms recv2save_p95=1.47ms
[RTX-GST] RTP_RX pkts=125700 meta=29791 frames_rx=29830
[RTX-GST] RTP_RX pkts=125730 meta=29799 frames_rx=29838
[RTX-GST] RTP_RX pkts=125760 meta=29806 frames_rx=29845
[RTX-GST] RTP_RX pkts=125790 meta=29812 frames_rx=29851
[RTX-GST] VIDEO frames_rx=29852 fps=22.3 assoc_ok=26526 assoc_miss=1959 ctrl_sent=26526 infer_avg=0.13ms
[RTX-GST] RTP_RX pkts=125820 meta=29820 frames_rx=29859
[RTX-GST] RTP_RX pkts=125850 meta=29827 frames_rx=29866
[RTX-GST] RTP_RX pkts=125880 meta=29835 frames_rx=29874
[RTX-GST] RTP_RX pkts=125910 meta=29840 frames_rx=29879
[RTX-GST] VIDEO frames_rx=29882 fps=22.3 assoc_ok=26554 assoc_miss=1960 ctrl_sent=26554 infer_avg=0.08ms
[RTX-GST] RTP_RX pkts=125940 meta=29848 frames_rx=29887
[RTX-GST] RTP_RX pkts=125970 meta=29855 frames_rx=29894
[RTX-GST] RTP_RX pkts=126000 meta=29863 frames_rx=29902
[RTX-GST] RTP_RX pkts=126030 meta=29869 frames_rx=29908
[RTX-GST] VIDEO frames_rx=29915 fps=22.3 assoc_ok=26583 assoc_miss=1963 ctrl_sent=26583 infer_avg=0.07ms
[RTX-GST] RTP_RX pkts=126060 meta=29876 frames_rx=29915
[RTX-GST] RTP_RX pkts=126090 meta=29883 frames_rx=29923
[RTX-GST] RTP_RX pkts=126120 meta=29889 frames_rx=29929
[RTX-GST] VIDEO frames_rx=29933 fps=22.3 assoc_ok=26597 assoc_miss=1965 ctrl_sent=26597 infer_avg=0.09ms
[RTX-GST] SAVED n=26600 dropped=0 recv2save_p50=0.95ms recv2save_p95=1.38ms
[RTX-GST] RTP_RX pkts=126150 meta=29897 frames_rx=29937
[RTX-GST] RTP_RX pkts=126180 meta=29904 frames_rx=29944
[RTX-GST] RTP_RX pkts=126210 meta=29912 frames_rx=29952
[RTX-GST] RTP_RX pkts=126240 meta=29917 frames_rx=29957
[RTX-GST] VIDEO frames_rx=29964 fps=22.3 assoc_ok=26626 assoc_miss=1967 ctrl_sent=26626 infer_avg=0.08ms
[RTX-GST] RTP_RX pkts=126270 meta=29925 frames_rx=29965
[RTX-GST] RTP_RX pkts=126300 meta=29932 frames_rx=29972
[RTX-GST] RTP_RX pkts=126330 meta=29941 frames_rx=29979
[RTX-GST] RTP_RX pkts=126360 meta=29946 frames_rx=29986
[RTX-GST] RTP_RX pkts=126390 meta=29953 frames_rx=29993
[RTX-GST] VIDEO frames_rx=29995 fps=22.3 assoc_ok=26645 assoc_miss=1973 ctrl_sent=26645 infer_avg=0.06ms
[RTX-GST] RTP_RX pkts=126420 meta=29961 frames_rx=30001
[RTX-GST] RTP_RX pkts=126450 meta=29968 frames_rx=30008
[RTX-GST] RTP_RX pkts=126480 meta=29974 frames_rx=30014
[RTX-GST] RTP_RX pkts=126510 meta=29981 frames_rx=30021
[RTX-GST] VIDEO frames_rx=30026 fps=22.3 assoc_ok=26674 assoc_miss=1974 ctrl_sent=26674 infer_avg=0.06ms
[RTX-GST] RTP_RX pkts=126540 meta=29989 frames_rx=30029
[RTX-GST] RTP_RX pkts=126570 meta=29996 frames_rx=30036
[RTX-GST] RTP_RX pkts=126600 meta=30003 frames_rx=30043
[RTX-GST] RTP_RX pkts=126630 meta=30010 frames_rx=30050
[RTX-GST] SAVED n=26700 dropped=0 recv2save_p50=0.95ms recv2save_p95=1.37ms
[RTX-GST] VIDEO frames_rx=30056 fps=22.3 assoc_ok=26702 assoc_miss=1975 ctrl_sent=26702 infer_avg=0.07ms
[RTX-GST] RTP_RX pkts=126660 meta=30018 frames_rx=30057
[RTX-GST] RTP_RX pkts=126690 meta=30025 frames_rx=30065
[RTX-GST] RTP_RX pkts=126720 meta=30032 frames_rx=30072
[RTX-GST] RTP_RX pkts=126750 meta=30038 frames_rx=30079
[RTX-GST] RTP_RX pkts=126780 meta=30045 frames_rx=30086
[RTX-GST] VIDEO frames_rx=30086 fps=22.3 assoc_ok=26726 assoc_miss=1976 ctrl_sent=26726 infer_avg=0.09ms
[RTX-GST] RTP_RX pkts=126810 meta=30053 frames_rx=30093
[RTX-GST] RTP_RX pkts=126840 meta=30060 frames_rx=30101
[RTX-GST] RTP_RX pkts=126870 meta=30066 frames_rx=30106
[RTX-GST] RTP_RX pkts=126900 meta=30074 frames_rx=30114
[RTX-GST] VIDEO frames_rx=30117 fps=22.3 assoc_ok=26754 assoc_miss=1978 ctrl_sent=26754 infer_avg=0.07ms
[RTX-GST] RTP_RX pkts=126930 meta=30081 frames_rx=30121
[RTX-GST] RTP_RX pkts=126960 meta=30089 frames_rx=30129
[RTX-GST] RTP_RX pkts=126990 meta=30094 frames_rx=30135
[RTX-GST] RTP_RX pkts=127020 meta=30102 frames_rx=30142
[RTX-GST] VIDEO frames_rx=30147 fps=22.3 assoc_ok=26780 assoc_miss=1981 ctrl_sent=26780 infer_avg=0.06ms
[RTX-GST] RTP_RX pkts=127050 meta=30109 frames_rx=30149
[RTX-GST] RTP_RX pkts=127080 meta=30117 frames_rx=30157
[RTX-GST] RTP_RX pkts=127110 meta=30123 frames_rx=30163
[RTX-GST] SAVED n=26800 dropped=0 recv2save_p50=0.94ms recv2save_p95=1.36ms
[RTX-GST] RTP_RX pkts=127140 meta=30130 frames_rx=30170
[RTX-GST] VIDEO frames_rx=30177 fps=22.3 assoc_ok=26809 assoc_miss=1981 ctrl_sent=26809 infer_avg=0.06ms
[RTX-GST] RTP_RX pkts=127170 meta=30138 frames_rx=30178
[RTX-GST] RTP_RX pkts=127200 meta=30145 frames_rx=30185
[RTX-GST] RTP_RX pkts=127230 meta=30153 frames_rx=30193
[RTX-GST] RTP_RX pkts=127260 meta=30158 frames_rx=30199
[RTX-GST] RTP_RX pkts=127290 meta=30166 frames_rx=30206
[RTX-GST] VIDEO frames_rx=30208 fps=22.3 assoc_ok=26840 assoc_miss=1981 ctrl_sent=26840 infer_avg=0.06ms
[RTX-GST] RTP_RX pkts=127320 meta=30173 frames_rx=30214
[RTX-GST] RTP_RX pkts=127350 meta=30181 frames_rx=30221
[RTX-GST] RTP_RX pkts=127380 meta=30187 frames_rx=30227
[RTX-GST] RTP_RX pkts=127410 meta=30194 frames_rx=30234
[RTX-GST] VIDEO frames_rx=30239 fps=22.3 assoc_ok=26865 assoc_miss=1982 ctrl_sent=26865 infer_avg=0.07ms
[RTX-GST] RTP_RX pkts=127440 meta=30202 frames_rx=30242
[RTX-GST] RTP_RX pkts=127470 meta=30209 frames_rx=30249
[RTX-GST] RTP_RX pkts=127500 meta=30215 frames_rx=30255
[RTX-GST] RTP_RX pkts=127530 meta=30222 frames_rx=30262
[RTX-GST] RTP_RX pkts=127560 meta=30230 frames_rx=30270
[RTX-GST] VIDEO frames_rx=30271 fps=22.4 assoc_ok=26892 assoc_miss=1985 ctrl_sent=26892 infer_avg=0.08ms
[RTX-GST] RTP_RX pkts=127590 meta=30237 frames_rx=30277
[RTX-GST] SAVED n=26900 dropped=0 recv2save_p50=0.93ms recv2save_p95=1.33ms
[RTX-GST] RTP_RX pkts=127620 meta=30244 frames_rx=30283
[RTX-GST] RTP_RX pkts=127650 meta=30251 frames_rx=30291
[RTX-GST] RTP_RX pkts=127680 meta=30258 frames_rx=30298
[RTX-GST] VIDEO frames_rx=30301 fps=22.4 assoc_ok=26922 assoc_miss=1986 ctrl_sent=26922 infer_avg=0.08ms
[RTX-GST] RTP_RX pkts=127710 meta=30266 frames_rx=30306
[RTX-GST] RTP_RX pkts=127740 meta=30273 frames_rx=30313
[RTX-GST] RTP_RX pkts=127770 meta=30279 frames_rx=30319
[RTX-GST] RTP_RX pkts=127800 meta=30286 frames_rx=30327
[RTX-GST] VIDEO frames_rx=30331 fps=22.4 assoc_ok=26951 assoc_miss=1987 ctrl_sent=26951 infer_avg=0.08ms
[RTX-GST] RTP_RX pkts=127830 meta=30294 frames_rx=30334
[RTX-GST] RTP_RX pkts=127860 meta=30301 frames_rx=30342
[RTX-GST] RTP_RX pkts=127890 meta=30307 frames_rx=30347
[RTX-GST] RTP_RX pkts=127920 meta=30314 frames_rx=30355
[RTX-GST] VIDEO frames_rx=30362 fps=22.4 assoc_ok=26980 assoc_miss=1989 ctrl_sent=26980 infer_avg=0.10ms
[RTX-GST] RTP_RX pkts=127950 meta=30322 frames_rx=30362
[RTX-GST] RTP_RX pkts=127980 meta=30330 frames_rx=30370
[RTX-GST] RTP_RX pkts=128010 meta=30335 frames_rx=30375
[RTX-GST] RTP_RX pkts=128040 meta=30343 frames_rx=30383
[RTX-GST] SAVED n=27000 dropped=0 recv2save_p50=0.94ms recv2save_p95=1.35ms
[RTX-GST] RTP_RX pkts=128070 meta=30350 frames_rx=30390
[RTX-GST] VIDEO frames_rx=30392 fps=22.4 assoc_ok=27005 assoc_miss=1991 ctrl_sent=27005 infer_avg=0.09ms
[RTX-GST] RTP_RX pkts=128100 meta=30358 frames_rx=30398
[RTX-GST] RTP_RX pkts=128130 meta=30364 frames_rx=30403
[RTX-GST] RTP_RX pkts=128160 meta=30371 frames_rx=30411
[RTX-GST] RTP_RX pkts=128190 meta=30379 frames_rx=30419
[RTX-GST] VIDEO frames_rx=30423 fps=22.4 assoc_ok=27033 assoc_miss=1994 ctrl_sent=27033 infer_avg=0.07ms
[RTX-GST] RTP_RX pkts=128220 meta=30386 frames_rx=30426
[RTX-GST] RTP_RX pkts=128250 meta=30393 frames_rx=30433
[RTX-GST] RTP_RX pkts=128280 meta=30399 frames_rx=30439
[RTX-GST] RTP_RX pkts=128310 meta=30407 frames_rx=30447
[RTX-GST] VIDEO frames_rx=30454 fps=22.4 assoc_ok=27063 assoc_miss=1995 ctrl_sent=27063 infer_avg=0.06ms
[RTX-GST] RTP_RX pkts=128340 meta=30414 frames_rx=30454
[RTX-GST] RTP_RX pkts=128370 meta=30422 frames_rx=30462
[RTX-GST] RTP_RX pkts=128400 meta=30428 frames_rx=30468
[RTX-GST] RTP_RX pkts=128430 meta=30435 frames_rx=30475
[RTX-GST] RTP_RX pkts=128460 meta=30443 frames_rx=30483
[RTX-GST] VIDEO frames_rx=30485 fps=22.4 assoc_ok=27092 assoc_miss=1997 ctrl_sent=27092 infer_avg=0.08ms
[RTX-GST] RTP_RX pkts=128490 meta=30450 frames_rx=30490
[RTX-GST] SAVED n=27100 dropped=0 recv2save_p50=0.95ms recv2save_p95=1.37ms
[RTX-GST] RTP_RX pkts=128520 meta=30456 frames_rx=30496
[RTX-GST] RTP_RX pkts=128550 meta=30463 frames_rx=30503
[RTX-GST] RTP_RX pkts=128580 meta=30471 frames_rx=30511
[RTX-GST] VIDEO frames_rx=30515 fps=22.4 assoc_ok=27119 assoc_miss=2000 ctrl_sent=27119 infer_avg=0.07ms
[RTX-GST] RTP_RX pkts=128610 meta=30478 frames_rx=30518
[RTX-GST] RTP_RX pkts=128640 meta=30484 frames_rx=30524
[RTX-GST] RTP_RX pkts=128670 meta=30492 frames_rx=30532
[RTX-GST] RTP_RX pkts=128700 meta=30499 frames_rx=30539
[RTX-GST] VIDEO frames_rx=30545 fps=22.4 assoc_ok=27146 assoc_miss=2000 ctrl_sent=27146 infer_avg=0.12ms
[RTX-GST] RTP_RX pkts=128730 meta=30507 frames_rx=30547
[RTX-GST] RTP_RX pkts=128760 meta=30513 frames_rx=30553
[RTX-GST] RTP_RX pkts=128790 meta=30520 frames_rx=30560
[RTX-GST] RTP_RX pkts=128820 meta=30527 frames_rx=30567
[RTX-GST] RTP_RX pkts=128850 meta=30535 frames_rx=30575
[RTX-GST] VIDEO frames_rx=30576 fps=22.4 assoc_ok=27176 assoc_miss=2000 ctrl_sent=27176 infer_avg=0.08ms
[RTX-GST] RTP_RX pkts=128880 meta=30542 frames_rx=30582
[RTX-GST] RTP_RX pkts=128910 meta=30548 frames_rx=30588
[RTX-GST] RTP_RX pkts=128940 meta=30556 frames_rx=30596
[RTX-GST] SAVED n=27200 dropped=0 recv2save_p50=0.97ms recv2save_p95=1.37ms
[RTX-GST] RTP_RX pkts=128970 meta=30563 frames_rx=30603
[RTX-GST] VIDEO frames_rx=30608 fps=22.4 assoc_ok=27207 assoc_miss=2000 ctrl_sent=27207 infer_avg=0.08ms
[RTX-GST] RTP_RX pkts=129000 meta=30571 frames_rx=30611
[RTX-GST] RTP_RX pkts=129030 meta=30576 frames_rx=30616
[RTX-GST] RTP_RX pkts=129060 meta=30584 frames_rx=30624
[RTX-GST] RTP_RX pkts=129090 meta=30591 frames_rx=30631
[RTX-GST] VIDEO frames_rx=30638 fps=22.4 assoc_ok=27236 assoc_miss=2001 ctrl_sent=27236 infer_avg=0.09ms
[RTX-GST] RTP_RX pkts=129120 meta=30599 frames_rx=30639
[RTX-GST] RTP_RX pkts=129150 meta=30605 frames_rx=30645
[RTX-GST] RTP_RX pkts=129180 meta=30613 frames_rx=30653
[RTX-GST] RTP_RX pkts=129210 meta=30620 frames_rx=30660
[RTX-GST] RTP_RX pkts=129240 meta=30627 frames_rx=30667
[RTX-GST] VIDEO frames_rx=30668 fps=22.4 assoc_ok=27266 assoc_miss=2002 ctrl_sent=27266 infer_avg=0.10ms
[RTX-GST] RTP_RX pkts=129270 meta=30635 frames_rx=30674
[RTX-GST] RTP_RX pkts=129300 meta=30641 frames_rx=30681
[RTX-GST] RTP_RX pkts=129330 meta=30648 frames_rx=30688
[RTX-GST] RTP_RX pkts=129360 meta=30655 frames_rx=30695
[RTX-GST] VIDEO frames_rx=30699 fps=22.4 assoc_ok=27295 assoc_miss=2003 ctrl_sent=27295 infer_avg=0.07ms
[RTX-GST] RTP_RX pkts=129390 meta=30663 frames_rx=30703
[RTX-GST] SAVED n=27300 dropped=0 recv2save_p50=0.98ms recv2save_p95=1.37ms
[RTX-GST] RTP_RX pkts=129420 meta=30668 frames_rx=30709
[RTX-GST] RTP_RX pkts=129450 meta=30676 frames_rx=30716
[RTX-GST] RTP_RX pkts=129480 meta=30684 frames_rx=30724
[RTX-GST] VIDEO frames_rx=30729 fps=22.4 assoc_ok=27322 assoc_miss=2006 ctrl_sent=27322 infer_avg=0.06ms
[RTX-GST] RTP_RX pkts=129510 meta=30691 frames_rx=30731
[RTX-GST] RTP_RX pkts=129540 meta=30697 frames_rx=30737
[RTX-GST] RTP_RX pkts=129570 meta=30704 frames_rx=30744
[RTX-GST] RTP_RX pkts=129600 meta=30712 frames_rx=30752
[RTX-GST] RTP_RX pkts=129630 meta=30719 frames_rx=30759
[RTX-GST] VIDEO frames_rx=30760 fps=22.4 assoc_ok=27353 assoc_miss=2006 ctrl_sent=27353 infer_avg=0.08ms
[RTX-GST] RTP_RX pkts=129660 meta=30725 frames_rx=30765
[RTX-GST] RTP_RX pkts=129690 meta=30733 frames_rx=30773
[RTX-GST] RTP_RX pkts=129720 meta=30740 frames_rx=30780
[RTX-GST] RTP_RX pkts=129750 meta=30748 frames_rx=30788
[RTX-GST] VIDEO frames_rx=30793 fps=22.5 assoc_ok=27383 assoc_miss=2006 ctrl_sent=27383 infer_avg=0.06ms
[RTX-GST] RTP_RX pkts=129780 meta=30754 frames_rx=30793
[RTX-GST] RTP_RX pkts=129810 meta=30761 frames_rx=30801
[RTX-GST] RTP_RX pkts=129840 meta=30768 frames_rx=30809
[RTX-GST] SAVED n=27400 dropped=0 recv2save_p50=0.97ms recv2save_p95=1.37ms
[RTX-GST] RTP_RX pkts=129870 meta=30776 frames_rx=30816
[RTX-GST] RTP_RX pkts=129900 meta=30783 frames_rx=30823
[RTX-GST] VIDEO frames_rx=30825 fps=22.5 assoc_ok=27410 assoc_miss=2010 ctrl_sent=27410 infer_avg=0.06ms
[RTX-GST] RTP_RX pkts=129930 meta=30789 frames_rx=30829
[RTX-GST] RTP_RX pkts=129960 meta=30797 frames_rx=30837
[RTX-GST] RTP_RX pkts=129990 meta=30804 frames_rx=30844
[RTX-GST] RTP_RX pkts=130020 meta=30812 frames_rx=30852
[RTX-GST] VIDEO frames_rx=30856 fps=22.5 assoc_ok=27440 assoc_miss=2012 ctrl_sent=27440 infer_avg=0.07ms
[RTX-GST] RTP_RX pkts=130050 meta=30817 frames_rx=30857
[RTX-GST] RTP_RX pkts=130080 meta=30825 frames_rx=30865
[RTX-GST] RTP_RX pkts=130110 meta=30832 frames_rx=30873
[RTX-GST] RTP_RX pkts=130140 meta=30840 frames_rx=30880
[RTX-GST] RTP_RX pkts=130170 meta=30846 frames_rx=30886
[RTX-GST] VIDEO frames_rx=30887 fps=22.5 assoc_ok=27470 assoc_miss=2013 ctrl_sent=27470 infer_avg=0.07ms
[RTX-GST] RTP_RX pkts=130200 meta=30853 frames_rx=30893
[RTX-GST] RTP_RX pkts=130230 meta=30861 frames_rx=30901
[RTX-GST] RTP_RX pkts=130260 meta=30869 frames_rx=30908
[RTX-GST] RTP_RX pkts=130290 meta=30874 frames_rx=30914
[RTX-GST] VIDEO frames_rx=30917 fps=22.5 assoc_ok=27488 assoc_miss=2016 ctrl_sent=27488 infer_avg=0.08ms
[RTX-GST] RTP_RX pkts=130320 meta=30882 frames_rx=30922
[RTX-GST] RTP_RX pkts=130350 meta=30889 frames_rx=30929
[RTX-GST] SAVED n=27500 dropped=0 recv2save_p50=0.96ms recv2save_p95=1.34ms
[RTX-GST] RTP_RX pkts=130380 meta=30897 frames_rx=30937
[RTX-GST] RTP_RX pkts=130410 meta=30903 frames_rx=30943
[RTX-GST] VIDEO frames_rx=30948 fps=22.5 assoc_ok=27517 assoc_miss=2018 ctrl_sent=27517 infer_avg=0.07ms
[RTX-GST] RTP_RX pkts=130440 meta=30910 frames_rx=30950
[RTX-GST] RTP_RX pkts=130470 meta=30917 frames_rx=30958
[RTX-GST] RTP_RX pkts=130500 meta=30925 frames_rx=30965
[RTX-GST] RTP_RX pkts=130530 meta=30932 frames_rx=30972
[RTX-GST] RTP_RX pkts=130560 meta=30938 frames_rx=30978
[RTX-GST] VIDEO frames_rx=30981 fps=22.5 assoc_ok=27547 assoc_miss=2018 ctrl_sent=27547 infer_avg=0.07ms
[RTX-GST] RTP_RX pkts=130590 meta=30946 frames_rx=30986
[RTX-GST] RTP_RX pkts=130620 meta=30953 frames_rx=30994
[RTX-GST] RTP_RX pkts=130650 meta=30961 frames_rx=31001
[RTX-GST] RTP_RX pkts=130680 meta=30966 frames_rx=31006
[RTX-GST] VIDEO frames_rx=31007 fps=22.5 assoc_ok=27572 assoc_miss=2020 ctrl_sent=27572 infer_avg=0.09ms
[RTX-GST] RTP_RX pkts=130710 meta=30974 frames_rx=31014
[RTX-GST] RTP_RX pkts=130740 meta=30981 frames_rx=31022
[RTX-GST] RTP_RX pkts=130770 meta=30989 frames_rx=31029
[RTX-GST] RTP_RX pkts=130800 meta=30995 frames_rx=31035
[RTX-GST] SAVED n=27600 dropped=0 recv2save_p50=0.96ms recv2save_p95=1.31ms
[RTX-GST] VIDEO frames_rx=31042 fps=22.5 assoc_ok=27605 assoc_miss=2022 ctrl_sent=27605 infer_avg=0.08ms
[RTX-GST] RTP_RX pkts=130830 meta=31002 frames_rx=31042
[RTX-GST] RTP_RX pkts=130860 meta=31010 frames_rx=31050
[RTX-GST] RTP_RX pkts=130890 meta=31017 frames_rx=31057
[RTX-GST] RTP_RX pkts=130920 meta=31023 frames_rx=31063
[RTX-GST] RTP_RX pkts=130950 meta=31030 frames_rx=31070
[RTX-GST] VIDEO frames_rx=31073 fps=22.5 assoc_ok=27636 assoc_miss=2022 ctrl_sent=27636 infer_avg=0.07ms
[RTX-GST] RTP_RX pkts=130980 meta=31038 frames_rx=31078
[RTX-GST] RTP_RX pkts=131010 meta=31045 frames_rx=31086
[RTX-GST] RTP_RX pkts=131040 meta=31053 frames_rx=31093
[RTX-GST] RTP_RX pkts=131070 meta=31059 frames_rx=31099
[RTX-GST] VIDEO frames_rx=31104 fps=22.5 assoc_ok=27666 assoc_miss=2023 ctrl_sent=27666 infer_avg=0.07ms
[RTX-GST] RTP_RX pkts=131100 meta=31066 frames_rx=31106
[RTX-GST] RTP_RX pkts=131130 meta=31074 frames_rx=31114
[RTX-GST] RTP_RX pkts=131160 meta=31081 frames_rx=31122
[RTX-GST] RTP_RX pkts=131190 meta=31087 frames_rx=31127
[RTX-GST] RTP_RX pkts=131220 meta=31094 frames_rx=31135
[RTX-GST] VIDEO frames_rx=31136 fps=22.5 assoc_ok=27692 assoc_miss=2025 ctrl_sent=27692 infer_avg=0.07ms
[RTX-GST] RTP_RX pkts=131250 meta=31102 frames_rx=31142
[RTX-GST] SAVED n=27700 dropped=0 recv2save_p50=0.96ms recv2save_p95=1.29ms
[RTX-GST] RTP_RX pkts=131280 meta=31108 frames_rx=31148
[RTX-GST] RTP_RX pkts=131310 meta=31115 frames_rx=31155
[RTX-GST] RTP_RX pkts=131340 meta=31123 frames_rx=31163
[RTX-GST] VIDEO frames_rx=31167 fps=22.5 assoc_ok=27723 assoc_miss=2025 ctrl_sent=27723 infer_avg=0.07ms
[RTX-GST] RTP_RX pkts=131370 meta=31130 frames_rx=31170
[RTX-GST] RTP_RX pkts=131400 meta=31136 frames_rx=31176
[RTX-GST] RTP_RX pkts=131430 meta=31143 frames_rx=31183
[RTX-GST] RTP_RX pkts=131460 meta=31151 frames_rx=31191
[RTX-GST] VIDEO frames_rx=31198 fps=22.5 assoc_ok=27750 assoc_miss=2029 ctrl_sent=27750 infer_avg=0.07ms
[RTX-GST] RTP_RX pkts=131490 meta=31158 frames_rx=31198
[RTX-GST] RTP_RX pkts=131520 meta=31164 frames_rx=31204
[RTX-GST] RTP_RX pkts=131550 meta=31172 frames_rx=31212
[RTX-GST] RTP_RX pkts=131580 meta=31179 frames_rx=31219
[RTX-GST] RTP_RX pkts=131610 meta=31187 frames_rx=31227
[RTX-GST] VIDEO frames_rx=31228 fps=22.5 assoc_ok=27778 assoc_miss=2031 ctrl_sent=27778 infer_avg=0.08ms
[RTX-GST] RTP_RX pkts=131640 meta=31192 frames_rx=31232
[RTX-GST] RTP_RX pkts=131670 meta=31200 frames_rx=31240
[RTX-GST] RTP_RX pkts=131700 meta=31207 frames_rx=31247
[RTX-GST] SAVED n=27800 dropped=0 recv2save_p50=0.95ms recv2save_p95=1.29ms
[RTX-GST] RTP_RX pkts=131730 meta=31215 frames_rx=31255
[RTX-GST] VIDEO frames_rx=31258 fps=22.5 assoc_ok=27808 assoc_miss=2031 ctrl_sent=27808 infer_avg=0.08ms
[RTX-GST] RTP_RX pkts=131760 meta=31222 frames_rx=31262
[RTX-GST] RTP_RX pkts=131790 meta=31228 frames_rx=31268
[RTX-GST] RTP_RX pkts=131820 meta=31236 frames_rx=31276
[RTX-GST] RTP_RX pkts=131850 meta=31243 frames_rx=31283
[RTX-GST] VIDEO frames_rx=31289 fps=22.5 assoc_ok=27836 assoc_miss=2031 ctrl_sent=27836 infer_avg=0.08ms
[RTX-GST] RTP_RX pkts=131880 meta=31251 frames_rx=31291
[RTX-GST] RTP_RX pkts=131910 meta=31256 frames_rx=31296
[RTX-GST] RTP_RX pkts=131940 meta=31264 frames_rx=31304
[RTX-GST] RTP_RX pkts=131970 meta=31271 frames_rx=31311
[RTX-GST] RTP_RX pkts=132000 meta=31279 frames_rx=31319
[RTX-GST] VIDEO frames_rx=31320 fps=22.5 assoc_ok=27866 assoc_miss=2032 ctrl_sent=27866 infer_avg=0.08ms
[RTX-GST] RTP_RX pkts=132030 meta=31285 frames_rx=31325
[RTX-GST] RTP_RX pkts=132060 meta=31292 frames_rx=31332
[RTX-GST] RTP_RX pkts=132090 meta=31300 frames_rx=31340
[RTX-GST] RTP_RX pkts=132120 meta=31307 frames_rx=31347
[RTX-GST] VIDEO frames_rx=31351 fps=22.5 assoc_ok=27895 assoc_miss=2034 ctrl_sent=27895 infer_avg=0.08ms
[RTX-GST] RTP_RX pkts=132150 meta=31313 frames_rx=31353
[RTX-GST] SAVED n=27900 dropped=0 recv2save_p50=0.96ms recv2save_p95=1.29ms
[RTX-GST] RTP_RX pkts=132180 meta=31320 frames_rx=31360
[RTX-GST] RTP_RX pkts=132210 meta=31328 frames_rx=31368
[RTX-GST] RTP_RX pkts=132240 meta=31335 frames_rx=31375
[RTX-GST] VIDEO frames_rx=31382 fps=22.6 assoc_ok=27922 assoc_miss=2038 ctrl_sent=27922 infer_avg=0.09ms
[RTX-GST] RTP_RX pkts=132270 meta=31342 frames_rx=31382
[RTX-GST] RTP_RX pkts=132300 meta=31349 frames_rx=31389
[RTX-GST] RTP_RX pkts=132330 meta=31356 frames_rx=31396
[RTX-GST] RTP_RX pkts=132360 meta=31364 frames_rx=31404
[RTX-GST] RTP_RX pkts=132390 meta=31371 frames_rx=31411
[RTX-GST] VIDEO frames_rx=31412 fps=22.6 assoc_ok=27948 assoc_miss=2041 ctrl_sent=27948 infer_avg=0.05ms
[RTX-GST] RTP_RX pkts=132420 meta=31377 frames_rx=31417
[RTX-GST] RTP_RX pkts=132450 meta=31384 frames_rx=31424
[RTX-GST] RTP_RX pkts=132480 meta=31392 frames_rx=31432
[RTX-GST] RTP_RX pkts=132510 meta=31399 frames_rx=31439
[RTX-GST] VIDEO frames_rx=31442 fps=22.6 assoc_ok=27975 assoc_miss=2042 ctrl_sent=27975 infer_avg=0.07ms
[RTX-GST] RTP_RX pkts=132540 meta=31405 frames_rx=31445
[RTX-GST] RTP_RX pkts=132570 meta=31413 frames_rx=31453
[RTX-GST] RTP_RX pkts=132600 meta=31420 frames_rx=31461
[RTX-GST] RTP_RX pkts=132630 meta=31428 frames_rx=31468
[RTX-GST] SAVED n=28000 dropped=0 recv2save_p50=0.97ms recv2save_p95=1.34ms
[RTX-GST] VIDEO frames_rx=31473 fps=22.6 assoc_ok=28004 assoc_miss=2044 ctrl_sent=28004 infer_avg=0.08ms
[RTX-GST] RTP_RX pkts=132660 meta=31433 frames_rx=31473
[RTX-GST] RTP_RX pkts=132690 meta=31441 frames_rx=31481
[RTX-GST] RTP_RX pkts=132720 meta=31448 frames_rx=31488
[RTX-GST] RTP_RX pkts=132750 meta=31456 frames_rx=31496
[RTX-GST] VIDEO frames_rx=31497 fps=22.6 assoc_ok=28025 assoc_miss=2044 ctrl_sent=28025 infer_avg=0.09ms
[RTX-GST] RTP_RX pkts=132780 meta=31462 frames_rx=31502
[RTX-GST] RTP_RX pkts=132810 meta=31469 frames_rx=31509
[RTX-GST] RTP_RX pkts=132840 meta=31477 frames_rx=31517
[RTX-GST] RTP_RX pkts=132870 meta=31484 frames_rx=31524
[RTX-GST] RTP_RX pkts=132900 meta=31492 frames_rx=31532
[RTX-GST] VIDEO frames_rx=31536 fps=22.6 assoc_ok=28057 assoc_miss=2047 ctrl_sent=28057 infer_avg=0.09ms
[RTX-GST] RTP_RX pkts=132930 meta=31497 frames_rx=31537
[RTX-GST] RTP_RX pkts=132960 meta=31505 frames_rx=31545
[RTX-GST] RTP_RX pkts=132990 meta=31512 frames_rx=31552
[RTX-GST] RTP_RX pkts=133020 meta=31520 frames_rx=31560
[RTX-GST] RTP_RX pkts=133050 meta=31526 frames_rx=31566
[RTX-GST] VIDEO frames_rx=31567 fps=22.6 assoc_ok=28085 assoc_miss=2049 ctrl_sent=28085 infer_avg=0.07ms
[RTX-GST] RTP_RX pkts=133080 meta=31533 frames_rx=31573
[RTX-GST] RTP_RX pkts=133110 meta=31541 frames_rx=31581
[RTX-GST] SAVED n=28100 dropped=0 recv2save_p50=0.96ms recv2save_p95=1.34ms
[RTX-GST] RTP_RX pkts=133140 meta=31548 frames_rx=31588
[RTX-GST] RTP_RX pkts=133170 meta=31554 frames_rx=31594
[RTX-GST] VIDEO frames_rx=31597 fps=22.6 assoc_ok=28111 assoc_miss=2050 ctrl_sent=28111 infer_avg=0.11ms
[RTX-GST] RTP_RX pkts=133200 meta=31561 frames_rx=31601
[RTX-GST] RTP_RX pkts=133230 meta=31569 frames_rx=31609
[RTX-GST] RTP_RX pkts=133260 meta=31576 frames_rx=31616
[RTX-GST] RTP_RX pkts=133290 meta=31582 frames_rx=31622
[RTX-GST] VIDEO frames_rx=31627 fps=22.6 assoc_ok=28140 assoc_miss=2051 ctrl_sent=28140 infer_avg=0.07ms
[RTX-GST] RTP_RX pkts=133320 meta=31590 frames_rx=31630
[RTX-GST] RTP_RX pkts=133350 meta=31597 frames_rx=31637
[RTX-GST] RTP_RX pkts=133380 meta=31605 frames_rx=31645
[RTX-GST] RTP_RX pkts=133410 meta=31612 frames_rx=31652
[RTX-GST] VIDEO frames_rx=31658 fps=22.6 assoc_ok=28169 assoc_miss=2053 ctrl_sent=28169 infer_avg=0.07ms
[RTX-GST] RTP_RX pkts=133440 meta=31618 frames_rx=31658
[RTX-GST] RTP_RX pkts=133470 meta=31625 frames_rx=31665
[RTX-GST] RTP_RX pkts=133500 meta=31633 frames_rx=31673
[RTX-GST] RTP_RX pkts=133530 meta=31640 frames_rx=31680
[RTX-GST] RTP_RX pkts=133560 meta=31646 frames_rx=31686
[RTX-GST] VIDEO frames_rx=31689 fps=22.6 assoc_ok=28199 assoc_miss=2054 ctrl_sent=28199 infer_avg=0.10ms
[RTX-GST] SAVED n=28200 dropped=0 recv2save_p50=0.98ms recv2save_p95=1.40ms
[RTX-GST] RTP_RX pkts=133590 meta=31654 frames_rx=31694
[RTX-GST] RTP_RX pkts=133620 meta=31661 frames_rx=31701
[RTX-GST] RTP_RX pkts=133650 meta=31669 frames_rx=31709
[RTX-GST] RTP_RX pkts=133680 meta=31674 frames_rx=31714
[RTX-GST] VIDEO frames_rx=31719 fps=22.6 assoc_ok=28227 assoc_miss=2056 ctrl_sent=28227 infer_avg=0.08ms
[RTX-GST] RTP_RX pkts=133710 meta=31682 frames_rx=31722
[RTX-GST] RTP_RX pkts=133740 meta=31689 frames_rx=31729
[RTX-GST] RTP_RX pkts=133770 meta=31697 frames_rx=31737
[RTX-GST] RTP_RX pkts=133800 meta=31703 frames_rx=31743
[RTX-GST] VIDEO frames_rx=31750 fps=22.6 assoc_ok=28254 assoc_miss=2058 ctrl_sent=28254 infer_avg=0.08ms
[RTX-GST] RTP_RX pkts=133830 meta=31710 frames_rx=31750
[RTX-GST] RTP_RX pkts=133860 meta=31718 frames_rx=31758
[RTX-GST] RTP_RX pkts=133890 meta=31725 frames_rx=31765
[RTX-GST] RTP_RX pkts=133920 meta=31732 frames_rx=31772
[RTX-GST] RTP_RX pkts=133950 meta=31738 frames_rx=31778
[RTX-GST] VIDEO frames_rx=31780 fps=22.6 assoc_ok=28280 assoc_miss=2059 ctrl_sent=28280 infer_avg=0.10ms
[RTX-GST] RTP_RX pkts=133980 meta=31746 frames_rx=31786
[RTX-GST] RTP_RX pkts=134010 meta=31753 frames_rx=31793
[RTX-GST] RTP_RX pkts=134040 meta=31761 frames_rx=31801
[RTX-GST] SAVED n=28300 dropped=0 recv2save_p50=1.00ms recv2save_p95=1.44ms
[RTX-GST] RTP_RX pkts=134070 meta=31767 frames_rx=31807
[RTX-GST] VIDEO frames_rx=31811 fps=22.6 assoc_ok=28309 assoc_miss=2061 ctrl_sent=28309 infer_avg=0.09ms
[RTX-GST] RTP_RX pkts=134100 meta=31774 frames_rx=31814
[RTX-GST] RTP_RX pkts=134130 meta=31782 frames_rx=31822
[RTX-GST] RTP_RX pkts=134160 meta=31789 frames_rx=31829
[RTX-GST] RTP_RX pkts=134190 meta=31795 frames_rx=31835
[RTX-GST] VIDEO frames_rx=31841 fps=22.6 assoc_ok=28339 assoc_miss=2061 ctrl_sent=28339 infer_avg=0.07ms
[RTX-GST] RTP_RX pkts=134220 meta=31802 frames_rx=31842
[RTX-GST] RTP_RX pkts=134250 meta=31810 frames_rx=31850
[RTX-GST] RTP_RX pkts=134280 meta=31817 frames_rx=31857
[RTX-GST] RTP_RX pkts=134310 meta=31823 frames_rx=31863
[RTX-GST] RTP_RX pkts=134340 meta=31830 frames_rx=31870
[RTX-GST] VIDEO frames_rx=31871 fps=22.6 assoc_ok=28367 assoc_miss=2062 ctrl_sent=28367 infer_avg=0.08ms
[RTX-GST] RTP_RX pkts=134370 meta=31838 frames_rx=31878
[RTX-GST] RTP_RX pkts=134400 meta=31845 frames_rx=31885
[RTX-GST] RTP_RX pkts=134430 meta=31852 frames_rx=31892
[RTX-GST] RTP_RX pkts=134460 meta=31859 frames_rx=31899
[RTX-GST] VIDEO frames_rx=31903 fps=22.6 assoc_ok=28397 assoc_miss=2063 ctrl_sent=28397 infer_avg=0.08ms
[RTX-GST] SAVED n=28400 dropped=0 recv2save_p50=1.01ms recv2save_p95=1.44ms
[RTX-GST] RTP_RX pkts=134490 meta=31866 frames_rx=31906
[RTX-GST] RTP_RX pkts=134520 meta=31874 frames_rx=31914
[RTX-GST] RTP_RX pkts=134550 meta=31881 frames_rx=31921
[RTX-GST] RTP_RX pkts=134580 meta=31887 frames_rx=31927
[RTX-GST] VIDEO frames_rx=31933 fps=22.6 assoc_ok=28427 assoc_miss=2064 ctrl_sent=28427 infer_avg=0.09ms
[RTX-GST] RTP_RX pkts=134610 meta=31894 frames_rx=31934
[RTX-GST] RTP_RX pkts=134640 meta=31902 frames_rx=31942
[RTX-GST] RTP_RX pkts=134670 meta=31909 frames_rx=31949
[RTX-GST] RTP_RX pkts=134700 meta=31915 frames_rx=31955
[RTX-GST] RTP_RX pkts=134730 meta=31923 frames_rx=31963
[RTX-GST] VIDEO frames_rx=31964 fps=22.7 assoc_ok=28457 assoc_miss=2065 ctrl_sent=28457 infer_avg=0.07ms
[RTX-GST] RTP_RX pkts=134760 meta=31930 frames_rx=31970
[RTX-GST] RTP_RX pkts=134790 meta=31938 frames_rx=31978
[RTX-GST] RTP_RX pkts=134820 meta=31944 frames_rx=31983
[RTX-GST] RTP_RX pkts=134850 meta=31951 frames_rx=31991
[RTX-GST] VIDEO frames_rx=31995 fps=22.7 assoc_ok=28487 assoc_miss=2066 ctrl_sent=28487 infer_avg=0.07ms
[RTX-GST] RTP_RX pkts=134880 meta=31958 frames_rx=31998
[RTX-GST] RTP_RX pkts=134910 meta=31966 frames_rx=32006
[RTX-GST] SAVED n=28500 dropped=0 recv2save_p50=0.98ms recv2save_p95=1.41ms
[RTX-GST] RTP_RX pkts=134940 meta=31972 frames_rx=32012
[RTX-GST] RTP_RX pkts=134970 meta=31979 frames_rx=32019
[RTX-GST] VIDEO frames_rx=32025 fps=22.7 assoc_ok=28516 assoc_miss=2067 ctrl_sent=28516 infer_avg=0.08ms
[RTX-GST] RTP_RX pkts=135000 meta=31987 frames_rx=32027
[RTX-GST] RTP_RX pkts=135030 meta=31994 frames_rx=32034
[RTX-GST] RTP_RX pkts=135060 meta=32001 frames_rx=32041
[RTX-GST] RTP_RX pkts=135090 meta=32007 frames_rx=32047
[RTX-GST] RTP_RX pkts=135120 meta=32015 frames_rx=32055
[RTX-GST] VIDEO frames_rx=32056 fps=22.7 assoc_ok=28542 assoc_miss=2068 ctrl_sent=28542 infer_avg=0.07ms
[RTX-GST] RTP_RX pkts=135150 meta=32022 frames_rx=32062
[RTX-GST] RTP_RX pkts=135180 meta=32030 frames_rx=32070
[RTX-GST] RTP_RX pkts=135210 meta=32035 frames_rx=32075
[RTX-GST] RTP_RX pkts=135240 meta=32043 frames_rx=32083
[RTX-GST] VIDEO frames_rx=32087 fps=22.7 assoc_ok=28572 assoc_miss=2069 ctrl_sent=28572 infer_avg=0.07ms
[RTX-GST] RTP_RX pkts=135270 meta=32050 frames_rx=32090
[RTX-GST] RTP_RX pkts=135300 meta=32058 frames_rx=32098
[RTX-GST] RTP_RX pkts=135330 meta=32064 frames_rx=32104
[RTX-GST] RTP_RX pkts=135360 meta=32071 frames_rx=32111
[RTX-GST] SAVED n=28600 dropped=0 recv2save_p50=0.97ms recv2save_p95=1.39ms
[RTX-GST] VIDEO frames_rx=32118 fps=22.7 assoc_ok=28601 assoc_miss=2070 ctrl_sent=28601 infer_avg=0.07ms
[RTX-GST] RTP_RX pkts=135390 meta=32079 frames_rx=32119
[RTX-GST] RTP_RX pkts=135420 meta=32086 frames_rx=32126
[RTX-GST] RTP_RX pkts=135450 meta=32092 frames_rx=32132
[RTX-GST] RTP_RX pkts=135480 meta=32099 frames_rx=32139
[RTX-GST] RTP_RX pkts=135510 meta=32107 frames_rx=32147
[RTX-GST] VIDEO frames_rx=32149 fps=22.7 assoc_ok=28632 assoc_miss=2070 ctrl_sent=28632 infer_avg=0.07ms
[RTX-GST] RTP_RX pkts=135540 meta=32114 frames_rx=32154
[RTX-GST] RTP_RX pkts=135570 meta=32122 frames_rx=32162
[RTX-GST] RTP_RX pkts=135600 meta=32128 frames_rx=32168
[RTX-GST] RTP_RX pkts=135630 meta=32135 frames_rx=32175
[RTX-GST] VIDEO frames_rx=32180 fps=22.7 assoc_ok=28660 assoc_miss=2073 ctrl_sent=28660 infer_avg=0.11ms
[RTX-GST] RTP_RX pkts=135660 meta=32143 frames_rx=32183
[RTX-GST] RTP_RX pkts=135690 meta=32150 frames_rx=32190
[RTX-GST] RTP_RX pkts=135720 meta=32156 frames_rx=32197
[RTX-GST] RTP_RX pkts=135750 meta=32163 frames_rx=32203
[RTX-GST] VIDEO frames_rx=32210 fps=22.7 assoc_ok=28684 assoc_miss=2076 ctrl_sent=28684 infer_avg=0.07ms
[RTX-GST] RTP_RX pkts=135780 meta=32171 frames_rx=32211
[RTX-GST] RTP_RX pkts=135810 meta=32178 frames_rx=32218
[RTX-GST] RTP_RX pkts=135840 meta=32185 frames_rx=32224
[RTX-GST] SAVED n=28700 dropped=0 recv2save_p50=0.96ms recv2save_p95=1.38ms
[RTX-GST] RTP_RX pkts=135870 meta=32192 frames_rx=32232
[RTX-GST] RTP_RX pkts=135900 meta=32199 frames_rx=32239
[RTX-GST] VIDEO frames_rx=32241 fps=22.7 assoc_ok=28711 assoc_miss=2078 ctrl_sent=28711 infer_avg=0.09ms
[RTX-GST] RTP_RX pkts=135930 meta=32207 frames_rx=32247
[RTX-GST] RTP_RX pkts=135960 meta=32212 frames_rx=32252
[RTX-GST] RTP_RX pkts=135990 meta=32220 frames_rx=32260
[RTX-GST] RTP_RX pkts=136020 meta=32227 frames_rx=32267
[RTX-GST] VIDEO frames_rx=32273 fps=22.7 assoc_ok=28741 assoc_miss=2078 ctrl_sent=28741 infer_avg=0.11ms
[RTX-GST] RTP_RX pkts=136050 meta=32235 frames_rx=32275
[RTX-GST] RTP_RX pkts=136080 meta=32242 frames_rx=32282
[RTX-GST] RTP_RX pkts=136110 meta=32248 frames_rx=32288
[RTX-GST] RTP_RX pkts=136140 meta=32256 frames_rx=32296
[RTX-GST] VIDEO frames_rx=32303 fps=22.7 assoc_ok=28771 assoc_miss=2078 ctrl_sent=28771 infer_avg=0.10ms
[RTX-GST] RTP_RX pkts=136170 meta=32263 frames_rx=32303
[RTX-GST] RTP_RX pkts=136200 meta=32271 frames_rx=32311
[RTX-GST] RTP_RX pkts=136230 meta=32276 frames_rx=32316
[RTX-GST] RTP_RX pkts=136260 meta=32284 frames_rx=32324
[RTX-GST] RTP_RX pkts=136290 meta=32291 frames_rx=32331
[RTX-GST] VIDEO frames_rx=32333 fps=22.7 assoc_ok=28788 assoc_miss=2078 ctrl_sent=28788 infer_avg=0.08ms
[RTX-GST] RTP_RX pkts=136320 meta=32299 frames_rx=32339
[RTX-GST] RTP_RX pkts=136350 meta=32305 frames_rx=32345
[RTX-GST] SAVED n=28800 dropped=0 recv2save_p50=0.97ms recv2save_p95=1.44ms
[RTX-GST] RTP_RX pkts=136380 meta=32312 frames_rx=32352
[RTX-GST] RTP_RX pkts=136410 meta=32320 frames_rx=32360
[RTX-GST] VIDEO frames_rx=32363 fps=22.7 assoc_ok=28817 assoc_miss=2079 ctrl_sent=28817 infer_avg=0.06ms
[RTX-GST] RTP_RX pkts=136440 meta=32327 frames_rx=32367
[RTX-GST] RTP_RX pkts=136470 meta=32333 frames_rx=32373
[RTX-GST] RTP_RX pkts=136500 meta=32340 frames_rx=32380
[RTX-GST] RTP_RX pkts=136530 meta=32348 frames_rx=32388
[RTX-GST] VIDEO frames_rx=32394 fps=22.7 assoc_ok=28847 assoc_miss=2080 ctrl_sent=28847 infer_avg=0.11ms
[RTX-GST] RTP_RX pkts=136560 meta=32355 frames_rx=32395
[RTX-GST] RTP_RX pkts=136590 meta=32362 frames_rx=32402
[RTX-GST] RTP_RX pkts=136620 meta=32369 frames_rx=32409
[RTX-GST] RTP_RX pkts=136650 meta=32376 frames_rx=32416
[RTX-GST] RTP_RX pkts=136680 meta=32384 frames_rx=32424
[RTX-GST] VIDEO frames_rx=32426 fps=22.7 assoc_ok=28875 assoc_miss=2083 ctrl_sent=28875 infer_avg=0.09ms
[RTX-GST] RTP_RX pkts=136710 meta=32391 frames_rx=32431
[RTX-GST] RTP_RX pkts=136740 meta=32397 frames_rx=32437
[RTX-GST] RTP_RX pkts=136770 meta=32404 frames_rx=32444
[RTX-GST] SAVED n=28900 dropped=0 recv2save_p50=0.98ms recv2save_p95=1.44ms
[RTX-GST] RTP_RX pkts=136800 meta=32412 frames_rx=32452
[RTX-GST] VIDEO frames_rx=32456 fps=22.7 assoc_ok=28905 assoc_miss=2083 ctrl_sent=28905 infer_avg=0.07ms
[RTX-GST] RTP_RX pkts=136830 meta=32419 frames_rx=32459
[RTX-GST] RTP_RX pkts=136860 meta=32425 frames_rx=32465
[RTX-GST] RTP_RX pkts=136890 meta=32433 frames_rx=32473
[RTX-GST] RTP_RX pkts=136920 meta=32440 frames_rx=32480
[RTX-GST] VIDEO frames_rx=32487 fps=22.7 assoc_ok=28934 assoc_miss=2084 ctrl_sent=28934 infer_avg=0.09ms
[RTX-GST] RTP_RX pkts=136950 meta=32448 frames_rx=32488
[RTX-GST] RTP_RX pkts=136980 meta=32453 frames_rx=32493
[RTX-GST] RTP_RX pkts=137010 meta=32461 frames_rx=32501
[RTX-GST] RTP_RX pkts=137040 meta=32468 frames_rx=32508
[RTX-GST] RTP_RX pkts=137070 meta=32476 frames_rx=32516
[RTX-GST] RTP_RX pkts=137100 meta=32482 frames_rx=32522
[RTX-GST] VIDEO frames_rx=32523 fps=22.8 assoc_ok=28949 assoc_miss=2084 ctrl_sent=28949 infer_avg=0.11ms
[RTX-GST] RTP_RX pkts=137130 meta=32489 frames_rx=32529
[RTX-GST] RTP_RX pkts=137160 meta=32497 frames_rx=32537
[RTX-GST] RTP_RX pkts=137190 meta=32504 frames_rx=32544
[RTX-GST] RTP_RX pkts=137220 meta=32512 frames_rx=32552
[RTX-GST] VIDEO frames_rx=32555 fps=22.8 assoc_ok=28978 assoc_miss=2085 ctrl_sent=28978 infer_avg=0.09ms
[RTX-GST] RTP_RX pkts=137250 meta=32517 frames_rx=32557
[RTX-GST] RTP_RX pkts=137280 meta=32525 frames_rx=32565
[RTX-GST] RTP_RX pkts=137310 meta=32532 frames_rx=32572
[RTX-GST] SAVED n=29000 dropped=0 recv2save_p50=1.00ms recv2save_p95=1.47ms
[RTX-GST] RTP_RX pkts=137340 meta=32540 frames_rx=32580
[RTX-GST] VIDEO frames_rx=32585 fps=22.8 assoc_ok=29003 assoc_miss=2086 ctrl_sent=29003 infer_avg=0.07ms
[RTX-GST] RTP_RX pkts=137370 meta=32546 frames_rx=32586
[RTX-GST] RTP_RX pkts=137400 meta=32553 frames_rx=32593
[RTX-GST] RTP_RX pkts=137430 meta=32561 frames_rx=32601
[RTX-GST] RTP_RX pkts=137460 meta=32568 frames_rx=32609
[RTX-GST] RTP_RX pkts=137490 meta=32574 frames_rx=32615
[RTX-GST] VIDEO frames_rx=32616 fps=22.8 assoc_ok=29030 assoc_miss=2088 ctrl_sent=29030 infer_avg=0.10ms
[RTX-GST] RTP_RX pkts=137520 meta=32581 frames_rx=32622
[RTX-GST] RTP_RX pkts=137550 meta=32589 frames_rx=32630
[RTX-GST] RTP_RX pkts=137580 meta=32596 frames_rx=32637
[RTX-GST] RTP_RX pkts=137610 meta=32602 frames_rx=32643
[RTX-GST] VIDEO frames_rx=32646 fps=22.8 assoc_ok=29060 assoc_miss=2089 ctrl_sent=29060 infer_avg=0.07ms
[RTX-GST] RTP_RX pkts=137640 meta=32610 frames_rx=32651
[RTX-GST] RTP_RX pkts=137670 meta=32617 frames_rx=32658
[RTX-GST] RTP_RX pkts=137700 meta=32625 frames_rx=32666
[RTX-GST] RTP_RX pkts=137730 meta=32631 frames_rx=32672
[RTX-GST] VIDEO frames_rx=32676 fps=22.8 assoc_ok=29088 assoc_miss=2090 ctrl_sent=29088 infer_avg=0.08ms
[RTX-GST] RTP_RX pkts=137760 meta=32639 frames_rx=32680
[RTX-GST] RTP_RX pkts=137790 meta=32647 frames_rx=32688
[RTX-GST] SAVED n=29100 dropped=0 recv2save_p50=1.02ms recv2save_p95=1.49ms
[RTX-GST] RTP_RX pkts=137820 meta=32654 frames_rx=32696
[RTX-GST] RTP_RX pkts=137850 meta=32661 frames_rx=32702
[RTX-GST] VIDEO frames_rx=32707 fps=22.8 assoc_ok=29118 assoc_miss=2091 ctrl_sent=29118 infer_avg=0.07ms
[RTX-GST] RTP_RX pkts=137880 meta=32668 frames_rx=32709
[RTX-GST] RTP_RX pkts=137910 meta=32675 frames_rx=32717
[RTX-GST] RTP_RX pkts=137940 meta=32683 frames_rx=32724
[RTX-GST] RTP_RX pkts=137970 meta=32691 frames_rx=32731
[RTX-GST] VIDEO frames_rx=32736 fps=22.8 assoc_ok=29147 assoc_miss=2092 ctrl_sent=29147 infer_avg=0.07ms
[RTX-GST] RTP_RX pkts=138000 meta=32696 frames_rx=32736
[RTX-GST] RTP_RX pkts=138030 meta=32704 frames_rx=32744
[RTX-GST] RTP_RX pkts=138060 meta=32711 frames_rx=32751
[RTX-GST] RTP_RX pkts=138090 meta=32719 frames_rx=32760
[RTX-GST] RTP_RX pkts=138120 meta=32726 frames_rx=32765
[RTX-GST] VIDEO frames_rx=32766 fps=22.8 assoc_ok=29177 assoc_miss=2093 ctrl_sent=29177 infer_avg=0.07ms
[RTX-GST] RTP_RX pkts=138150 meta=32734 frames_rx=32773
[RTX-GST] RTP_RX pkts=138180 meta=32741 frames_rx=32780
[RTX-GST] RTP_RX pkts=138210 meta=32749 frames_rx=32788
[RTX-GST] SAVED n=29200 dropped=0 recv2save_p50=1.01ms recv2save_p95=1.49ms
[RTX-GST] RTP_RX pkts=138240 meta=32755 frames_rx=32794
[RTX-GST] VIDEO frames_rx=32796 fps=22.8 assoc_ok=29206 assoc_miss=2094 ctrl_sent=29206 infer_avg=0.08ms
[RTX-GST] RTP_RX pkts=138270 meta=32762 frames_rx=32800
[RTX-GST] RTP_RX pkts=138300 meta=32770 frames_rx=32808
[RTX-GST] RTP_RX pkts=138330 meta=32777 frames_rx=32815
[RTX-GST] RTP_RX pkts=138360 meta=32783 frames_rx=32821
[RTX-GST] VIDEO frames_rx=32826 fps=22.8 assoc_ok=29233 assoc_miss=2097 ctrl_sent=29233 infer_avg=0.13ms
[RTX-GST] RTP_RX pkts=138390 meta=32791 frames_rx=32829
[RTX-GST] RTP_RX pkts=138420 meta=32799 frames_rx=32837
[RTX-GST] RTP_RX pkts=138450 meta=32807 frames_rx=32845
[RTX-GST] RTP_RX pkts=138480 meta=32814 frames_rx=32852
[RTX-GST] VIDEO frames_rx=32857 fps=22.8 assoc_ok=29258 assoc_miss=2101 ctrl_sent=29258 infer_avg=0.08ms
[RTX-GST] RTP_RX pkts=138510 meta=32822 frames_rx=32860
[RTX-GST] RTP_RX pkts=138540 meta=32829 frames_rx=32866
[RTX-GST] RTP_RX pkts=138570 meta=32837 frames_rx=32874
[RTX-GST] RTP_RX pkts=138600 meta=32844 frames_rx=32881
[RTX-GST] VIDEO frames_rx=32887 fps=22.8 assoc_ok=29288 assoc_miss=2102 ctrl_sent=29288 infer_avg=0.09ms
[RTX-GST] RTP_RX pkts=138630 meta=32852 frames_rx=32889
[RTX-GST] RTP_RX pkts=138660 meta=32859 frames_rx=32896
[RTX-GST] SAVED n=29300 dropped=0 recv2save_p50=0.99ms recv2save_p95=1.46ms
[RTX-GST] RTP_RX pkts=138690 meta=32867 frames_rx=32904
[RTX-GST] RTP_RX pkts=138720 meta=32873 frames_rx=32910
[RTX-GST] VIDEO frames_rx=32917 fps=22.8 assoc_ok=29318 assoc_miss=2102 ctrl_sent=29318 infer_avg=0.07ms
[RTX-GST] RTP_RX pkts=138750 meta=32881 frames_rx=32918
[RTX-GST] RTP_RX pkts=138780 meta=32889 frames_rx=32925
[RTX-GST] RTP_RX pkts=138810 meta=32896 frames_rx=32933
[RTX-GST] RTP_RX pkts=138840 meta=32902 frames_rx=32939
[RTX-GST] VIDEO frames_rx=32946 fps=22.8 assoc_ok=29346 assoc_miss=2103 ctrl_sent=29346 infer_avg=0.08ms
[RTX-GST] RTP_RX pkts=138870 meta=32910 frames_rx=32946
[RTX-GST] RTP_RX pkts=138900 meta=32918 frames_rx=32954
[RTX-GST] RTP_RX pkts=138930 meta=32926 frames_rx=32962
[RTX-GST] RTP_RX pkts=138960 meta=32931 frames_rx=32967
[RTX-GST] RTP_RX pkts=138990 meta=32939 frames_rx=32975
[RTX-GST] VIDEO frames_rx=32976 fps=22.8 assoc_ok=29373 assoc_miss=2103 ctrl_sent=29373 infer_avg=0.07ms
[RTX-GST] RTP_RX pkts=139020 meta=32947 frames_rx=32983
[RTX-GST] RTP_RX pkts=139050 meta=32954 frames_rx=32990
[RTX-GST] RTP_RX pkts=139080 meta=32961 frames_rx=32997
[RTX-GST] SAVED n=29400 dropped=0 recv2save_p50=0.99ms recv2save_p95=1.46ms
[RTX-GST] RTP_RX pkts=139110 meta=32968 frames_rx=33004
[RTX-GST] VIDEO frames_rx=33007 fps=22.8 assoc_ok=29402 assoc_miss=2105 ctrl_sent=29402 infer_avg=0.12ms
[RTX-GST] RTP_RX pkts=139140 meta=32976 frames_rx=33012
[RTX-GST] RTP_RX pkts=139170 meta=32983 frames_rx=33019
[RTX-GST] RTP_RX pkts=139200 meta=32991 frames_rx=33027
[RTX-GST] RTP_RX pkts=139230 meta=32997 frames_rx=33033
[RTX-GST] VIDEO frames_rx=33036 fps=22.8 assoc_ok=29429 assoc_miss=2107 ctrl_sent=29429 infer_avg=0.07ms
[RTX-GST] RTP_RX pkts=139260 meta=33003 frames_rx=33040
[RTX-GST] RTP_RX pkts=139290 meta=33011 frames_rx=33048
[RTX-GST] RTP_RX pkts=139320 meta=33019 frames_rx=33056
[RTX-GST] RTP_RX pkts=139350 meta=33025 frames_rx=33062
[RTX-GST] VIDEO frames_rx=33067 fps=22.8 assoc_ok=29459 assoc_miss=2108 ctrl_sent=29459 infer_avg=0.07ms
[RTX-GST] RTP_RX pkts=139380 meta=33032 frames_rx=33069
[RTX-GST] RTP_RX pkts=139410 meta=33040 frames_rx=33077
[RTX-GST] RTP_RX pkts=139440 meta=33047 frames_rx=33084
[RTX-GST] RTP_RX pkts=139470 meta=33054 frames_rx=33090
[RTX-GST] RTP_RX pkts=139500 meta=33061 frames_rx=33098
[RTX-GST] VIDEO frames_rx=33099 fps=22.8 assoc_ok=29486 assoc_miss=2113 ctrl_sent=29486 infer_avg=0.08ms
[RTX-GST] RTP_RX pkts=139530 meta=33068 frames_rx=33105
[RTX-GST] RTP_RX pkts=139560 meta=33076 frames_rx=33113
[RTX-GST] SAVED n=29500 dropped=0 recv2save_p50=0.97ms recv2save_p95=1.41ms
[RTX-GST] RTP_RX pkts=139590 meta=33082 frames_rx=33118
[RTX-GST] RTP_RX pkts=139620 meta=33089 frames_rx=33126
[RTX-GST] VIDEO frames_rx=33130 fps=22.9 assoc_ok=29514 assoc_miss=2115 ctrl_sent=29514 infer_avg=0.08ms
[RTX-GST] RTP_RX pkts=139650 meta=33096 frames_rx=33133
[RTX-GST] RTP_RX pkts=139680 meta=33104 frames_rx=33141
[RTX-GST] RTP_RX pkts=139710 meta=33110 frames_rx=33147
[RTX-GST] RTP_RX pkts=139740 meta=33117 frames_rx=33154
[RTX-GST] VIDEO frames_rx=33160 fps=22.9 assoc_ok=29543 assoc_miss=2116 ctrl_sent=29543 infer_avg=0.08ms
[RTX-GST] RTP_RX pkts=139770 meta=33125 frames_rx=33162
[RTX-GST] RTP_RX pkts=139800 meta=33133 frames_rx=33169
[RTX-GST] RTP_RX pkts=139830 meta=33140 frames_rx=33177
[RTX-GST] RTP_RX pkts=139860 meta=33146 frames_rx=33183
[RTX-GST] RTP_RX pkts=139890 meta=33153 frames_rx=33190
[RTX-GST] VIDEO frames_rx=33191 fps=22.9 assoc_ok=29570 assoc_miss=2119 ctrl_sent=29570 infer_avg=0.08ms
[RTX-GST] RTP_RX pkts=139920 meta=33161 frames_rx=33198
[RTX-GST] RTP_RX pkts=139950 meta=33168 frames_rx=33205
[RTX-GST] RTP_RX pkts=139980 meta=33174 frames_rx=33212
[RTX-GST] RTP_RX pkts=140010 meta=33181 frames_rx=33219
[RTX-GST] VIDEO frames_rx=33221 fps=22.9 assoc_ok=29597 assoc_miss=2122 ctrl_sent=29597 infer_avg=0.09ms
[RTX-GST] SAVED n=29600 dropped=0 recv2save_p50=0.99ms recv2save_p95=1.38ms
[RTX-GST] RTP_RX pkts=140040 meta=33189 frames_rx=33227
[RTX-GST] RTP_RX pkts=140070 meta=33196 frames_rx=33234
[RTX-GST] RTP_RX pkts=140100 meta=33202 frames_rx=33240
[RTX-GST] RTP_RX pkts=140130 meta=33210 frames_rx=33248
[RTX-GST] VIDEO frames_rx=33251 fps=22.9 assoc_ok=29627 assoc_miss=2122 ctrl_sent=29627 infer_avg=0.05ms
[RTX-GST] RTP_RX pkts=140160 meta=33217 frames_rx=33255
[RTX-GST] RTP_RX pkts=140190 meta=33225 frames_rx=33263
[RTX-GST] RTP_RX pkts=140220 meta=33231 frames_rx=33269
[RTX-GST] RTP_RX pkts=140250 meta=33239 frames_rx=33277
[RTX-GST] VIDEO frames_rx=33283 fps=22.9 assoc_ok=29657 assoc_miss=2123 ctrl_sent=29657 infer_avg=0.06ms
[RTX-GST] RTP_RX pkts=140280 meta=33246 frames_rx=33284
[RTX-GST] RTP_RX pkts=140310 meta=33254 frames_rx=33291
[RTX-GST] RTP_RX pkts=140340 meta=33259 frames_rx=33297
[RTX-GST] RTP_RX pkts=140370 meta=33267 frames_rx=33305
[RTX-GST] RTP_RX pkts=140400 meta=33274 frames_rx=33312
[RTX-GST] VIDEO frames_rx=33313 fps=22.9 assoc_ok=29687 assoc_miss=2124 ctrl_sent=29687 infer_avg=0.07ms
[RTX-GST] RTP_RX pkts=140430 meta=33282 frames_rx=33320
[RTX-GST] SAVED n=29700 dropped=0 recv2save_p50=0.99ms recv2save_p95=1.38ms
[RTX-GST] RTP_RX pkts=140460 meta=33288 frames_rx=33326
[RTX-GST] RTP_RX pkts=140490 meta=33296 frames_rx=33334
[RTX-GST] RTP_RX pkts=140520 meta=33303 frames_rx=33341
[RTX-GST] VIDEO frames_rx=33344 fps=22.9 assoc_ok=29719 assoc_miss=2124 ctrl_sent=29719 infer_avg=0.07ms
[RTX-GST] RTP_RX pkts=140550 meta=33311 frames_rx=33349
[RTX-GST] RTP_RX pkts=140580 meta=33318 frames_rx=33356
[RTX-GST] RTP_RX pkts=140610 meta=33324 frames_rx=33362
[RTX-GST] RTP_RX pkts=140640 meta=33331 frames_rx=33370
[RTX-GST] VIDEO frames_rx=33374 fps=22.9 assoc_ok=29747 assoc_miss=2126 ctrl_sent=29747 infer_avg=0.07ms
[RTX-GST] RTP_RX pkts=140670 meta=33339 frames_rx=33377
[RTX-GST] RTP_RX pkts=140700 meta=33346 frames_rx=33384
[RTX-GST] RTP_RX pkts=140730 meta=33352 frames_rx=33390
[RTX-GST] RTP_RX pkts=140760 meta=33360 frames_rx=33397
[RTX-GST] RTP_RX pkts=140790 meta=33368 frames_rx=33404
[RTX-GST] VIDEO frames_rx=33405 fps=22.9 assoc_ok=29772 assoc_miss=2131 ctrl_sent=29772 infer_avg=0.08ms
[RTX-GST] RTP_RX pkts=140820 meta=33375 frames_rx=33411
[RTX-GST] RTP_RX pkts=140850 meta=33381 frames_rx=33416
[RTX-GST] RTP_RX pkts=140880 meta=33389 frames_rx=33424
[RTX-GST] RTP_RX pkts=140910 meta=33397 frames_rx=33432
[RTX-GST] VIDEO frames_rx=33435 fps=22.9 assoc_ok=29800 assoc_miss=2131 ctrl_sent=29800 infer_avg=0.09ms
[RTX-GST] SAVED n=29800 dropped=0 recv2save_p50=0.99ms recv2save_p95=1.33ms
[RTX-GST] RTP_RX pkts=140940 meta=33404 frames_rx=33439
[RTX-GST] RTP_RX pkts=140970 meta=33410 frames_rx=33445
[RTX-GST] RTP_RX pkts=141000 meta=33418 frames_rx=33452
[RTX-GST] RTP_RX pkts=141030 meta=33426 frames_rx=33460
[RTX-GST] VIDEO frames_rx=33464 fps=22.9 assoc_ok=29826 assoc_miss=2133 ctrl_sent=29826 infer_avg=0.08ms
[RTX-GST] RTP_RX pkts=141060 meta=33433 frames_rx=33467
[RTX-GST] RTP_RX pkts=141090 meta=33439 frames_rx=33473
[RTX-GST] RTP_RX pkts=141120 meta=33447 frames_rx=33481
[RTX-GST] RTP_RX pkts=141150 meta=33454 frames_rx=33488
[RTX-GST] VIDEO frames_rx=33496 fps=22.9 assoc_ok=29855 assoc_miss=2136 ctrl_sent=29855 infer_avg=0.07ms
[RTX-GST] RTP_RX pkts=141180 meta=33462 frames_rx=33496
[RTX-GST] RTP_RX pkts=141210 meta=33468 frames_rx=33502
[RTX-GST] RTP_RX pkts=141240 meta=33475 frames_rx=33509
[RTX-GST] RTP_RX pkts=141270 meta=33482 frames_rx=33516
[RTX-GST] RTP_RX pkts=141300 meta=33490 frames_rx=33524
[RTX-GST] VIDEO frames_rx=33526 fps=22.9 assoc_ok=29884 assoc_miss=2137 ctrl_sent=29884 infer_avg=0.07ms
[RTX-GST] RTP_RX pkts=141330 meta=33498 frames_rx=33532
[RTX-GST] RTP_RX pkts=141360 meta=33504 frames_rx=33538
[RTX-GST] SAVED n=29900 dropped=0 recv2save_p50=0.99ms recv2save_p95=1.33ms
[RTX-GST] RTP_RX pkts=141390 meta=33511 frames_rx=33545
[RTX-GST] RTP_RX pkts=141420 meta=33519 frames_rx=33553
[RTX-GST] VIDEO frames_rx=33557 fps=22.9 assoc_ok=29914 assoc_miss=2138 ctrl_sent=29914 infer_avg=0.09ms
[RTX-GST] RTP_RX pkts=141450 meta=33526 frames_rx=33561
[RTX-GST] RTP_RX pkts=141480 meta=33533 frames_rx=33568
[RTX-GST] RTP_RX pkts=141510 meta=33540 frames_rx=33575
[RTX-GST] RTP_RX pkts=141540 meta=33548 frames_rx=33583
[RTX-GST] VIDEO frames_rx=33587 fps=22.9 assoc_ok=29940 assoc_miss=2140 ctrl_sent=29940 infer_avg=0.06ms
[RTX-GST] RTP_RX pkts=141570 meta=33556 frames_rx=33591
[RTX-GST] RTP_RX pkts=141600 meta=33561 frames_rx=33596
[RTX-GST] RTP_RX pkts=141630 meta=33569 frames_rx=33604
[RTX-GST] RTP_RX pkts=141660 meta=33577 frames_rx=33612
[RTX-GST] VIDEO frames_rx=33617 fps=22.9 assoc_ok=29965 assoc_miss=2145 ctrl_sent=29965 infer_avg=0.07ms
[RTX-GST] RTP_RX pkts=141690 meta=33584 frames_rx=33619
[RTX-GST] RTP_RX pkts=141720 meta=33590 frames_rx=33625
[RTX-GST] RTP_RX pkts=141750 meta=33598 frames_rx=33633
[RTX-GST] RTP_RX pkts=141780 meta=33605 frames_rx=33641
[RTX-GST] VIDEO frames_rx=33648 fps=22.9 assoc_ok=29994 assoc_miss=2147 ctrl_sent=29994 infer_avg=0.06ms
[RTX-GST] RTP_RX pkts=141810 meta=33612 frames_rx=33648
[RTX-GST] RTP_RX pkts=141840 meta=33617 frames_rx=33654
[RTX-GST] SAVED n=30000 dropped=0 recv2save_p50=0.98ms recv2save_p95=1.33ms
[RTX-GST] RTP_RX pkts=141870 meta=33624 frames_rx=33661
[RTX-GST] RTP_RX pkts=141900 meta=33632 frames_rx=33669
[RTX-GST] RTP_RX pkts=141930 meta=33640 frames_rx=33677
[RTX-GST] VIDEO frames_rx=33679 fps=22.9 assoc_ok=30021 assoc_miss=2151 ctrl_sent=30021 infer_avg=0.07ms
[RTX-GST] RTP_RX pkts=141960 meta=33646 frames_rx=33683
[RTX-GST] RTP_RX pkts=141990 meta=33654 frames_rx=33691
[RTX-GST] RTP_RX pkts=142020 meta=33661 frames_rx=33698
[RTX-GST] RTP_RX pkts=142050 meta=33669 frames_rx=33706
[RTX-GST] VIDEO frames_rx=33709 fps=22.9 assoc_ok=30050 assoc_miss=2152 ctrl_sent=30050 infer_avg=0.08ms
[RTX-GST] RTP_RX pkts=142080 meta=33674 frames_rx=33712
[RTX-GST] RTP_RX pkts=142110 meta=33681 frames_rx=33719
[RTX-GST] RTP_RX pkts=142140 meta=33688 frames_rx=33726
[RTX-GST] RTP_RX pkts=142170 meta=33695 frames_rx=33733
[RTX-GST] VIDEO frames_rx=33738 fps=22.9 assoc_ok=30072 assoc_miss=2156 ctrl_sent=30072 infer_avg=0.10ms
[RTX-GST] RTP_RX pkts=142200 meta=33703 frames_rx=33741
[RTX-GST] RTP_RX pkts=142230 meta=33709 frames_rx=33747
[RTX-GST] RTP_RX pkts=142260 meta=33717 frames_rx=33755
[RTX-GST] RTP_RX pkts=142290 meta=33725 frames_rx=33763
[RTX-GST] SAVED n=30100 dropped=0 recv2save_p50=0.97ms recv2save_p95=1.35ms
[RTX-GST] VIDEO frames_rx=33768 fps=23.0 assoc_ok=30101 assoc_miss=2158 ctrl_sent=30101 infer_avg=0.08ms
[RTX-GST] RTP_RX pkts=142320 meta=33732 frames_rx=33769
[RTX-GST] RTP_RX pkts=142350 meta=33738 frames_rx=33776
[RTX-GST] RTP_RX pkts=142380 meta=33746 frames_rx=33783
[RTX-GST] RTP_RX pkts=142410 meta=33754 frames_rx=33791
[RTX-GST] VIDEO frames_rx=33797 fps=23.0 assoc_ok=30127 assoc_miss=2160 ctrl_sent=30127 infer_avg=0.08ms
[RTX-GST] RTP_RX pkts=142440 meta=33762 frames_rx=33799
[RTX-GST] RTP_RX pkts=142470 meta=33768 frames_rx=33805
[RTX-GST] RTP_RX pkts=142500 meta=33775 frames_rx=33812
[RTX-GST] RTP_RX pkts=142530 meta=33783 frames_rx=33820
[RTX-GST] RTP_RX pkts=142560 meta=33790 frames_rx=33828
[RTX-GST] VIDEO frames_rx=33828 fps=23.0 assoc_ok=30156 assoc_miss=2162 ctrl_sent=30156 infer_avg=0.10ms
[RTX-GST] RTP_RX pkts=142590 meta=33796 frames_rx=33833
[RTX-GST] RTP_RX pkts=142620 meta=33804 frames_rx=33841
[RTX-GST] RTP_RX pkts=142650 meta=33811 frames_rx=33848
[RTX-GST] RTP_RX pkts=142680 meta=33819 frames_rx=33856
[RTX-GST] VIDEO frames_rx=33859 fps=23.0 assoc_ok=30186 assoc_miss=2163 ctrl_sent=30186 infer_avg=0.07ms
[RTX-GST] RTP_RX pkts=142710 meta=33826 frames_rx=33862
[RTX-GST] RTP_RX pkts=142740 meta=33833 frames_rx=33870
[RTX-GST] SAVED n=30200 dropped=0 recv2save_p50=0.96ms recv2save_p95=1.40ms
[RTX-GST] RTP_RX pkts=142770 meta=33841 frames_rx=33878
[RTX-GST] RTP_RX pkts=142800 meta=33849 frames_rx=33886
[RTX-GST] VIDEO frames_rx=33890 fps=23.0 assoc_ok=30214 assoc_miss=2165 ctrl_sent=30214 infer_avg=0.06ms
[RTX-GST] RTP_RX pkts=142830 meta=33855 frames_rx=33891
[RTX-GST] RTP_RX pkts=142860 meta=33862 frames_rx=33899
[RTX-GST] RTP_RX pkts=142890 meta=33869 frames_rx=33906
[RTX-GST] RTP_RX pkts=142920 meta=33877 frames_rx=33914
[RTX-GST] VIDEO frames_rx=33919 fps=23.0 assoc_ok=30241 assoc_miss=2167 ctrl_sent=30241 infer_avg=0.06ms
[RTX-GST] RTP_RX pkts=142950 meta=33883 frames_rx=33919
[RTX-GST] RTP_RX pkts=142980 meta=33890 frames_rx=33926
[RTX-GST] RTP_RX pkts=143010 meta=33898 frames_rx=33934
[RTX-GST] RTP_RX pkts=143040 meta=33906 frames_rx=33942
[RTX-GST] RTP_RX pkts=143070 meta=33913 frames_rx=33949
[RTX-GST] VIDEO frames_rx=33949 fps=23.0 assoc_ok=30267 assoc_miss=2170 ctrl_sent=30267 infer_avg=0.14ms
[RTX-GST] RTP_RX pkts=143100 meta=33919 frames_rx=33955
[RTX-GST] RTP_RX pkts=143130 meta=33927 frames_rx=33963
[RTX-GST] RTP_RX pkts=143160 meta=33935 frames_rx=33970
[RTX-GST] RTP_RX pkts=143190 meta=33942 frames_rx=33977
[RTX-GST] VIDEO frames_rx=33979 fps=23.0 assoc_ok=30297 assoc_miss=2171 ctrl_sent=30297 infer_avg=0.08ms
[RTX-GST] SAVED n=30300 dropped=0 recv2save_p50=0.97ms recv2save_p95=1.45ms
[RTX-GST] RTP_RX pkts=143220 meta=33948 frames_rx=33983
[RTX-GST] RTP_RX pkts=143250 meta=33955 frames_rx=33990
[RTX-GST] RTP_RX pkts=143280 meta=33963 frames_rx=33998
[RTX-GST] RTP_RX pkts=143310 meta=33971 frames_rx=34006
[RTX-GST] VIDEO frames_rx=34011 fps=23.0 assoc_ok=30326 assoc_miss=2174 ctrl_sent=30326 infer_avg=0.11ms
[RTX-GST] RTP_RX pkts=143340 meta=33977 frames_rx=34011
[RTX-GST] RTP_RX pkts=143370 meta=33984 frames_rx=34018
[RTX-GST] RTP_RX pkts=143400 meta=33992 frames_rx=34026
[RTX-GST] RTP_RX pkts=143430 meta=33999 frames_rx=34033
[RTX-GST] RTP_RX pkts=143460 meta=34005 frames_rx=34039
[RTX-GST] VIDEO frames_rx=34043 fps=23.0 assoc_ok=30357 assoc_miss=2175 ctrl_sent=30357 infer_avg=0.12ms
[RTX-GST] RTP_RX pkts=143490 meta=34013 frames_rx=34047
[RTX-GST] RTP_RX pkts=143520 meta=34020 frames_rx=34054
[RTX-GST] RTP_RX pkts=143550 meta=34028 frames_rx=34062
[RTX-GST] RTP_RX pkts=143580 meta=34034 frames_rx=34068
[RTX-GST] VIDEO frames_rx=34075 fps=23.0 assoc_ok=30387 assoc_miss=2177 ctrl_sent=30387 infer_avg=0.16ms
[RTX-GST] RTP_RX pkts=143610 meta=34041 frames_rx=34075
[RTX-GST] RTP_RX pkts=143640 meta=34049 frames_rx=34083
[RTX-GST] SAVED n=30400 dropped=0 recv2save_p50=1.00ms recv2save_p95=1.48ms
[RTX-GST] RTP_RX pkts=143670 meta=34057 frames_rx=34091
[RTX-GST] RTP_RX pkts=143700 meta=34063 frames_rx=34097
[RTX-GST] RTP_RX pkts=143730 meta=34070 frames_rx=34104
[RTX-GST] VIDEO frames_rx=34106 fps=23.0 assoc_ok=30417 assoc_miss=2178 ctrl_sent=30417 infer_avg=0.06ms
[RTX-GST] RTP_RX pkts=143760 meta=34078 frames_rx=34112
[RTX-GST] RTP_RX pkts=143790 meta=34086 frames_rx=34119
[RTX-GST] RTP_RX pkts=143820 meta=34093 frames_rx=34126
[RTX-GST] RTP_RX pkts=143850 meta=34099 frames_rx=34132
[RTX-GST] VIDEO frames_rx=34136 fps=23.0 assoc_ok=30432 assoc_miss=2178 ctrl_sent=30432 infer_avg=0.07ms
[RTX-GST] RTP_RX pkts=143880 meta=34106 frames_rx=34140
[RTX-GST] RTP_RX pkts=143910 meta=34114 frames_rx=34148
[RTX-GST] RTP_RX pkts=143940 meta=34122 frames_rx=34156
[RTX-GST] RTP_RX pkts=143970 meta=34127 frames_rx=34161
[RTX-GST] VIDEO frames_rx=34167 fps=23.0 assoc_ok=30461 assoc_miss=2180 ctrl_sent=30461 infer_avg=0.07ms
[RTX-GST] RTP_RX pkts=144000 meta=34135 frames_rx=34169
[RTX-GST] RTP_RX pkts=144030 meta=34143 frames_rx=34177
[RTX-GST] RTP_RX pkts=144060 meta=34151 frames_rx=34184
[RTX-GST] RTP_RX pkts=144090 meta=34156 frames_rx=34190
[RTX-GST] VIDEO frames_rx=34196 fps=23.0 assoc_ok=30486 assoc_miss=2182 ctrl_sent=30486 infer_avg=0.07ms
[RTX-GST] RTP_RX pkts=144120 meta=34164 frames_rx=34197
[RTX-GST] RTP_RX pkts=144150 meta=34172 frames_rx=34205
[RTX-GST] SAVED n=30500 dropped=0 recv2save_p50=0.98ms recv2save_p95=1.48ms
[RTX-GST] RTP_RX pkts=144180 meta=34179 frames_rx=34212
[RTX-GST] RTP_RX pkts=144210 meta=34185 frames_rx=34218
[RTX-GST] RTP_RX pkts=144240 meta=34192 frames_rx=34225
[RTX-GST] VIDEO frames_rx=34227 fps=23.0 assoc_ok=30516 assoc_miss=2183 ctrl_sent=30516 infer_avg=0.06ms
[RTX-GST] RTP_RX pkts=144270 meta=34200 frames_rx=34233
[RTX-GST] RTP_RX pkts=144300 meta=34207 frames_rx=34240
[RTX-GST] RTP_RX pkts=144330 meta=34213 frames_rx=34246
[RTX-GST] RTP_RX pkts=144360 meta=34221 frames_rx=34254
[RTX-GST] VIDEO frames_rx=34258 fps=23.0 assoc_ok=30545 assoc_miss=2184 ctrl_sent=30545 infer_avg=0.07ms
[RTX-GST] RTP_RX pkts=144390 meta=34228 frames_rx=34260
[RTX-GST] RTP_RX pkts=144420 meta=34235 frames_rx=34268
[RTX-GST] RTP_RX pkts=144450 meta=34241 frames_rx=34274
[RTX-GST] RTP_RX pkts=144480 meta=34248 frames_rx=34281
[RTX-GST] VIDEO frames_rx=34288 fps=23.0 assoc_ok=30574 assoc_miss=2186 ctrl_sent=30574 infer_avg=0.08ms
[RTX-GST] RTP_RX pkts=144510 meta=34256 frames_rx=34290
[RTX-GST] RTP_RX pkts=144540 meta=34264 frames_rx=34297
[RTX-GST] RTP_RX pkts=144570 meta=34271 frames_rx=34304
[RTX-GST] RTP_RX pkts=144600 meta=34276 frames_rx=34310
[RTX-GST] SAVED n=30600 dropped=0 recv2save_p50=0.98ms recv2save_p95=1.47ms
[RTX-GST] RTP_RX pkts=144630 meta=34284 frames_rx=34318
[RTX-GST] VIDEO frames_rx=34319 fps=23.0 assoc_ok=30603 assoc_miss=2188 ctrl_sent=30603 infer_avg=0.08ms
[RTX-GST] RTP_RX pkts=144660 meta=34291 frames_rx=34325
[RTX-GST] RTP_RX pkts=144690 meta=34299 frames_rx=34333
[RTX-GST] RTP_RX pkts=144720 meta=34305 frames_rx=34339
[RTX-GST] RTP_RX pkts=144750 meta=34313 frames_rx=34347
[RTX-GST] VIDEO frames_rx=34350 fps=23.0 assoc_ok=30634 assoc_miss=2188 ctrl_sent=30634 infer_avg=0.07ms
[RTX-GST] RTP_RX pkts=144780 meta=34321 frames_rx=34355
[RTX-GST] RTP_RX pkts=144810 meta=34328 frames_rx=34362
[RTX-GST] RTP_RX pkts=144840 meta=34334 frames_rx=34368
[RTX-GST] RTP_RX pkts=144870 meta=34342 frames_rx=34376
[RTX-GST] VIDEO frames_rx=34380 fps=23.0 assoc_ok=30663 assoc_miss=2189 ctrl_sent=30663 infer_avg=0.08ms
[RTX-GST] RTP_RX pkts=144900 meta=34350 frames_rx=34384
[RTX-GST] RTP_RX pkts=144930 meta=34357 frames_rx=34391
[RTX-GST] RTP_RX pkts=144960 meta=34363 frames_rx=34397
[RTX-GST] RTP_RX pkts=144990 meta=34371 frames_rx=34404
[RTX-GST] VIDEO frames_rx=34409 fps=23.0 assoc_ok=30692 assoc_miss=2189 ctrl_sent=30692 infer_avg=0.08ms
[RTX-GST] RTP_RX pkts=145020 meta=34379 frames_rx=34412
[RTX-GST] SAVED n=30700 dropped=0 recv2save_p50=0.98ms recv2save_p95=1.46ms
[RTX-GST] RTP_RX pkts=145050 meta=34386 frames_rx=34419
[RTX-GST] RTP_RX pkts=145080 meta=34392 frames_rx=34425
[RTX-GST] RTP_RX pkts=145110 meta=34400 frames_rx=34433
[RTX-GST] VIDEO frames_rx=34440 fps=23.1 assoc_ok=30721 assoc_miss=2191 ctrl_sent=30721 infer_avg=0.07ms
[RTX-GST] RTP_RX pkts=145140 meta=34407 frames_rx=34440
[RTX-GST] RTP_RX pkts=145170 meta=34415 frames_rx=34448
[RTX-GST] RTP_RX pkts=145200 meta=34421 frames_rx=34454
[RTX-GST] RTP_RX pkts=145230 meta=34428 frames_rx=34461
[RTX-GST] RTP_RX pkts=145260 meta=34436 frames_rx=34469
[RTX-GST] VIDEO frames_rx=34474 fps=23.1 assoc_ok=30752 assoc_miss=2192 ctrl_sent=30752 infer_avg=0.07ms
[RTX-GST] RTP_RX pkts=145290 meta=34443 frames_rx=34477
[RTX-GST] RTP_RX pkts=145320 meta=34450 frames_rx=34483
[RTX-GST] RTP_RX pkts=145350 meta=34457 frames_rx=34489
[RTX-GST] RTP_RX pkts=145380 meta=34465 frames_rx=34497
[RTX-GST] VIDEO frames_rx=34503 fps=23.1 assoc_ok=30780 assoc_miss=2192 ctrl_sent=30780 infer_avg=0.15ms
[RTX-GST] RTP_RX pkts=145410 meta=34472 frames_rx=34504
[RTX-GST] RTP_RX pkts=145440 meta=34479 frames_rx=34512
[RTX-GST] RTP_RX pkts=145470 meta=34486 frames_rx=34518
[RTX-GST] SAVED n=30800 dropped=0 recv2save_p50=0.98ms recv2save_p95=1.43ms
[RTX-GST] RTP_RX pkts=145500 meta=34494 frames_rx=34526
[RTX-GST] RTP_RX pkts=145530 meta=34501 frames_rx=34533
[RTX-GST] VIDEO frames_rx=34534 fps=23.1 assoc_ok=30811 assoc_miss=2192 ctrl_sent=30811 infer_avg=0.06ms
[RTX-GST] RTP_RX pkts=145560 meta=34509 frames_rx=34541
[RTX-GST] RTP_RX pkts=145590 meta=34515 frames_rx=34547
[RTX-GST] RTP_RX pkts=145620 meta=34523 frames_rx=34555
[RTX-GST] RTP_RX pkts=145650 meta=34531 frames_rx=34563
[RTX-GST] VIDEO frames_rx=34565 fps=23.1 assoc_ok=30839 assoc_miss=2194 ctrl_sent=30839 infer_avg=0.07ms
[RTX-GST] RTP_RX pkts=145680 meta=34538 frames_rx=34571
[RTX-GST] RTP_RX pkts=145710 meta=34543 frames_rx=34577
[RTX-GST] RTP_RX pkts=145740 meta=34550 frames_rx=34584
[RTX-GST] RTP_RX pkts=145770 meta=34557 frames_rx=34592
[RTX-GST] VIDEO frames_rx=34596 fps=23.1 assoc_ok=30866 assoc_miss=2198 ctrl_sent=30866 infer_avg=0.08ms
[RTX-GST] RTP_RX pkts=145800 meta=34564 frames_rx=34599
[RTX-GST] RTP_RX pkts=145830 meta=34571 frames_rx=34606
[RTX-GST] RTP_RX pkts=145860 meta=34578 frames_rx=34613
[RTX-GST] RTP_RX pkts=145890 meta=34585 frames_rx=34621
[RTX-GST] VIDEO frames_rx=34626 fps=23.1 assoc_ok=30892 assoc_miss=2199 ctrl_sent=30892 infer_avg=0.14ms
[RTX-GST] RTP_RX pkts=145920 meta=34592 frames_rx=34628
[RTX-GST] RTP_RX pkts=145950 meta=34598 frames_rx=34634
[RTX-GST] SAVED n=30900 dropped=0 recv2save_p50=0.96ms recv2save_p95=1.43ms
[RTX-GST] RTP_RX pkts=145980 meta=34606 frames_rx=34641
[RTX-GST] RTP_RX pkts=146010 meta=34613 frames_rx=34649
[RTX-GST] RTP_RX pkts=146040 meta=34619 frames_rx=34656
[RTX-GST] VIDEO frames_rx=34657 fps=23.1 assoc_ok=30920 assoc_miss=2203 ctrl_sent=30920 infer_avg=0.09ms
[RTX-GST] RTP_RX pkts=146070 meta=34625 frames_rx=34662
[RTX-GST] RTP_RX pkts=146100 meta=34633 frames_rx=34670
[RTX-GST] RTP_RX pkts=146130 meta=34641 frames_rx=34678
[RTX-GST] RTP_RX pkts=146160 meta=34648 frames_rx=34685
[RTX-GST] VIDEO frames_rx=34687 fps=23.1 assoc_ok=30945 assoc_miss=2208 ctrl_sent=30945 infer_avg=0.07ms
[RTX-GST] RTP_RX pkts=146190 meta=34655 frames_rx=34692
[RTX-GST] RTP_RX pkts=146220 meta=34662 frames_rx=34698
[RTX-GST] RTP_RX pkts=146250 meta=34669 frames_rx=34706
[RTX-GST] RTP_RX pkts=146280 meta=34676 frames_rx=34713
[RTX-GST] VIDEO frames_rx=34718 fps=23.1 assoc_ok=30973 assoc_miss=2210 ctrl_sent=30973 infer_avg=0.07ms
[RTX-GST] RTP_RX pkts=146310 meta=34684 frames_rx=34721
[RTX-GST] RTP_RX pkts=146340 meta=34690 frames_rx=34727
[RTX-GST] RTP_RX pkts=146370 meta=34697 frames_rx=34734
[RTX-GST] RTP_RX pkts=146400 meta=34705 frames_rx=34742
[RTX-GST] SAVED n=31000 dropped=0 recv2save_p50=0.98ms recv2save_p95=1.44ms
[RTX-GST] VIDEO frames_rx=34749 fps=23.1 assoc_ok=31003 assoc_miss=2212 ctrl_sent=31003 infer_avg=0.08ms
[RTX-GST] RTP_RX pkts=146430 meta=34712 frames_rx=34749
[RTX-GST] RTP_RX pkts=146460 meta=34719 frames_rx=34755
[RTX-GST] RTP_RX pkts=146490 meta=34726 frames_rx=34763
[RTX-GST] RTP_RX pkts=146520 meta=34733 frames_rx=34771
[RTX-GST] RTP_RX pkts=146550 meta=34740 frames_rx=34778
[RTX-GST] VIDEO frames_rx=34780 fps=23.1 assoc_ok=31028 assoc_miss=2216 ctrl_sent=31028 infer_avg=0.07ms
[RTX-GST] RTP_RX pkts=146580 meta=34746 frames_rx=34784
[RTX-GST] RTP_RX pkts=146610 meta=34753 frames_rx=34791
[RTX-GST] RTP_RX pkts=146640 meta=34761 frames_rx=34799
[RTX-GST] RTP_RX pkts=146670 meta=34768 frames_rx=34806
[RTX-GST] VIDEO frames_rx=34811 fps=23.1 assoc_ok=31058 assoc_miss=2217 ctrl_sent=31058 infer_avg=0.08ms
[RTX-GST] RTP_RX pkts=146700 meta=34774 frames_rx=34812
[RTX-GST] RTP_RX pkts=146730 meta=34782 frames_rx=34820
[RTX-GST] RTP_RX pkts=146760 meta=34789 frames_rx=34827
[RTX-GST] RTP_RX pkts=146790 meta=34797 frames_rx=34835
[RTX-GST] VIDEO frames_rx=34842 fps=23.1 assoc_ok=31088 assoc_miss=2218 ctrl_sent=31088 infer_avg=0.07ms
[RTX-GST] RTP_RX pkts=146820 meta=34804 frames_rx=34842
[RTX-GST] RTP_RX pkts=146850 meta=34810 frames_rx=34848
[RTX-GST] SAVED n=31100 dropped=0 recv2save_p50=0.98ms recv2save_p95=1.44ms
[RTX-GST] RTP_RX pkts=146880 meta=34818 frames_rx=34856
[RTX-GST] RTP_RX pkts=146910 meta=34825 frames_rx=34863
[RTX-GST] RTP_RX pkts=146940 meta=34833 frames_rx=34871
[RTX-GST] VIDEO frames_rx=34872 fps=23.1 assoc_ok=31114 assoc_miss=2222 ctrl_sent=31114 infer_avg=0.07ms
[RTX-GST] RTP_RX pkts=146970 meta=34838 frames_rx=34876
[RTX-GST] RTP_RX pkts=147000 meta=34846 frames_rx=34884
[RTX-GST] RTP_RX pkts=147030 meta=34853 frames_rx=34891
[RTX-GST] RTP_RX pkts=147060 meta=34861 frames_rx=34899
[RTX-GST] VIDEO frames_rx=34903 fps=23.1 assoc_ok=31143 assoc_miss=2224 ctrl_sent=31143 infer_avg=0.13ms
[RTX-GST] RTP_RX pkts=147090 meta=34867 frames_rx=34905
[RTX-GST] RTP_RX pkts=147120 meta=34874 frames_rx=34912
[RTX-GST] RTP_RX pkts=147150 meta=34881 frames_rx=34920
[RTX-GST] RTP_RX pkts=147180 meta=34889 frames_rx=34927
[RTX-GST] VIDEO frames_rx=34933 fps=23.1 assoc_ok=31171 assoc_miss=2225 ctrl_sent=31171 infer_avg=0.06ms
[RTX-GST] RTP_RX pkts=147210 meta=34895 frames_rx=34933
[RTX-GST] RTP_RX pkts=147240 meta=34903 frames_rx=34941
[RTX-GST] RTP_RX pkts=147270 meta=34910 frames_rx=34948
[RTX-GST] RTP_RX pkts=147300 meta=34918 frames_rx=34956
[RTX-GST] RTP_RX pkts=147330 meta=34924 frames_rx=34962
[RTX-GST] VIDEO frames_rx=34963 fps=23.1 assoc_ok=31199 assoc_miss=2227 ctrl_sent=31199 infer_avg=0.14ms
[RTX-GST] SAVED n=31200 dropped=0 recv2save_p50=0.99ms recv2save_p95=1.46ms
[RTX-GST] RTP_RX pkts=147360 meta=34931 frames_rx=34969
[RTX-GST] RTP_RX pkts=147390 meta=34939 frames_rx=34977
[RTX-GST] RTP_RX pkts=147420 meta=34945 frames_rx=34984
[RTX-GST] RTP_RX pkts=147450 meta=34953 frames_rx=34992
[RTX-GST] VIDEO frames_rx=34996 fps=23.1 assoc_ok=31228 assoc_miss=2230 ctrl_sent=31228 infer_avg=0.07ms
[RTX-GST] RTP_RX pkts=147480 meta=34959 frames_rx=34998
[RTX-GST] RTP_RX pkts=147510 meta=34967 frames_rx=35006
[RTX-GST] RTP_RX pkts=147540 meta=34974 frames_rx=35013
[RTX-GST] RTP_RX pkts=147570 meta=34982 frames_rx=35021
[RTX-GST] VIDEO frames_rx=35027 fps=23.1 assoc_ok=31258 assoc_miss=2232 ctrl_sent=31258 infer_avg=0.07ms
[RTX-GST] RTP_RX pkts=147600 meta=34988 frames_rx=35027
[RTX-GST] RTP_RX pkts=147630 meta=34995 frames_rx=35034
[RTX-GST] RTP_RX pkts=147660 meta=35003 frames_rx=35042
[RTX-GST] RTP_RX pkts=147690 meta=35010 frames_rx=35049
[RTX-GST] RTP_RX pkts=147720 meta=35016 frames_rx=35055
[RTX-GST] VIDEO frames_rx=35057 fps=23.1 assoc_ok=31287 assoc_miss=2233 ctrl_sent=31287 infer_avg=0.07ms
[RTX-GST] RTP_RX pkts=147750 meta=35024 frames_rx=35063
[RTX-GST] RTP_RX pkts=147780 meta=35031 frames_rx=35069
[RTX-GST] SAVED n=31300 dropped=0 recv2save_p50=0.97ms recv2save_p95=1.45ms
[RTX-GST] RTP_RX pkts=147810 meta=35039 frames_rx=35077
[RTX-GST] RTP_RX pkts=147840 meta=35045 frames_rx=35083
[RTX-GST] VIDEO frames_rx=35088 fps=23.2 assoc_ok=31314 assoc_miss=2236 ctrl_sent=31314 infer_avg=0.07ms
[RTX-GST] RTP_RX pkts=147870 meta=35053 frames_rx=35091
[RTX-GST] RTP_RX pkts=147900 meta=35059 frames_rx=35098
[RTX-GST] RTP_RX pkts=147930 meta=35067 frames_rx=35106
[RTX-GST] RTP_RX pkts=147960 meta=35073 frames_rx=35112
[RTX-GST] VIDEO frames_rx=35118 fps=23.2 assoc_ok=31341 assoc_miss=2239 ctrl_sent=31341 infer_avg=0.09ms
[RTX-GST] RTP_RX pkts=147990 meta=35080 frames_rx=35119
[RTX-GST] RTP_RX pkts=148020 meta=35088 frames_rx=35128
[RTX-GST] RTP_RX pkts=148050 meta=35096 frames_rx=35135
[RTX-GST] RTP_RX pkts=148080 meta=35101 frames_rx=35141
[RTX-GST] RTP_RX pkts=148110 meta=35108 frames_rx=35148
[RTX-GST] VIDEO frames_rx=35150 fps=23.2 assoc_ok=31369 assoc_miss=2242 ctrl_sent=31369 infer_avg=0.07ms
[RTX-GST] RTP_RX pkts=148140 meta=35116 frames_rx=35156
[RTX-GST] RTP_RX pkts=148170 meta=35123 frames_rx=35163
[RTX-GST] RTP_RX pkts=148200 meta=35131 frames_rx=35171
[RTX-GST] RTP_RX pkts=148230 meta=35136 frames_rx=35176
[RTX-GST] VIDEO frames_rx=35180 fps=23.2 assoc_ok=31398 assoc_miss=2243 ctrl_sent=31398 infer_avg=0.07ms
[RTX-GST] SAVED n=31400 dropped=0 recv2save_p50=0.98ms recv2save_p95=1.38ms
[RTX-GST] RTP_RX pkts=148260 meta=35144 frames_rx=35184
[RTX-GST] RTP_RX pkts=148290 meta=35152 frames_rx=35191
[RTX-GST] RTP_RX pkts=148320 meta=35159 frames_rx=35199
[RTX-GST] RTP_RX pkts=148350 meta=35165 frames_rx=35205
[RTX-GST] VIDEO frames_rx=35211 fps=23.2 assoc_ok=31424 assoc_miss=2248 ctrl_sent=31424 infer_avg=0.06ms
[RTX-GST] RTP_RX pkts=148380 meta=35173 frames_rx=35213
[RTX-GST] RTP_RX pkts=148410 meta=35180 frames_rx=35220
[RTX-GST] RTP_RX pkts=148440 meta=35187 frames_rx=35227
[RTX-GST] RTP_RX pkts=148470 meta=35193 frames_rx=35233
[RTX-GST] VIDEO frames_rx=35241 fps=23.2 assoc_ok=31452 assoc_miss=2249 ctrl_sent=31452 infer_avg=0.05ms
[RTX-GST] RTP_RX pkts=148500 meta=35200 frames_rx=35241
[RTX-GST] RTP_RX pkts=148530 meta=35207 frames_rx=35248
[RTX-GST] RTP_RX pkts=148560 meta=35215 frames_rx=35256
[RTX-GST] RTP_RX pkts=148590 meta=35220 frames_rx=35262
[RTX-GST] RTP_RX pkts=148620 meta=35227 frames_rx=35269
[RTX-GST] VIDEO frames_rx=35272 fps=23.2 assoc_ok=31478 assoc_miss=2251 ctrl_sent=31478 infer_avg=0.08ms
[RTX-GST] RTP_RX pkts=148650 meta=35235 frames_rx=35277
[RTX-GST] RTP_RX pkts=148680 meta=35242 frames_rx=35284
[RTX-GST] RTP_RX pkts=148710 meta=35249 frames_rx=35291
[RTX-GST] SAVED n=31500 dropped=0 recv2save_p50=1.01ms recv2save_p95=1.42ms
[RTX-GST] RTP_RX pkts=148740 meta=35256 frames_rx=35298
[RTX-GST] VIDEO frames_rx=35303 fps=23.2 assoc_ok=31508 assoc_miss=2252 ctrl_sent=31508 infer_avg=0.09ms
[RTX-GST] RTP_RX pkts=148770 meta=35263 frames_rx=35306
[RTX-GST] RTP_RX pkts=148800 meta=35271 frames_rx=35313
[RTX-GST] RTP_RX pkts=148830 meta=35279 frames_rx=35321
[RTX-GST] RTP_RX pkts=148860 meta=35286 frames_rx=35327
[RTX-GST] VIDEO frames_rx=35332 fps=23.2 assoc_ok=31532 assoc_miss=2256 ctrl_sent=31532 infer_avg=0.06ms
[RTX-GST] RTP_RX pkts=148890 meta=35293 frames_rx=35334
[RTX-GST] RTP_RX pkts=148920 meta=35301 frames_rx=35342
[RTX-GST] RTP_RX pkts=148950 meta=35309 frames_rx=35350
[RTX-GST] RTP_RX pkts=148980 meta=35315 frames_rx=35356
[RTX-GST] VIDEO frames_rx=35363 fps=23.2 assoc_ok=31557 assoc_miss=2260 ctrl_sent=31557 infer_avg=0.09ms
[RTX-GST] RTP_RX pkts=149010 meta=35322 frames_rx=35363
[RTX-GST] RTP_RX pkts=149040 meta=35330 frames_rx=35371
[RTX-GST] RTP_RX pkts=149070 meta=35337 frames_rx=35378
[RTX-GST] RTP_RX pkts=149100 meta=35343 frames_rx=35384
[RTX-GST] RTP_RX pkts=149130 meta=35351 frames_rx=35392
[RTX-GST] VIDEO frames_rx=35394 fps=23.2 assoc_ok=31584 assoc_miss=2261 ctrl_sent=31584 infer_avg=0.07ms
[RTX-GST] RTP_RX pkts=149160 meta=35358 frames_rx=35399
[RTX-GST] RTP_RX pkts=149190 meta=35366 frames_rx=35407
[RTX-GST] SAVED n=31600 dropped=0 recv2save_p50=1.04ms recv2save_p95=1.44ms
[RTX-GST] RTP_RX pkts=149220 meta=35372 frames_rx=35413
[RTX-GST] RTP_RX pkts=149250 meta=35379 frames_rx=35421
[RTX-GST] VIDEO frames_rx=35425 fps=23.2 assoc_ok=31613 assoc_miss=2263 ctrl_sent=31613 infer_avg=0.06ms
[RTX-GST] RTP_RX pkts=149280 meta=35387 frames_rx=35428
[RTX-GST] RTP_RX pkts=149310 meta=35394 frames_rx=35435
[RTX-GST] RTP_RX pkts=149340 meta=35400 frames_rx=35441
[RTX-GST] RTP_RX pkts=149370 meta=35408 frames_rx=35449
[RTX-GST] VIDEO frames_rx=35456 fps=23.2 assoc_ok=31640 assoc_miss=2266 ctrl_sent=31640 infer_avg=0.06ms
[RTX-GST] RTP_RX pkts=149400 meta=35416 frames_rx=35457
[RTX-GST] RTP_RX pkts=149430 meta=35423 frames_rx=35465
[RTX-GST] RTP_RX pkts=149460 meta=35429 frames_rx=35470
[RTX-GST] RTP_RX pkts=149490 meta=35437 frames_rx=35478
[RTX-GST] RTP_RX pkts=149520 meta=35444 frames_rx=35486
[RTX-GST] VIDEO frames_rx=35487 fps=23.2 assoc_ok=31668 assoc_miss=2269 ctrl_sent=31668 infer_avg=0.07ms
[RTX-GST] RTP_RX pkts=149550 meta=35452 frames_rx=35493
[RTX-GST] RTP_RX pkts=149580 meta=35459 frames_rx=35500
[RTX-GST] RTP_RX pkts=149610 meta=35466 frames_rx=35507
[RTX-GST] RTP_RX pkts=149640 meta=35473 frames_rx=35515
[RTX-GST] VIDEO frames_rx=35517 fps=23.2 assoc_ok=31683 assoc_miss=2270 ctrl_sent=31683 infer_avg=0.05ms
[RTX-GST] RTP_RX pkts=149670 meta=35481 frames_rx=35522
[RTX-GST] RTP_RX pkts=149700 meta=35489 frames_rx=35530
[RTX-GST] RTP_RX pkts=149730 meta=35494 frames_rx=35535
[RTX-GST] SAVED n=31700 dropped=0 recv2save_p50=1.04ms recv2save_p95=1.44ms
[RTX-GST] RTP_RX pkts=149760 meta=35501 frames_rx=35543
[RTX-GST] VIDEO frames_rx=35547 fps=23.2 assoc_ok=31706 assoc_miss=2276 ctrl_sent=31706 infer_avg=0.09ms
[RTX-GST] RTP_RX pkts=149790 meta=35509 frames_rx=35550
[RTX-GST] RTP_RX pkts=149820 meta=35517 frames_rx=35558
[RTX-GST] RTP_RX pkts=149850 meta=35523 frames_rx=35564
[RTX-GST] RTP_RX pkts=149880 meta=35530 frames_rx=35571
[RTX-GST] VIDEO frames_rx=35578 fps=23.2 assoc_ok=31736 assoc_miss=2277 ctrl_sent=31736 infer_avg=0.07ms
[RTX-GST] RTP_RX pkts=149910 meta=35538 frames_rx=35579
[RTX-GST] RTP_RX pkts=149940 meta=35545 frames_rx=35586
[RTX-GST] RTP_RX pkts=149970 meta=35551 frames_rx=35592
[RTX-GST] RTP_RX pkts=150000 meta=35558 frames_rx=35599
[RTX-GST] RTP_RX pkts=150030 meta=35566 frames_rx=35607
[RTX-GST] VIDEO frames_rx=35609 fps=23.2 assoc_ok=31764 assoc_miss=2279 ctrl_sent=31764 infer_avg=0.08ms
[RTX-GST] RTP_RX pkts=150060 meta=35574 frames_rx=35615
[RTX-GST] RTP_RX pkts=150090 meta=35579 frames_rx=35620
[RTX-GST] RTP_RX pkts=150120 meta=35587 frames_rx=35628
[RTX-GST] RTP_RX pkts=150150 meta=35595 frames_rx=35636
[RTX-GST] VIDEO frames_rx=35640 fps=23.2 assoc_ok=31793 assoc_miss=2281 ctrl_sent=31793 infer_avg=0.08ms
[RTX-GST] RTP_RX pkts=150180 meta=35601 frames_rx=35643
[RTX-GST] SAVED n=31800 dropped=0 recv2save_p50=1.04ms recv2save_p95=1.44ms
[RTX-GST] RTP_RX pkts=150210 meta=35609 frames_rx=35650
[RTX-GST] RTP_RX pkts=150240 meta=35615 frames_rx=35657
[RTX-GST] RTP_RX pkts=150270 meta=35623 frames_rx=35664
[RTX-GST] VIDEO frames_rx=35670 fps=23.2 assoc_ok=31822 assoc_miss=2282 ctrl_sent=31822 infer_avg=0.09ms
[RTX-GST] RTP_RX pkts=150300 meta=35631 frames_rx=35671
[RTX-GST] RTP_RX pkts=150330 meta=35638 frames_rx=35678
[RTX-GST] RTP_RX pkts=150360 meta=35644 frames_rx=35684
[RTX-GST] RTP_RX pkts=150390 meta=35652 frames_rx=35691
[RTX-GST] RTP_RX pkts=150420 meta=35659 frames_rx=35698
[RTX-GST] RTP_RX pkts=150450 meta=35667 frames_rx=35706
[RTX-GST] RTP_RX pkts=150480 meta=35673 frames_rx=35712
[RTX-GST] RTP_RX pkts=150510 meta=35681 frames_rx=35720
[RTX-GST] VIDEO frames_rx=35724 fps=23.2 assoc_ok=31845 assoc_miss=2284 ctrl_sent=31845 infer_avg=0.07ms
[RTX-GST] RTP_RX pkts=150540 meta=35688 frames_rx=35727
[RTX-GST] RTP_RX pkts=150570 meta=35696 frames_rx=35735
[RTX-GST] RTP_RX pkts=150600 meta=35701 frames_rx=35740
[RTX-GST] RTP_RX pkts=150630 meta=35709 frames_rx=35748
[RTX-GST] RTP_RX pkts=150660 meta=35716 frames_rx=35755
[RTX-GST] VIDEO frames_rx=35756 fps=23.2 assoc_ok=31874 assoc_miss=2287 ctrl_sent=31874 infer_avg=0.08ms
[RTX-GST] RTP_RX pkts=150690 meta=35724 frames_rx=35763
[RTX-GST] RTP_RX pkts=150720 meta=35730 frames_rx=35769
[RTX-GST] RTP_RX pkts=150750 meta=35737 frames_rx=35776
[RTX-GST] SAVED n=31900 dropped=0 recv2save_p50=1.05ms recv2save_p95=1.46ms
[RTX-GST] RTP_RX pkts=150780 meta=35745 frames_rx=35784
[RTX-GST] VIDEO frames_rx=35786 fps=23.3 assoc_ok=31903 assoc_miss=2288 ctrl_sent=31903 infer_avg=0.06ms
[RTX-GST] RTP_RX pkts=150810 meta=35752 frames_rx=35791
[RTX-GST] RTP_RX pkts=150840 meta=35759 frames_rx=35798
[RTX-GST] RTP_RX pkts=150870 meta=35766 frames_rx=35805
[RTX-GST] RTP_RX pkts=150900 meta=35774 frames_rx=35813
[RTX-GST] VIDEO frames_rx=35817 fps=23.3 assoc_ok=31931 assoc_miss=2291 ctrl_sent=31931 infer_avg=0.10ms
[RTX-GST] RTP_RX pkts=150930 meta=35781 frames_rx=35820
[RTX-GST] RTP_RX pkts=150960 meta=35788 frames_rx=35827
[RTX-GST] RTP_RX pkts=150990 meta=35795 frames_rx=35833
[RTX-GST] RTP_RX pkts=151020 meta=35803 frames_rx=35841
[RTX-GST] VIDEO frames_rx=35846 fps=23.3 assoc_ok=31961 assoc_miss=2291 ctrl_sent=31961 infer_avg=0.10ms
[RTX-GST] RTP_RX pkts=151050 meta=35810 frames_rx=35848
[RTX-GST] RTP_RX pkts=151080 meta=35818 frames_rx=35856
[RTX-GST] RTP_RX pkts=151110 meta=35824 frames_rx=35862
[RTX-GST] RTP_RX pkts=151140 meta=35831 frames_rx=35869
[RTX-GST] RTP_RX pkts=151170 meta=35839 frames_rx=35877
[RTX-GST] VIDEO frames_rx=35878 fps=23.3 assoc_ok=31991 assoc_miss=2291 ctrl_sent=31991 infer_avg=0.11ms
[RTX-GST] RTP_RX pkts=151200 meta=35846 frames_rx=35885
[RTX-GST] SAVED n=32000 dropped=0 recv2save_p50=1.04ms recv2save_p95=1.47ms
[RTX-GST] RTP_RX pkts=151230 meta=35853 frames_rx=35891
[RTX-GST] RTP_RX pkts=151260 meta=35860 frames_rx=35898
[RTX-GST] RTP_RX pkts=151290 meta=35868 frames_rx=35906
[RTX-GST] VIDEO frames_rx=35908 fps=23.3 assoc_ok=32020 assoc_miss=2293 ctrl_sent=32020 infer_avg=0.09ms
[RTX-GST] RTP_RX pkts=151320 meta=35875 frames_rx=35913
[RTX-GST] RTP_RX pkts=151350 meta=35880 frames_rx=35919
[RTX-GST] RTP_RX pkts=151380 meta=35888 frames_rx=35927
[RTX-GST] RTP_RX pkts=151410 meta=35896 frames_rx=35934
[RTX-GST] VIDEO frames_rx=35939 fps=23.3 assoc_ok=32049 assoc_miss=2295 ctrl_sent=32049 infer_avg=0.08ms
[RTX-GST] RTP_RX pkts=151440 meta=35903 frames_rx=35941
[RTX-GST] RTP_RX pkts=151470 meta=35909 frames_rx=35947
[RTX-GST] RTP_RX pkts=151500 meta=35917 frames_rx=35955
[RTX-GST] RTP_RX pkts=151530 meta=35924 frames_rx=35962
[RTX-GST] VIDEO frames_rx=35970 fps=23.3 assoc_ok=32078 assoc_miss=2297 ctrl_sent=32078 infer_avg=0.07ms
[RTX-GST] RTP_RX pkts=151560 meta=35932 frames_rx=35970
[RTX-GST] RTP_RX pkts=151590 meta=35938 frames_rx=35976
[RTX-GST] RTP_RX pkts=151620 meta=35946 frames_rx=35984
[RTX-GST] SAVED n=32100 dropped=0 recv2save_p50=1.00ms recv2save_p95=1.46ms
[RTX-GST] RTP_RX pkts=151650 meta=35954 frames_rx=35992
[RTX-GST] RTP_RX pkts=151680 meta=35962 frames_rx=36000
[RTX-GST] VIDEO frames_rx=36001 fps=23.3 assoc_ok=32106 assoc_miss=2297 ctrl_sent=32106 infer_avg=0.08ms
[RTX-GST] RTP_RX pkts=151710 meta=35968 frames_rx=36005
[RTX-GST] RTP_RX pkts=151740 meta=35976 frames_rx=36012
[RTX-GST] RTP_RX pkts=151770 meta=35984 frames_rx=36020
[RTX-GST] RTP_RX pkts=151800 meta=35991 frames_rx=36028
[RTX-GST] VIDEO frames_rx=36029 fps=23.3 assoc_ok=32133 assoc_miss=2297 ctrl_sent=32133 infer_avg=0.07ms
[RTX-GST] RTP_RX pkts=151830 meta=35997 frames_rx=36033
[RTX-GST] RTP_RX pkts=151860 meta=36004 frames_rx=36040
[RTX-GST] RTP_RX pkts=151890 meta=36012 frames_rx=36048
[RTX-GST] RTP_RX pkts=151920 meta=36020 frames_rx=36056
[RTX-GST] VIDEO frames_rx=36060 fps=23.3 assoc_ok=32162 assoc_miss=2299 ctrl_sent=32162 infer_avg=0.07ms
[RTX-GST] RTP_RX pkts=151950 meta=36027 frames_rx=36063
[RTX-GST] RTP_RX pkts=151980 meta=36033 frames_rx=36069
[RTX-GST] RTP_RX pkts=152010 meta=36041 frames_rx=36077
[RTX-GST] RTP_RX pkts=152040 meta=36049 frames_rx=36085
[RTX-GST] VIDEO frames_rx=36090 fps=23.3 assoc_ok=32190 assoc_miss=2301 ctrl_sent=32190 infer_avg=0.06ms
[RTX-GST] RTP_RX pkts=152070 meta=36056 frames_rx=36092
[RTX-GST] RTP_RX pkts=152100 meta=36062 frames_rx=36098
[RTX-GST] SAVED n=32200 dropped=0 recv2save_p50=0.96ms recv2save_p95=1.44ms
[RTX-GST] RTP_RX pkts=152130 meta=36069 frames_rx=36106
[RTX-GST] RTP_RX pkts=152160 meta=36077 frames_rx=36113
[RTX-GST] VIDEO frames_rx=36121 fps=23.3 assoc_ok=32220 assoc_miss=2302 ctrl_sent=32220 infer_avg=0.07ms
[RTX-GST] RTP_RX pkts=152190 meta=36085 frames_rx=36121
[RTX-GST] RTP_RX pkts=152220 meta=36090 frames_rx=36126
[RTX-GST] RTP_RX pkts=152250 meta=36097 frames_rx=36134
[RTX-GST] RTP_RX pkts=152280 meta=36105 frames_rx=36142
[RTX-GST] RTP_RX pkts=152310 meta=36112 frames_rx=36149
[RTX-GST] VIDEO frames_rx=36150 fps=23.3 assoc_ok=32246 assoc_miss=2305 ctrl_sent=32246 infer_avg=0.08ms
[RTX-GST] RTP_RX pkts=152340 meta=36118 frames_rx=36155
[RTX-GST] RTP_RX pkts=152370 meta=36125 frames_rx=36162
[RTX-GST] RTP_RX pkts=152400 meta=36133 frames_rx=36170
[RTX-GST] RTP_RX pkts=152430 meta=36141 frames_rx=36177
[RTX-GST] VIDEO frames_rx=36181 fps=23.3 assoc_ok=32277 assoc_miss=2305 ctrl_sent=32277 infer_avg=0.07ms
[RTX-GST] RTP_RX pkts=152460 meta=36146 frames_rx=36183
[RTX-GST] RTP_RX pkts=152490 meta=36154 frames_rx=36191
[RTX-GST] RTP_RX pkts=152520 meta=36161 frames_rx=36198
[RTX-GST] SAVED n=32300 dropped=0 recv2save_p50=0.96ms recv2save_p95=1.41ms
[RTX-GST] RTP_RX pkts=152550 meta=36169 frames_rx=36206
[RTX-GST] VIDEO frames_rx=36212 fps=23.3 assoc_ok=32306 assoc_miss=2307 ctrl_sent=32306 infer_avg=0.08ms
[RTX-GST] RTP_RX pkts=152580 meta=36175 frames_rx=36212
[RTX-GST] RTP_RX pkts=152610 meta=36182 frames_rx=36219
[RTX-GST] RTP_RX pkts=152640 meta=36189 frames_rx=36226
[RTX-GST] RTP_RX pkts=152670 meta=36197 frames_rx=36234
[RTX-GST] RTP_RX pkts=152700 meta=36204 frames_rx=36241
[RTX-GST] VIDEO frames_rx=36242 fps=23.3 assoc_ok=32334 assoc_miss=2309 ctrl_sent=32334 infer_avg=0.08ms
[RTX-GST] RTP_RX pkts=152730 meta=36210 frames_rx=36247
[RTX-GST] RTP_RX pkts=152760 meta=36218 frames_rx=36255
[RTX-GST] RTP_RX pkts=152790 meta=36225 frames_rx=36262
[RTX-GST] RTP_RX pkts=152820 meta=36233 frames_rx=36270
[RTX-GST] VIDEO frames_rx=36273 fps=23.3 assoc_ok=32363 assoc_miss=2311 ctrl_sent=32363 infer_avg=0.09ms
[RTX-GST] RTP_RX pkts=152850 meta=36239 frames_rx=36275
[RTX-GST] RTP_RX pkts=152880 meta=36246 frames_rx=36283
[RTX-GST] RTP_RX pkts=152910 meta=36253 frames_rx=36290
[RTX-GST] RTP_RX pkts=152940 meta=36261 frames_rx=36298
[RTX-GST] VIDEO frames_rx=36301 fps=23.3 assoc_ok=32385 assoc_miss=2314 ctrl_sent=32385 infer_avg=0.08ms
[RTX-GST] RTP_RX pkts=152970 meta=36269 frames_rx=36306
[RTX-GST] RTP_RX pkts=153000 meta=36276 frames_rx=36313
[RTX-GST] SAVED n=32400 dropped=0 recv2save_p50=0.96ms recv2save_p95=1.38ms
[RTX-GST] RTP_RX pkts=153030 meta=36283 frames_rx=36321
[RTX-GST] RTP_RX pkts=153060 meta=36289 frames_rx=36326
[RTX-GST] VIDEO frames_rx=36331 fps=23.3 assoc_ok=32412 assoc_miss=2315 ctrl_sent=32412 infer_avg=0.07ms
[RTX-GST] RTP_RX pkts=153090 meta=36297 frames_rx=36334
[RTX-GST] RTP_RX pkts=153120 meta=36304 frames_rx=36341
[RTX-GST] RTP_RX pkts=153150 meta=36312 frames_rx=36349
[RTX-GST] RTP_RX pkts=153180 meta=36318 frames_rx=36355
[RTX-GST] VIDEO frames_rx=36362 fps=23.3 assoc_ok=32441 assoc_miss=2317 ctrl_sent=32441 infer_avg=0.07ms
[RTX-GST] RTP_RX pkts=153210 meta=36325 frames_rx=36362
[RTX-GST] RTP_RX pkts=153240 meta=36333 frames_rx=36370
[RTX-GST] RTP_RX pkts=153270 meta=36340 frames_rx=36377
[RTX-GST] RTP_RX pkts=153300 meta=36346 frames_rx=36383
[RTX-GST] RTP_RX pkts=153330 meta=36353 frames_rx=36390
[RTX-GST] VIDEO frames_rx=36392 fps=23.3 assoc_ok=32471 assoc_miss=2317 ctrl_sent=32471 infer_avg=0.08ms
[RTX-GST] RTP_RX pkts=153360 meta=36361 frames_rx=36398
[RTX-GST] RTP_RX pkts=153390 meta=36368 frames_rx=36405
[RTX-GST] RTP_RX pkts=153420 meta=36374 frames_rx=36411
[RTX-GST] RTP_RX pkts=153450 meta=36382 frames_rx=36419
[RTX-GST] SAVED n=32500 dropped=0 recv2save_p50=0.96ms recv2save_p95=1.32ms
[RTX-GST] VIDEO frames_rx=36423 fps=23.3 assoc_ok=32502 assoc_miss=2317 ctrl_sent=32502 infer_avg=0.09ms
[RTX-GST] RTP_RX pkts=153480 meta=36389 frames_rx=36426
[RTX-GST] RTP_RX pkts=153510 meta=36397 frames_rx=36434
[RTX-GST] RTP_RX pkts=153540 meta=36404 frames_rx=36441
[RTX-GST] RTP_RX pkts=153570 meta=36410 frames_rx=36447
[RTX-GST] VIDEO frames_rx=36454 fps=23.3 assoc_ok=32531 assoc_miss=2318 ctrl_sent=32531 infer_avg=0.08ms
[RTX-GST] RTP_RX pkts=153600 meta=36417 frames_rx=36454
[RTX-GST] RTP_RX pkts=153630 meta=36425 frames_rx=36462
[RTX-GST] RTP_RX pkts=153660 meta=36432 frames_rx=36470
[RTX-GST] RTP_RX pkts=153690 meta=36438 frames_rx=36475
[RTX-GST] RTP_RX pkts=153720 meta=36446 frames_rx=36483
[RTX-GST] VIDEO frames_rx=36485 fps=23.3 assoc_ok=32559 assoc_miss=2321 ctrl_sent=32559 infer_avg=0.14ms
[RTX-GST] RTP_RX pkts=153750 meta=36453 frames_rx=36490
[RTX-GST] RTP_RX pkts=153780 meta=36460 frames_rx=36497
[RTX-GST] RTP_RX pkts=153810 meta=36466 frames_rx=36503
[RTX-GST] RTP_RX pkts=153840 meta=36474 frames_rx=36511
[RTX-GST] VIDEO frames_rx=36516 fps=23.3 assoc_ok=32590 assoc_miss=2321 ctrl_sent=32590 infer_avg=0.10ms
[RTX-GST] RTP_RX pkts=153870 meta=36481 frames_rx=36518
[RTX-GST] SAVED n=32600 dropped=0 recv2save_p50=0.98ms recv2save_p95=1.39ms
[RTX-GST] RTP_RX pkts=153900 meta=36489 frames_rx=36526
[RTX-GST] RTP_RX pkts=153930 meta=36495 frames_rx=36531
[RTX-GST] RTP_RX pkts=153960 meta=36502 frames_rx=36539
[RTX-GST] RTP_RX pkts=153990 meta=36509 frames_rx=36546
[RTX-GST] VIDEO frames_rx=36548 fps=23.4 assoc_ok=32618 assoc_miss=2324 ctrl_sent=32618 infer_avg=0.07ms
[RTX-GST] RTP_RX pkts=154020 meta=36517 frames_rx=36554
[RTX-GST] RTP_RX pkts=154050 meta=36524 frames_rx=36561
[RTX-GST] RTP_RX pkts=154080 meta=36530 frames_rx=36567
[RTX-GST] RTP_RX pkts=154110 meta=36538 frames_rx=36575
[RTX-GST] VIDEO frames_rx=36579 fps=23.4 assoc_ok=32649 assoc_miss=2324 ctrl_sent=32649 infer_avg=0.09ms
[RTX-GST] RTP_RX pkts=154140 meta=36545 frames_rx=36582
[RTX-GST] RTP_RX pkts=154170 meta=36553 frames_rx=36590
[RTX-GST] RTP_RX pkts=154200 meta=36558 frames_rx=36595
[RTX-GST] RTP_RX pkts=154230 meta=36566 frames_rx=36603
[RTX-GST] VIDEO frames_rx=36609 fps=23.4 assoc_ok=32679 assoc_miss=2324 ctrl_sent=32679 infer_avg=0.08ms
[RTX-GST] RTP_RX pkts=154260 meta=36573 frames_rx=36610
[RTX-GST] RTP_RX pkts=154290 meta=36581 frames_rx=36618
[RTX-GST] RTP_RX pkts=154320 meta=36587 frames_rx=36624
[RTX-GST] RTP_RX pkts=154350 meta=36594 frames_rx=36631
[RTX-GST] SAVED n=32700 dropped=0 recv2save_p50=1.01ms recv2save_p95=1.40ms
[RTX-GST] RTP_RX pkts=154380 meta=36602 frames_rx=36639
[RTX-GST] VIDEO frames_rx=36640 fps=23.4 assoc_ok=32708 assoc_miss=2326 ctrl_sent=32708 infer_avg=0.07ms
[RTX-GST] RTP_RX pkts=154410 meta=36609 frames_rx=36646
[RTX-GST] RTP_RX pkts=154440 meta=36615 frames_rx=36652
[RTX-GST] RTP_RX pkts=154470 meta=36622 frames_rx=36659
[RTX-GST] RTP_RX pkts=154500 meta=36630 frames_rx=36667
[RTX-GST] VIDEO frames_rx=36670 fps=23.4 assoc_ok=32736 assoc_miss=2328 ctrl_sent=32736 infer_avg=0.07ms
[RTX-GST] RTP_RX pkts=154530 meta=36637 frames_rx=36674
[RTX-GST] RTP_RX pkts=154560 meta=36644 frames_rx=36681
[RTX-GST] RTP_RX pkts=154590 meta=36651 frames_rx=36688
[RTX-GST] RTP_RX pkts=154620 meta=36658 frames_rx=36695
[RTX-GST] VIDEO frames_rx=36701 fps=23.4 assoc_ok=32764 assoc_miss=2330 ctrl_sent=32764 infer_avg=0.08ms
[RTX-GST] RTP_RX pkts=154650 meta=36665 frames_rx=36703
[RTX-GST] RTP_RX pkts=154680 meta=36673 frames_rx=36710
[RTX-GST] RTP_RX pkts=154710 meta=36679 frames_rx=36716
[RTX-GST] RTP_RX pkts=154740 meta=36686 frames_rx=36723
[RTX-GST] VIDEO frames_rx=36731 fps=23.4 assoc_ok=32791 assoc_miss=2334 ctrl_sent=32791 infer_avg=0.07ms
[RTX-GST] RTP_RX pkts=154770 meta=36694 frames_rx=36731
[RTX-GST] RTP_RX pkts=154800 meta=36701 frames_rx=36738
[RTX-GST] SAVED n=32800 dropped=0 recv2save_p50=1.03ms recv2save_p95=1.43ms
[RTX-GST] RTP_RX pkts=154830 meta=36707 frames_rx=36744
[RTX-GST] RTP_RX pkts=154860 meta=36715 frames_rx=36752
[RTX-GST] RTP_RX pkts=154890 meta=36722 frames_rx=36759
[RTX-GST] VIDEO frames_rx=36761 fps=23.4 assoc_ok=32820 assoc_miss=2335 ctrl_sent=32820 infer_avg=0.08ms
[RTX-GST] RTP_RX pkts=154920 meta=36730 frames_rx=36767
[RTX-GST] RTP_RX pkts=154950 meta=36735 frames_rx=36772
[RTX-GST] RTP_RX pkts=154980 meta=36743 frames_rx=36780
[RTX-GST] RTP_RX pkts=155010 meta=36750 frames_rx=36787
[RTX-GST] VIDEO frames_rx=36792 fps=23.4 assoc_ok=32850 assoc_miss=2336 ctrl_sent=32850 infer_avg=0.12ms
[RTX-GST] RTP_RX pkts=155040 meta=36758 frames_rx=36795
[RTX-GST] RTP_RX pkts=155070 meta=36764 frames_rx=36801
[RTX-GST] RTP_RX pkts=155100 meta=36771 frames_rx=36808
[RTX-GST] RTP_RX pkts=155130 meta=36779 frames_rx=36816
[RTX-GST] VIDEO frames_rx=36822 fps=23.4 assoc_ok=32880 assoc_miss=2336 ctrl_sent=32880 infer_avg=0.11ms
[RTX-GST] RTP_RX pkts=155160 meta=36786 frames_rx=36823
[RTX-GST] RTP_RX pkts=155190 meta=36794 frames_rx=36831
[RTX-GST] RTP_RX pkts=155220 meta=36799 frames_rx=36837
[RTX-GST] SAVED n=32900 dropped=0 recv2save_p50=1.06ms recv2save_p95=1.48ms
[RTX-GST] RTP_RX pkts=155250 meta=36807 frames_rx=36844
[RTX-GST] RTP_RX pkts=155280 meta=36814 frames_rx=36851
[RTX-GST] VIDEO frames_rx=36852 fps=23.4 assoc_ok=32909 assoc_miss=2337 ctrl_sent=32909 infer_avg=0.10ms
[RTX-GST] RTP_RX pkts=155310 meta=36822 frames_rx=36859
[RTX-GST] RTP_RX pkts=155340 meta=36828 frames_rx=36865
[RTX-GST] RTP_RX pkts=155370 meta=36835 frames_rx=36872
[RTX-GST] RTP_RX pkts=155400 meta=36843 frames_rx=36880
[RTX-GST] VIDEO frames_rx=36883 fps=23.4 assoc_ok=32938 assoc_miss=2339 ctrl_sent=32938 infer_avg=0.10ms
[RTX-GST] RTP_RX pkts=155430 meta=36850 frames_rx=36887
[RTX-GST] RTP_RX pkts=155460 meta=36856 frames_rx=36893
[RTX-GST] RTP_RX pkts=155490 meta=36863 frames_rx=36900
[RTX-GST] RTP_RX pkts=155520 meta=36871 frames_rx=36908
[RTX-GST] VIDEO frames_rx=36913 fps=23.4 assoc_ok=32965 assoc_miss=2341 ctrl_sent=32965 infer_avg=0.07ms
[RTX-GST] RTP_RX pkts=155550 meta=36878 frames_rx=36915
[RTX-GST] RTP_RX pkts=155580 meta=36884 frames_rx=36921
[RTX-GST] RTP_RX pkts=155610 meta=36892 frames_rx=36929
[RTX-GST] RTP_RX pkts=155640 meta=36899 frames_rx=36936
[RTX-GST] RTP_RX pkts=155670 meta=36907 frames_rx=36944
[RTX-GST] VIDEO frames_rx=36945 fps=23.4 assoc_ok=32997 assoc_miss=2341 ctrl_sent=32997 infer_avg=0.06ms
[RTX-GST] SAVED n=33000 dropped=0 recv2save_p50=1.04ms recv2save_p95=1.47ms
[RTX-GST] RTP_RX pkts=155700 meta=36914 frames_rx=36951
[RTX-GST] RTP_RX pkts=155730 meta=36920 frames_rx=36957
[RTX-GST] RTP_RX pkts=155760 meta=36927 frames_rx=36965
[RTX-GST] RTP_RX pkts=155790 meta=36935 frames_rx=36972
[RTX-GST] VIDEO frames_rx=36976 fps=23.4 assoc_ok=33023 assoc_miss=2344 ctrl_sent=33023 infer_avg=0.07ms
[RTX-GST] RTP_RX pkts=155820 meta=36942 frames_rx=36979
[RTX-GST] RTP_RX pkts=155850 meta=36948 frames_rx=36985
[RTX-GST] RTP_RX pkts=155880 meta=36956 frames_rx=36993
[RTX-GST] RTP_RX pkts=155910 meta=36963 frames_rx=37000
[RTX-GST] VIDEO frames_rx=37006 fps=23.4 assoc_ok=33051 assoc_miss=2346 ctrl_sent=33051 infer_avg=0.07ms
[RTX-GST] RTP_RX pkts=155940 meta=36971 frames_rx=37008
[RTX-GST] RTP_RX pkts=155970 meta=36976 frames_rx=37013
[RTX-GST] RTP_RX pkts=156000 meta=36984 frames_rx=37021
[RTX-GST] RTP_RX pkts=156030 meta=36991 frames_rx=37029
[RTX-GST] RTP_RX pkts=156060 meta=36999 frames_rx=37036
[RTX-GST] VIDEO frames_rx=37037 fps=23.4 assoc_ok=33082 assoc_miss=2346 ctrl_sent=33082 infer_avg=0.06ms
[RTX-GST] RTP_RX pkts=156090 meta=37005 frames_rx=37042
[RTX-GST] RTP_RX pkts=156120 meta=37012 frames_rx=37049
[RTX-GST] RTP_RX pkts=156150 meta=37019 frames_rx=37057
[RTX-GST] RTP_RX pkts=156180 meta=37026 frames_rx=37064
[RTX-GST] VIDEO frames_rx=37067 fps=23.4 assoc_ok=33100 assoc_miss=2347 ctrl_sent=33100 infer_avg=0.06ms
[RTX-GST] SAVED n=33100 dropped=0 recv2save_p50=0.99ms recv2save_p95=1.44ms
[RTX-GST] RTP_RX pkts=156210 meta=37033 frames_rx=37071
[RTX-GST] RTP_RX pkts=156240 meta=37039 frames_rx=37077
[RTX-GST] RTP_RX pkts=156270 meta=37047 frames_rx=37085
[RTX-GST] RTP_RX pkts=156300 meta=37054 frames_rx=37093
[RTX-GST] VIDEO frames_rx=37098 fps=23.4 assoc_ok=33126 assoc_miss=2348 ctrl_sent=33126 infer_avg=0.07ms
[RTX-GST] RTP_RX pkts=156330 meta=37062 frames_rx=37100
[RTX-GST] RTP_RX pkts=156360 meta=37068 frames_rx=37106
[RTX-GST] RTP_RX pkts=156390 meta=37075 frames_rx=37113
[RTX-GST] RTP_RX pkts=156420 meta=37083 frames_rx=37121
[RTX-GST] RTP_RX pkts=156450 meta=37090 frames_rx=37128
[RTX-GST] VIDEO frames_rx=37129 fps=23.4 assoc_ok=33157 assoc_miss=2348 ctrl_sent=33157 infer_avg=0.07ms
[RTX-GST] RTP_RX pkts=156480 meta=37096 frames_rx=37134
[RTX-GST] RTP_RX pkts=156510 meta=37103 frames_rx=37141
[RTX-GST] RTP_RX pkts=156540 meta=37111 frames_rx=37149
[RTX-GST] RTP_RX pkts=156570 meta=37118 frames_rx=37156
[RTX-GST] VIDEO frames_rx=37159 fps=23.4 assoc_ok=33186 assoc_miss=2349 ctrl_sent=33186 infer_avg=0.07ms
[RTX-GST] RTP_RX pkts=156600 meta=37124 frames_rx=37162
[RTX-GST] RTP_RX pkts=156630 meta=37132 frames_rx=37170
[RTX-GST] SAVED n=33200 dropped=0 recv2save_p50=0.98ms recv2save_p95=1.44ms
[RTX-GST] RTP_RX pkts=156660 meta=37139 frames_rx=37177
[RTX-GST] RTP_RX pkts=156690 meta=37147 frames_rx=37185
[RTX-GST] VIDEO frames_rx=37189 fps=23.4 assoc_ok=33215 assoc_miss=2350 ctrl_sent=33215 infer_avg=0.08ms
[RTX-GST] RTP_RX pkts=156720 meta=37153 frames_rx=37191
[RTX-GST] RTP_RX pkts=156750 meta=37160 frames_rx=37198
[RTX-GST] RTP_RX pkts=156780 meta=37167 frames_rx=37205
[RTX-GST] RTP_RX pkts=156810 meta=37176 frames_rx=37214
[RTX-GST] VIDEO frames_rx=37219 fps=23.4 assoc_ok=33231 assoc_miss=2354 ctrl_sent=33231 infer_avg=0.10ms
[RTX-GST] RTP_RX pkts=156840 meta=37183 frames_rx=37221
[RTX-GST] RTP_RX pkts=156870 meta=37188 frames_rx=37226
[RTX-GST] RTP_RX pkts=156900 meta=37196 frames_rx=37234
[RTX-GST] RTP_RX pkts=156930 meta=37203 frames_rx=37241
[RTX-GST] RTP_RX pkts=156960 meta=37211 frames_rx=37249
[RTX-GST] VIDEO frames_rx=37250 fps=23.5 assoc_ok=33262 assoc_miss=2355 ctrl_sent=33262 infer_avg=0.12ms
[RTX-GST] RTP_RX pkts=156990 meta=37217 frames_rx=37255
[RTX-GST] RTP_RX pkts=157020 meta=37224 frames_rx=37262
[RTX-GST] RTP_RX pkts=157050 meta=37232 frames_rx=37270
[RTX-GST] RTP_RX pkts=157080 meta=37239 frames_rx=37277
[RTX-GST] VIDEO frames_rx=37281 fps=23.5 assoc_ok=33291 assoc_miss=2357 ctrl_sent=33291 infer_avg=0.11ms
[RTX-GST] RTP_RX pkts=157110 meta=37246 frames_rx=37283
[RTX-GST] SAVED n=33300 dropped=0 recv2save_p50=1.03ms recv2save_p95=1.49ms
[RTX-GST] RTP_RX pkts=157140 meta=37252 frames_rx=37290
[RTX-GST] RTP_RX pkts=157170 meta=37260 frames_rx=37298
[RTX-GST] RTP_RX pkts=157200 meta=37267 frames_rx=37305
[RTX-GST] VIDEO frames_rx=37311 fps=23.5 assoc_ok=33320 assoc_miss=2358 ctrl_sent=33320 infer_avg=0.11ms
[RTX-GST] RTP_RX pkts=157230 meta=37273 frames_rx=37311
[RTX-GST] RTP_RX pkts=157260 meta=37281 frames_rx=37319
[RTX-GST] RTP_RX pkts=157290 meta=37288 frames_rx=37326
[RTX-GST] RTP_RX pkts=157320 meta=37296 frames_rx=37334
[RTX-GST] RTP_RX pkts=157350 meta=37303 frames_rx=37341
[RTX-GST] VIDEO frames_rx=37342 fps=23.5 assoc_ok=33349 assoc_miss=2360 ctrl_sent=33349 infer_avg=0.08ms
[RTX-GST] RTP_RX pkts=157380 meta=37309 frames_rx=37347
[RTX-GST] RTP_RX pkts=157410 meta=37316 frames_rx=37354
[RTX-GST] RTP_RX pkts=157440 meta=37324 frames_rx=37362
[RTX-GST] RTP_RX pkts=157470 meta=37332 frames_rx=37370
[RTX-GST] VIDEO frames_rx=37373 fps=23.5 assoc_ok=33376 assoc_miss=2363 ctrl_sent=33376 infer_avg=0.08ms
[RTX-GST] RTP_RX pkts=157500 meta=37337 frames_rx=37375
[RTX-GST] RTP_RX pkts=157530 meta=37345 frames_rx=37383
[RTX-GST] RTP_RX pkts=157560 meta=37352 frames_rx=37390
[RTX-GST] SAVED n=33400 dropped=0 recv2save_p50=0.99ms recv2save_p95=1.47ms
[RTX-GST] RTP_RX pkts=157590 meta=37360 frames_rx=37398
[RTX-GST] VIDEO frames_rx=37403 fps=23.5 assoc_ok=33404 assoc_miss=2364 ctrl_sent=33404 infer_avg=0.09ms
[RTX-GST] RTP_RX pkts=157620 meta=37365 frames_rx=37404
[RTX-GST] RTP_RX pkts=157650 meta=37373 frames_rx=37411
[RTX-GST] RTP_RX pkts=157680 meta=37380 frames_rx=37418
[RTX-GST] RTP_RX pkts=157710 meta=37388 frames_rx=37426
[RTX-GST] VIDEO frames_rx=37432 fps=23.5 assoc_ok=33433 assoc_miss=2365 ctrl_sent=33433 infer_avg=0.07ms
[RTX-GST] RTP_RX pkts=157740 meta=37394 frames_rx=37432
[RTX-GST] RTP_RX pkts=157770 meta=37401 frames_rx=37439
[RTX-GST] RTP_RX pkts=157800 meta=37409 frames_rx=37447
[RTX-GST] RTP_RX pkts=157830 meta=37416 frames_rx=37454
[RTX-GST] RTP_RX pkts=157860 meta=37423 frames_rx=37461
[RTX-GST] VIDEO frames_rx=37466 fps=23.5 assoc_ok=33465 assoc_miss=2367 ctrl_sent=33465 infer_avg=0.10ms
[RTX-GST] RTP_RX pkts=157890 meta=37429 frames_rx=37467
[RTX-GST] RTP_RX pkts=157920 meta=37437 frames_rx=37475
[RTX-GST] RTP_RX pkts=157950 meta=37444 frames_rx=37483
[RTX-GST] RTP_RX pkts=157980 meta=37452 frames_rx=37490
[RTX-GST] RTP_RX pkts=158010 meta=37458 frames_rx=37496
[RTX-GST] VIDEO frames_rx=37497 fps=23.5 assoc_ok=33496 assoc_miss=2367 ctrl_sent=33496 infer_avg=0.08ms
[RTX-GST] SAVED n=33500 dropped=0 recv2save_p50=1.00ms recv2save_p95=1.49ms
[RTX-GST] RTP_RX pkts=158040 meta=37465 frames_rx=37503
[RTX-GST] RTP_RX pkts=158070 meta=37473 frames_rx=37511
[RTX-GST] RTP_RX pkts=158100 meta=37480 frames_rx=37518
[RTX-GST] RTP_RX pkts=158130 meta=37486 frames_rx=37524
[RTX-GST] VIDEO frames_rx=37528 fps=23.5 assoc_ok=33522 assoc_miss=2369 ctrl_sent=33522 infer_avg=0.12ms
[RTX-GST] RTP_RX pkts=158160 meta=37493 frames_rx=37531
[RTX-GST] RTP_RX pkts=158190 meta=37501 frames_rx=37539
[RTX-GST] RTP_RX pkts=158220 meta=37508 frames_rx=37546
[RTX-GST] RTP_RX pkts=158250 meta=37514 frames_rx=37552
[RTX-GST] VIDEO frames_rx=37559 fps=23.5 assoc_ok=33551 assoc_miss=2371 ctrl_sent=33551 infer_avg=0.12ms
[RTX-GST] RTP_RX pkts=158280 meta=37522 frames_rx=37560
[RTX-GST] RTP_RX pkts=158310 meta=37529 frames_rx=37567
[RTX-GST] RTP_RX pkts=158340 meta=37537 frames_rx=37575
[RTX-GST] RTP_RX pkts=158370 meta=37543 frames_rx=37581
[RTX-GST] RTP_RX pkts=158400 meta=37550 frames_rx=37588
[RTX-GST] VIDEO frames_rx=37591 fps=23.5 assoc_ok=33581 assoc_miss=2372 ctrl_sent=33581 infer_avg=0.08ms
[RTX-GST] RTP_RX pkts=158430 meta=37557 frames_rx=37595
[RTX-GST] RTP_RX pkts=158460 meta=37565 frames_rx=37603
[RTX-GST] RTP_RX pkts=158490 meta=37572 frames_rx=37610
[RTX-GST] SAVED n=33600 dropped=0 recv2save_p50=1.03ms recv2save_p95=1.50ms
[RTX-GST] RTP_RX pkts=158520 meta=37578 frames_rx=37616
[RTX-GST] VIDEO frames_rx=37621 fps=23.5 assoc_ok=33609 assoc_miss=2375 ctrl_sent=33609 infer_avg=0.07ms
[RTX-GST] RTP_RX pkts=158550 meta=37586 frames_rx=37624
[RTX-GST] RTP_RX pkts=158580 meta=37593 frames_rx=37631
[RTX-GST] RTP_RX pkts=158610 meta=37601 frames_rx=37639
[RTX-GST] RTP_RX pkts=158640 meta=37606 frames_rx=37644
[RTX-GST] VIDEO frames_rx=37652 fps=23.5 assoc_ok=33638 assoc_miss=2377 ctrl_sent=33638 infer_avg=0.10ms
[RTX-GST] RTP_RX pkts=158670 meta=37614 frames_rx=37652
[RTX-GST] RTP_RX pkts=158700 meta=37621 frames_rx=37659
[RTX-GST] RTP_RX pkts=158730 meta=37628 frames_rx=37667
[RTX-GST] VIDEO frames_rx=37672 fps=23.5 assoc_ok=33656 assoc_miss=2377 ctrl_sent=33656 infer_avg=0.15ms
[RTX-GST] RTP_RX pkts=158760 meta=37635 frames_rx=37674
[RTX-GST] RTP_RX pkts=158790 meta=37643 frames_rx=37682
[RTX-GST] RTP_RX pkts=158820 meta=37650 frames_rx=37689
[RTX-GST] RTP_RX pkts=158850 meta=37656 frames_rx=37695
[RTX-GST] VIDEO frames_rx=37702 fps=23.5 assoc_ok=33683 assoc_miss=2380 ctrl_sent=33683 infer_avg=0.07ms
[RTX-GST] RTP_RX pkts=158880 meta=37664 frames_rx=37703
[RTX-GST] RTP_RX pkts=158910 meta=37671 frames_rx=37710
[RTX-GST] RTP_RX pkts=158940 meta=37679 frames_rx=37718
[RTX-GST] SAVED n=33700 dropped=0 recv2save_p50=1.05ms recv2save_p95=1.50ms
[RTX-GST] RTP_RX pkts=158970 meta=37684 frames_rx=37723
[RTX-GST] RTP_RX pkts=159000 meta=37692 frames_rx=37731
[RTX-GST] VIDEO frames_rx=37733 fps=23.5 assoc_ok=33713 assoc_miss=2381 ctrl_sent=33713 infer_avg=0.06ms
[RTX-GST] RTP_RX pkts=159030 meta=37699 frames_rx=37739
[RTX-GST] RTP_RX pkts=159060 meta=37707 frames_rx=37746
[RTX-GST] RTP_RX pkts=159090 meta=37713 frames_rx=37752
[RTX-GST] RTP_RX pkts=159120 meta=37720 frames_rx=37759
[RTX-GST] VIDEO frames_rx=37764 fps=23.5 assoc_ok=33743 assoc_miss=2382 ctrl_sent=33743 infer_avg=0.07ms
[RTX-GST] RTP_RX pkts=159150 meta=37728 frames_rx=37767
[RTX-GST] RTP_RX pkts=159180 meta=37735 frames_rx=37774
[RTX-GST] RTP_RX pkts=159210 meta=37741 frames_rx=37780
[RTX-GST] RTP_RX pkts=159240 meta=37748 frames_rx=37787
[RTX-GST] RTP_RX pkts=159270 meta=37756 frames_rx=37795
[RTX-GST] VIDEO frames_rx=37795 fps=23.5 assoc_ok=33771 assoc_miss=2384 ctrl_sent=33771 infer_avg=0.07ms
[RTX-GST] RTP_RX pkts=159300 meta=37763 frames_rx=37802
[RTX-GST] RTP_RX pkts=159330 meta=37771 frames_rx=37810
[RTX-GST] RTP_RX pkts=159360 meta=37777 frames_rx=37816
[RTX-GST] RTP_RX pkts=159390 meta=37784 frames_rx=37823
[RTX-GST] VIDEO frames_rx=37825 fps=23.5 assoc_ok=33798 assoc_miss=2385 ctrl_sent=33798 infer_avg=0.06ms
[RTX-GST] SAVED n=33800 dropped=0 recv2save_p50=1.03ms recv2save_p95=1.44ms
[RTX-GST] RTP_RX pkts=159420 meta=37792 frames_rx=37831
[RTX-GST] RTP_RX pkts=159450 meta=37799 frames_rx=37838
[RTX-GST] RTP_RX pkts=159480 meta=37805 frames_rx=37844
[RTX-GST] RTP_RX pkts=159510 meta=37812 frames_rx=37852
[RTX-GST] VIDEO frames_rx=37856 fps=23.5 assoc_ok=33828 assoc_miss=2385 ctrl_sent=33828 infer_avg=0.07ms
[RTX-GST] RTP_RX pkts=159540 meta=37820 frames_rx=37859
[RTX-GST] RTP_RX pkts=159570 meta=37827 frames_rx=37867
[RTX-GST] RTP_RX pkts=159600 meta=37834 frames_rx=37872
[RTX-GST] RTP_RX pkts=159630 meta=37841 frames_rx=37880
[RTX-GST] VIDEO frames_rx=37886 fps=23.5 assoc_ok=33856 assoc_miss=2387 ctrl_sent=33856 infer_avg=0.09ms
[RTX-GST] RTP_RX pkts=159660 meta=37848 frames_rx=37887
[RTX-GST] RTP_RX pkts=159690 meta=37855 frames_rx=37895
[RTX-GST] RTP_RX pkts=159720 meta=37861 frames_rx=37900
[RTX-GST] RTP_RX pkts=159750 meta=37869 frames_rx=37908
[RTX-GST] RTP_RX pkts=159780 meta=37876 frames_rx=37915
[RTX-GST] VIDEO frames_rx=37917 fps=23.5 assoc_ok=33886 assoc_miss=2388 ctrl_sent=33886 infer_avg=0.10ms
[RTX-GST] RTP_RX pkts=159810 meta=37884 frames_rx=37923
[RTX-GST] RTP_RX pkts=159840 meta=37891 frames_rx=37930
[RTX-GST] SAVED n=33900 dropped=0 recv2save_p50=1.03ms recv2save_p95=1.42ms
[RTX-GST] RTP_RX pkts=159870 meta=37897 frames_rx=37936
[RTX-GST] RTP_RX pkts=159900 meta=37905 frames_rx=37944
[RTX-GST] VIDEO frames_rx=37947 fps=23.5 assoc_ok=33914 assoc_miss=2390 ctrl_sent=33914 infer_avg=0.07ms
[RTX-GST] RTP_RX pkts=159930 meta=37912 frames_rx=37951
[RTX-GST] RTP_RX pkts=159960 meta=37920 frames_rx=37959
[RTX-GST] RTP_RX pkts=159990 meta=37925 frames_rx=37965
[RTX-GST] RTP_RX pkts=160020 meta=37933 frames_rx=37972
[RTX-GST] VIDEO frames_rx=37978 fps=23.5 assoc_ok=33940 assoc_miss=2390 ctrl_sent=33940 infer_avg=0.06ms
[RTX-GST] RTP_RX pkts=160050 meta=37940 frames_rx=37979
[RTX-GST] RTP_RX pkts=160080 meta=37948 frames_rx=37987
[RTX-GST] RTP_RX pkts=160110 meta=37954 frames_rx=37993
[RTX-GST] RTP_RX pkts=160140 meta=37961 frames_rx=38000
[RTX-GST] RTP_RX pkts=160170 meta=37969 frames_rx=38008
[RTX-GST] VIDEO frames_rx=38009 fps=23.6 assoc_ok=33967 assoc_miss=2394 ctrl_sent=33967 infer_avg=0.10ms
[RTX-GST] RTP_RX pkts=160200 meta=37976 frames_rx=38015
[RTX-GST] RTP_RX pkts=160230 meta=37982 frames_rx=38021
[RTX-GST] RTP_RX pkts=160260 meta=37989 frames_rx=38028
[RTX-GST] RTP_RX pkts=160290 meta=37997 frames_rx=38036
[RTX-GST] VIDEO frames_rx=38039 fps=23.6 assoc_ok=33996 assoc_miss=2395 ctrl_sent=33996 infer_avg=0.07ms
[RTX-GST] SAVED n=34000 dropped=0 recv2save_p50=1.02ms recv2save_p95=1.42ms
[RTX-GST] RTP_RX pkts=160320 meta=38004 frames_rx=38043
[RTX-GST] RTP_RX pkts=160350 meta=38011 frames_rx=38050
[RTX-GST] RTP_RX pkts=160380 meta=38018 frames_rx=38057
[RTX-GST] RTP_RX pkts=160410 meta=38025 frames_rx=38064
[RTX-GST] VIDEO frames_rx=38070 fps=23.6 assoc_ok=34026 assoc_miss=2396 ctrl_sent=34026 infer_avg=0.07ms
[RTX-GST] RTP_RX pkts=160440 meta=38033 frames_rx=38072
[RTX-GST] RTP_RX pkts=160470 meta=38040 frames_rx=38079
[RTX-GST] RTP_RX pkts=160500 meta=38046 frames_rx=38085
[RTX-GST] RTP_RX pkts=160530 meta=38053 frames_rx=38092
[RTX-GST] VIDEO frames_rx=38100 fps=23.6 assoc_ok=34054 assoc_miss=2398 ctrl_sent=34054 infer_avg=0.09ms
[RTX-GST] RTP_RX pkts=160560 meta=38061 frames_rx=38100
[RTX-GST] RTP_RX pkts=160590 meta=38068 frames_rx=38107
[RTX-GST] RTP_RX pkts=160620 meta=38074 frames_rx=38113
[RTX-GST] RTP_RX pkts=160650 meta=38082 frames_rx=38121
[RTX-GST] RTP_RX pkts=160680 meta=38089 frames_rx=38128
[RTX-GST] VIDEO frames_rx=38131 fps=23.6 assoc_ok=34078 assoc_miss=2400 ctrl_sent=34078 infer_avg=0.14ms
[RTX-GST] RTP_RX pkts=160710 meta=38097 frames_rx=38136
[RTX-GST] RTP_RX pkts=160740 meta=38102 frames_rx=38142
[RTX-GST] RTP_RX pkts=160770 meta=38110 frames_rx=38149
[RTX-GST] SAVED n=34100 dropped=0 recv2save_p50=1.01ms recv2save_p95=1.40ms
[RTX-GST] RTP_RX pkts=160800 meta=38117 frames_rx=38156
[RTX-GST] VIDEO frames_rx=38162 fps=23.6 assoc_ok=34106 assoc_miss=2403 ctrl_sent=34106 infer_avg=0.06ms
[RTX-GST] RTP_RX pkts=160830 meta=38125 frames_rx=38164
[RTX-GST] RTP_RX pkts=160860 meta=38131 frames_rx=38170
[RTX-GST] RTP_RX pkts=160890 meta=38138 frames_rx=38177
[RTX-GST] RTP_RX pkts=160920 meta=38145 frames_rx=38184
[RTX-GST] RTP_RX pkts=160950 meta=38153 frames_rx=38192
[RTX-GST] VIDEO frames_rx=38193 fps=23.6 assoc_ok=34136 assoc_miss=2404 ctrl_sent=34136 infer_avg=0.06ms
[RTX-GST] RTP_RX pkts=160980 meta=38160 frames_rx=38199
[RTX-GST] RTP_RX pkts=161010 meta=38166 frames_rx=38205
[RTX-GST] RTP_RX pkts=161040 meta=38174 frames_rx=38213
[RTX-GST] RTP_RX pkts=161070 meta=38181 frames_rx=38220
[RTX-GST] VIDEO frames_rx=38224 fps=23.6 assoc_ok=34163 assoc_miss=2407 ctrl_sent=34163 infer_avg=0.08ms
[RTX-GST] RTP_RX pkts=161100 meta=38189 frames_rx=38228
[RTX-GST] RTP_RX pkts=161130 meta=38194 frames_rx=38233
[RTX-GST] RTP_RX pkts=161160 meta=38202 frames_rx=38241
[RTX-GST] RTP_RX pkts=161190 meta=38209 frames_rx=38249
[RTX-GST] VIDEO frames_rx=38254 fps=23.6 assoc_ok=34192 assoc_miss=2409 ctrl_sent=34192 infer_avg=0.07ms
[RTX-GST] RTP_RX pkts=161220 meta=38217 frames_rx=38256
[RTX-GST] RTP_RX pkts=161250 meta=38223 frames_rx=38262
[RTX-GST] SAVED n=34200 dropped=0 recv2save_p50=0.99ms recv2save_p95=1.36ms
[RTX-GST] RTP_RX pkts=161280 meta=38230 frames_rx=38270
[RTX-GST] RTP_RX pkts=161310 meta=38238 frames_rx=38277
[RTX-GST] RTP_RX pkts=161340 meta=38245 frames_rx=38284
[RTX-GST] VIDEO frames_rx=38285 fps=23.6 assoc_ok=34221 assoc_miss=2410 ctrl_sent=34221 infer_avg=0.07ms
[RTX-GST] RTP_RX pkts=161370 meta=38251 frames_rx=38290
[RTX-GST] RTP_RX pkts=161400 meta=38258 frames_rx=38297
[RTX-GST] RTP_RX pkts=161430 meta=38266 frames_rx=38305
[RTX-GST] RTP_RX pkts=161460 meta=38273 frames_rx=38312
[RTX-GST] VIDEO frames_rx=38315 fps=23.6 assoc_ok=34251 assoc_miss=2410 ctrl_sent=34251 infer_avg=0.08ms
[RTX-GST] RTP_RX pkts=161490 meta=38281 frames_rx=38320
[RTX-GST] RTP_RX pkts=161520 meta=38287 frames_rx=38326
[RTX-GST] RTP_RX pkts=161550 meta=38294 frames_rx=38333
[RTX-GST] RTP_RX pkts=161580 meta=38302 frames_rx=38341
[RTX-GST] VIDEO frames_rx=38345 fps=23.6 assoc_ok=34281 assoc_miss=2410 ctrl_sent=34281 infer_avg=0.06ms
[RTX-GST] RTP_RX pkts=161610 meta=38309 frames_rx=38348
[RTX-GST] RTP_RX pkts=161640 meta=38315 frames_rx=38354
[RTX-GST] RTP_RX pkts=161670 meta=38322 frames_rx=38361
[RTX-GST] SAVED n=34300 dropped=0 recv2save_p50=0.98ms recv2save_p95=1.37ms
[RTX-GST] RTP_RX pkts=161700 meta=38330 frames_rx=38369
[RTX-GST] VIDEO frames_rx=38376 fps=23.6 assoc_ok=34310 assoc_miss=2412 ctrl_sent=34310 infer_avg=0.07ms
[RTX-GST] RTP_RX pkts=161730 meta=38337 frames_rx=38376
[RTX-GST] RTP_RX pkts=161760 meta=38343 frames_rx=38382
[RTX-GST] RTP_RX pkts=161790 meta=38351 frames_rx=38390
[RTX-GST] RTP_RX pkts=161820 meta=38358 frames_rx=38397
[RTX-GST] RTP_RX pkts=161850 meta=38366 frames_rx=38405
[RTX-GST] VIDEO frames_rx=38406 fps=23.6 assoc_ok=34338 assoc_miss=2414 ctrl_sent=34338 infer_avg=0.07ms
[RTX-GST] RTP_RX pkts=161880 meta=38372 frames_rx=38410
[RTX-GST] RTP_RX pkts=161910 meta=38379 frames_rx=38418
[RTX-GST] RTP_RX pkts=161940 meta=38386 frames_rx=38425
[RTX-GST] RTP_RX pkts=161970 meta=38394 frames_rx=38433
[RTX-GST] VIDEO frames_rx=38436 fps=23.6 assoc_ok=34366 assoc_miss=2415 ctrl_sent=34366 infer_avg=0.07ms
[RTX-GST] RTP_RX pkts=162000 meta=38401 frames_rx=38440
[RTX-GST] RTP_RX pkts=162030 meta=38407 frames_rx=38446
[RTX-GST] RTP_RX pkts=162060 meta=38415 frames_rx=38454
[RTX-GST] RTP_RX pkts=162090 meta=38422 frames_rx=38461
[RTX-GST] VIDEO frames_rx=38467 fps=23.6 assoc_ok=34396 assoc_miss=2416 ctrl_sent=34396 infer_avg=0.07ms
[RTX-GST] RTP_RX pkts=162120 meta=38430 frames_rx=38469
[RTX-GST] SAVED n=34400 dropped=0 recv2save_p50=0.96ms recv2save_p95=1.35ms
[RTX-GST] RTP_RX pkts=162150 meta=38435 frames_rx=38475
[RTX-GST] RTP_RX pkts=162180 meta=38443 frames_rx=38482
[RTX-GST] RTP_RX pkts=162210 meta=38450 frames_rx=38489
[RTX-GST] VIDEO frames_rx=38497 fps=23.6 assoc_ok=34423 assoc_miss=2419 ctrl_sent=34423 infer_avg=0.08ms
[RTX-GST] RTP_RX pkts=162240 meta=38458 frames_rx=38497
[RTX-GST] RTP_RX pkts=162270 meta=38464 frames_rx=38503
[RTX-GST] RTP_RX pkts=162300 meta=38471 frames_rx=38510
[RTX-GST] RTP_RX pkts=162330 meta=38479 frames_rx=38518
[RTX-GST] RTP_RX pkts=162360 meta=38486 frames_rx=38525
[RTX-GST] VIDEO frames_rx=38528 fps=23.6 assoc_ok=34453 assoc_miss=2420 ctrl_sent=34453 infer_avg=0.08ms
[RTX-GST] RTP_RX pkts=162390 meta=38492 frames_rx=38531
[RTX-GST] RTP_RX pkts=162420 meta=38499 frames_rx=38539
[RTX-GST] RTP_RX pkts=162450 meta=38507 frames_rx=38546
[RTX-GST] RTP_RX pkts=162480 meta=38514 frames_rx=38553
[RTX-GST] VIDEO frames_rx=38559 fps=23.6 assoc_ok=34482 assoc_miss=2421 ctrl_sent=34482 infer_avg=0.07ms
[RTX-GST] RTP_RX pkts=162510 meta=38521 frames_rx=38560
[RTX-GST] RTP_RX pkts=162540 meta=38528 frames_rx=38567
[RTX-GST] RTP_RX pkts=162570 meta=38535 frames_rx=38574
[RTX-GST] RTP_RX pkts=162600 meta=38543 frames_rx=38582
[RTX-GST] RTP_RX pkts=162630 meta=38550 frames_rx=38589
[RTX-GST] VIDEO frames_rx=38591 fps=23.6 assoc_ok=34495 assoc_miss=2424 ctrl_sent=34495 infer_avg=0.08ms
[RTX-GST] RTP_RX pkts=162660 meta=38557 frames_rx=38595
[RTX-GST] SAVED n=34500 dropped=0 recv2save_p50=0.95ms recv2save_p95=1.33ms
[RTX-GST] RTP_RX pkts=162690 meta=38563 frames_rx=38602
[RTX-GST] RTP_RX pkts=162720 meta=38571 frames_rx=38610
[RTX-GST] RTP_RX pkts=162750 meta=38578 frames_rx=38617
[RTX-GST] RTP_RX pkts=162780 meta=38584 frames_rx=38623
[RTX-GST] VIDEO frames_rx=38625 fps=23.6 assoc_ok=34526 assoc_miss=2427 ctrl_sent=34526 infer_avg=0.09ms
[RTX-GST] RTP_RX pkts=162810 meta=38591 frames_rx=38631
[RTX-GST] RTP_RX pkts=162840 meta=38599 frames_rx=38638
[RTX-GST] RTP_RX pkts=162870 meta=38607 frames_rx=38646
[RTX-GST] RTP_RX pkts=162900 meta=38613 frames_rx=38651
[RTX-GST] VIDEO frames_rx=38655 fps=23.6 assoc_ok=34552 assoc_miss=2430 ctrl_sent=34552 infer_avg=0.08ms
[RTX-GST] RTP_RX pkts=162930 meta=38620 frames_rx=38659
[RTX-GST] RTP_RX pkts=162960 meta=38627 frames_rx=38666
[RTX-GST] RTP_RX pkts=162990 meta=38635 frames_rx=38674
[RTX-GST] RTP_RX pkts=163020 meta=38641 frames_rx=38680
[RTX-GST] VIDEO frames_rx=38686 fps=23.6 assoc_ok=34582 assoc_miss=2431 ctrl_sent=34582 infer_avg=0.08ms
[RTX-GST] RTP_RX pkts=163050 meta=38648 frames_rx=38687
[RTX-GST] RTP_RX pkts=163080 meta=38656 frames_rx=38695
[RTX-GST] RTP_RX pkts=163110 meta=38663 frames_rx=38702
[RTX-GST] SAVED n=34600 dropped=0 recv2save_p50=0.95ms recv2save_p95=1.20ms
[RTX-GST] RTP_RX pkts=163140 meta=38671 frames_rx=38710
[RTX-GST] RTP_RX pkts=163170 meta=38676 frames_rx=38716
[RTX-GST] VIDEO frames_rx=38717 fps=23.6 assoc_ok=34610 assoc_miss=2433 ctrl_sent=34610 infer_avg=0.08ms
[RTX-GST] RTP_RX pkts=163200 meta=38684 frames_rx=38723
[RTX-GST] RTP_RX pkts=163230 meta=38691 frames_rx=38730
[RTX-GST] RTP_RX pkts=163260 meta=38699 frames_rx=38738
[RTX-GST] RTP_RX pkts=163290 meta=38705 frames_rx=38744
[RTX-GST] VIDEO frames_rx=38748 fps=23.6 assoc_ok=34639 assoc_miss=2434 ctrl_sent=34639 infer_avg=0.07ms
[RTX-GST] RTP_RX pkts=163320 meta=38712 frames_rx=38751
[RTX-GST] RTP_RX pkts=163350 meta=38720 frames_rx=38759
[RTX-GST] RTP_RX pkts=163380 meta=38727 frames_rx=38766
[RTX-GST] RTP_RX pkts=163410 meta=38733 frames_rx=38772
[RTX-GST] VIDEO frames_rx=38776 fps=23.6 assoc_ok=34666 assoc_miss=2435 ctrl_sent=34666 infer_avg=0.10ms
[RTX-GST] RTP_RX pkts=163440 meta=38740 frames_rx=38779
[RTX-GST] RTP_RX pkts=163470 meta=38748 frames_rx=38787
[RTX-GST] RTP_RX pkts=163500 meta=38755 frames_rx=38794
[RTX-GST] RTP_RX pkts=163530 meta=38761 frames_rx=38800
[RTX-GST] RTP_RX pkts=163560 meta=38769 frames_rx=38808
[RTX-GST] VIDEO frames_rx=38809 fps=23.7 assoc_ok=34699 assoc_miss=2435 ctrl_sent=34699 infer_avg=0.08ms
[RTX-GST] SAVED n=34700 dropped=0 recv2save_p50=0.96ms recv2save_p95=1.23ms
[RTX-GST] RTP_RX pkts=163590 meta=38776 frames_rx=38815
[RTX-GST] RTP_RX pkts=163620 meta=38783 frames_rx=38822
[RTX-GST] RTP_RX pkts=163650 meta=38791 frames_rx=38830
[RTX-GST] RTP_RX pkts=163680 meta=38797 frames_rx=38836
[RTX-GST] VIDEO frames_rx=38841 fps=23.7 assoc_ok=34729 assoc_miss=2436 ctrl_sent=34729 infer_avg=0.11ms
[RTX-GST] RTP_RX pkts=163710 meta=38804 frames_rx=38843
[RTX-GST] RTP_RX pkts=163740 meta=38812 frames_rx=38851
[RTX-GST] RTP_RX pkts=163770 meta=38819 frames_rx=38858
[RTX-GST] RTP_RX pkts=163800 meta=38825 frames_rx=38864
[RTX-GST] RTP_RX pkts=163830 meta=38832 frames_rx=38871
[RTX-GST] VIDEO frames_rx=38872 fps=23.7 assoc_ok=34760 assoc_miss=2437 ctrl_sent=34760 infer_avg=0.08ms
[RTX-GST] RTP_RX pkts=163860 meta=38840 frames_rx=38879
[RTX-GST] RTP_RX pkts=163890 meta=38847 frames_rx=38886
[RTX-GST] RTP_RX pkts=163920 meta=38853 frames_rx=38892
[RTX-GST] VIDEO frames_rx=38900 fps=23.7 assoc_ok=34787 assoc_miss=2437 ctrl_sent=34787 infer_avg=0.08ms
[RTX-GST] RTP_RX pkts=163950 meta=38861 frames_rx=38900
[RTX-GST] RTP_RX pkts=163980 meta=38868 frames_rx=38907
[RTX-GST] SAVED n=34800 dropped=0 recv2save_p50=0.97ms recv2save_p95=1.35ms
[RTX-GST] RTP_RX pkts=164010 meta=38876 frames_rx=38915
[RTX-GST] RTP_RX pkts=164040 meta=38881 frames_rx=38920
[RTX-GST] RTP_RX pkts=164070 meta=38889 frames_rx=38928
[RTX-GST] VIDEO frames_rx=38933 fps=23.7 assoc_ok=34818 assoc_miss=2439 ctrl_sent=34818 infer_avg=0.10ms
[RTX-GST] RTP_RX pkts=164100 meta=38896 frames_rx=38936
[RTX-GST] RTP_RX pkts=164130 meta=38904 frames_rx=38943
[RTX-GST] RTP_RX pkts=164160 meta=38911 frames_rx=38950
[RTX-GST] RTP_RX pkts=164190 meta=38917 frames_rx=38956
[RTX-GST] VIDEO frames_rx=38964 fps=23.7 assoc_ok=34847 assoc_miss=2441 ctrl_sent=34847 infer_avg=0.07ms
[RTX-GST] RTP_RX pkts=164220 meta=38925 frames_rx=38964
[RTX-GST] RTP_RX pkts=164250 meta=38932 frames_rx=38971
[RTX-GST] RTP_RX pkts=164280 meta=38940 frames_rx=38979
[RTX-GST] RTP_RX pkts=164310 meta=38945 frames_rx=38984
[RTX-GST] RTP_RX pkts=164340 meta=38953 frames_rx=38992
[RTX-GST] VIDEO frames_rx=38995 fps=23.7 assoc_ok=34876 assoc_miss=2443 ctrl_sent=34876 infer_avg=0.08ms
[RTX-GST] RTP_RX pkts=164370 meta=38960 frames_rx=38999
[RTX-GST] RTP_RX pkts=164400 meta=38968 frames_rx=39007
[RTX-GST] RTP_RX pkts=164430 meta=38974 frames_rx=39013
[RTX-GST] RTP_RX pkts=164460 meta=38981 frames_rx=39020
[RTX-GST] SAVED n=34900 dropped=0 recv2save_p50=0.97ms recv2save_p95=1.37ms
[RTX-GST] VIDEO frames_rx=39026 fps=23.7 assoc_ok=34905 assoc_miss=2445 ctrl_sent=34905 infer_avg=0.06ms
[RTX-GST] RTP_RX pkts=164490 meta=38989 frames_rx=39028
[RTX-GST] RTP_RX pkts=164520 meta=38996 frames_rx=39035
[RTX-GST] RTP_RX pkts=164550 meta=39002 frames_rx=39041
[RTX-GST] RTP_RX pkts=164580 meta=39009 frames_rx=39048
[RTX-GST] VIDEO frames_rx=39056 fps=23.7 assoc_ok=34932 assoc_miss=2446 ctrl_sent=34932 infer_avg=0.07ms
[RTX-GST] RTP_RX pkts=164610 meta=39017 frames_rx=39056
[RTX-GST] RTP_RX pkts=164640 meta=39024 frames_rx=39063
[RTX-GST] RTP_RX pkts=164670 meta=39031 frames_rx=39070
[RTX-GST] RTP_RX pkts=164700 meta=39038 frames_rx=39077
[RTX-GST] RTP_RX pkts=164730 meta=39045 frames_rx=39084
[RTX-GST] VIDEO frames_rx=39087 fps=23.7 assoc_ok=34963 assoc_miss=2446 ctrl_sent=34963 infer_avg=0.06ms
[RTX-GST] RTP_RX pkts=164760 meta=39053 frames_rx=39092
[RTX-GST] RTP_RX pkts=164790 meta=39060 frames_rx=39099
[RTX-GST] RTP_RX pkts=164820 meta=39066 frames_rx=39105
[RTX-GST] RTP_RX pkts=164850 meta=39073 frames_rx=39112
[RTX-GST] VIDEO frames_rx=39116 fps=23.7 assoc_ok=34991 assoc_miss=2447 ctrl_sent=34991 infer_avg=0.07ms
[RTX-GST] RTP_RX pkts=164880 meta=39081 frames_rx=39120
[RTX-GST] SAVED n=35000 dropped=0 recv2save_p50=0.96ms recv2save_p95=1.36ms
[RTX-GST] RTP_RX pkts=164910 meta=39088 frames_rx=39127
[RTX-GST] RTP_RX pkts=164940 meta=39094 frames_rx=39133
[RTX-GST] RTP_RX pkts=164970 meta=39102 frames_rx=39141
[RTX-GST] VIDEO frames_rx=39147 fps=23.7 assoc_ok=35021 assoc_miss=2448 ctrl_sent=35021 infer_avg=0.07ms
[RTX-GST] RTP_RX pkts=165000 meta=39109 frames_rx=39148
[RTX-GST] RTP_RX pkts=165030 meta=39117 frames_rx=39156
[RTX-GST] RTP_RX pkts=165060 meta=39122 frames_rx=39161
[RTX-GST] RTP_RX pkts=165090 meta=39130 frames_rx=39169
[RTX-GST] RTP_RX pkts=165120 meta=39137 frames_rx=39176
[RTX-GST] VIDEO frames_rx=39178 fps=23.7 assoc_ok=35051 assoc_miss=2449 ctrl_sent=35051 infer_avg=0.06ms
[RTX-GST] RTP_RX pkts=165150 meta=39145 frames_rx=39184
[RTX-GST] RTP_RX pkts=165180 meta=39151 frames_rx=39190
[RTX-GST] RTP_RX pkts=165210 meta=39158 frames_rx=39197
[RTX-GST] RTP_RX pkts=165240 meta=39166 frames_rx=39205
[RTX-GST] VIDEO frames_rx=39210 fps=23.7 assoc_ok=35080 assoc_miss=2450 ctrl_sent=35080 infer_avg=0.08ms
[RTX-GST] RTP_RX pkts=165270 meta=39173 frames_rx=39212
[RTX-GST] RTP_RX pkts=165300 meta=39181 frames_rx=39220
[RTX-GST] RTP_RX pkts=165330 meta=39186 frames_rx=39225
[RTX-GST] SAVED n=35100 dropped=0 recv2save_p50=0.94ms recv2save_p95=1.36ms
[RTX-GST] RTP_RX pkts=165360 meta=39194 frames_rx=39233
[RTX-GST] VIDEO frames_rx=39240 fps=23.7 assoc_ok=35110 assoc_miss=2450 ctrl_sent=35110 infer_avg=0.08ms
[RTX-GST] RTP_RX pkts=165390 meta=39201 frames_rx=39240
[RTX-GST] RTP_RX pkts=165420 meta=39209 frames_rx=39248
[RTX-GST] RTP_RX pkts=165450 meta=39215 frames_rx=39254
[RTX-GST] RTP_RX pkts=165480 meta=39222 frames_rx=39261
[RTX-GST] RTP_RX pkts=165510 meta=39230 frames_rx=39269
[RTX-GST] VIDEO frames_rx=39271 fps=23.7 assoc_ok=35140 assoc_miss=2450 ctrl_sent=35140 infer_avg=0.08ms
[RTX-GST] RTP_RX pkts=165540 meta=39237 frames_rx=39277
[RTX-GST] RTP_RX pkts=165570 meta=39243 frames_rx=39282
[RTX-GST] RTP_RX pkts=165600 meta=39250 frames_rx=39289
[RTX-GST] RTP_RX pkts=165630 meta=39258 frames_rx=39297
[RTX-GST] VIDEO frames_rx=39302 fps=23.7 assoc_ok=35169 assoc_miss=2452 ctrl_sent=35169 infer_avg=0.07ms
[RTX-GST] RTP_RX pkts=165660 meta=39265 frames_rx=39304
[RTX-GST] RTP_RX pkts=165690 meta=39270 frames_rx=39310
[RTX-GST] RTP_RX pkts=165720 meta=39278 frames_rx=39318
[RTX-GST] RTP_RX pkts=165750 meta=39285 frames_rx=39325
[RTX-GST] VIDEO frames_rx=39333 fps=23.7 assoc_ok=35191 assoc_miss=2454 ctrl_sent=35191 infer_avg=0.13ms
[RTX-GST] RTP_RX pkts=165780 meta=39293 frames_rx=39333
[RTX-GST] RTP_RX pkts=165810 meta=39300 frames_rx=39340
[RTX-GST] SAVED n=35200 dropped=0 recv2save_p50=0.94ms recv2save_p95=1.43ms
[RTX-GST] RTP_RX pkts=165840 meta=39308 frames_rx=39348
[RTX-GST] VIDEO frames_rx=39352 fps=23.7 assoc_ok=35208 assoc_miss=2454 ctrl_sent=35208 infer_avg=0.11ms
[RTX-GST] RTP_RX pkts=165870 meta=39315 frames_rx=39355
[RTX-GST] RTP_RX pkts=165900 meta=39321 frames_rx=39361
[RTX-GST] RTP_RX pkts=165930 meta=39329 frames_rx=39369
[RTX-GST] RTP_RX pkts=165960 meta=39336 frames_rx=39376
[RTX-GST] VIDEO frames_rx=39382 fps=23.7 assoc_ok=35237 assoc_miss=2455 ctrl_sent=35237 infer_avg=0.12ms
[RTX-GST] RTP_RX pkts=165990 meta=39344 frames_rx=39384
[RTX-GST] RTP_RX pkts=166020 meta=39349 frames_rx=39389
[RTX-GST] RTP_RX pkts=166050 meta=39357 frames_rx=39397
[RTX-GST] RTP_RX pkts=166080 meta=39364 frames_rx=39404
[RTX-GST] RTP_RX pkts=166110 meta=39372 frames_rx=39412
[RTX-GST] VIDEO frames_rx=39413 fps=23.7 assoc_ok=35267 assoc_miss=2456 ctrl_sent=35267 infer_avg=0.07ms
[RTX-GST] RTP_RX pkts=166140 meta=39379 frames_rx=39419
[RTX-GST] RTP_RX pkts=166170 meta=39385 frames_rx=39425
[RTX-GST] RTP_RX pkts=166200 meta=39393 frames_rx=39433
[RTX-GST] RTP_RX pkts=166230 meta=39400 frames_rx=39440
[RTX-GST] VIDEO frames_rx=39442 fps=23.7 assoc_ok=35294 assoc_miss=2458 ctrl_sent=35294 infer_avg=0.15ms
[RTX-GST] RTP_RX pkts=166260 meta=39407 frames_rx=39447
[RTX-GST] SAVED n=35300 dropped=0 recv2save_p50=0.93ms recv2save_p95=1.44ms
[RTX-GST] RTP_RX pkts=166290 meta=39413 frames_rx=39453
[RTX-GST] RTP_RX pkts=166320 meta=39421 frames_rx=39461
[RTX-GST] RTP_RX pkts=166350 meta=39428 frames_rx=39468
[RTX-GST] VIDEO frames_rx=39472 fps=23.7 assoc_ok=35323 assoc_miss=2459 ctrl_sent=35323 infer_avg=0.09ms
[RTX-GST] RTP_RX pkts=166380 meta=39436 frames_rx=39476
[RTX-GST] RTP_RX pkts=166410 meta=39441 frames_rx=39481
[RTX-GST] RTP_RX pkts=166440 meta=39449 frames_rx=39489
[RTX-GST] RTP_RX pkts=166470 meta=39456 frames_rx=39496
[RTX-GST] VIDEO frames_rx=39503 fps=23.7 assoc_ok=35345 assoc_miss=2461 ctrl_sent=35345 infer_avg=0.07ms
[RTX-GST] RTP_RX pkts=166500 meta=39464 frames_rx=39504
[RTX-GST] RTP_RX pkts=166530 meta=39470 frames_rx=39510
[RTX-GST] RTP_RX pkts=166560 meta=39477 frames_rx=39517
[RTX-GST] RTP_RX pkts=166590 meta=39485 frames_rx=39525
[RTX-GST] VIDEO frames_rx=39532 fps=23.7 assoc_ok=35372 assoc_miss=2463 ctrl_sent=35372 infer_avg=0.07ms
[RTX-GST] RTP_RX pkts=166620 meta=39492 frames_rx=39532
[RTX-GST] RTP_RX pkts=166650 meta=39499 frames_rx=39539
[RTX-GST] RTP_RX pkts=166680 meta=39505 frames_rx=39545
[RTX-GST] RTP_RX pkts=166710 meta=39513 frames_rx=39553
[RTX-GST] RTP_RX pkts=166740 meta=39520 frames_rx=39560
[RTX-GST] VIDEO frames_rx=39564 fps=23.7 assoc_ok=35400 assoc_miss=2467 ctrl_sent=35400 infer_avg=0.06ms
[RTX-GST] SAVED n=35400 dropped=0 recv2save_p50=0.94ms recv2save_p95=1.42ms
[RTX-GST] RTP_RX pkts=166770 meta=39528 frames_rx=39568
[RTX-GST] RTP_RX pkts=166800 meta=39534 frames_rx=39574
[RTX-GST] RTP_RX pkts=166830 meta=39541 frames_rx=39581
[RTX-GST] RTP_RX pkts=166860 meta=39549 frames_rx=39589
[RTX-GST] VIDEO frames_rx=39595 fps=23.8 assoc_ok=35427 assoc_miss=2471 ctrl_sent=35427 infer_avg=0.09ms
[RTX-GST] RTP_RX pkts=166890 meta=39556 frames_rx=39596
[RTX-GST] RTP_RX pkts=166920 meta=39562 frames_rx=39602
[RTX-GST] RTP_RX pkts=166950 meta=39569 frames_rx=39609
[RTX-GST] RTP_RX pkts=166980 meta=39577 frames_rx=39617
[RTX-GST] RTP_RX pkts=167010 meta=39584 frames_rx=39624
[RTX-GST] VIDEO frames_rx=39625 fps=23.8 assoc_ok=35455 assoc_miss=2473 ctrl_sent=35455 infer_avg=0.08ms
[RTX-GST] RTP_RX pkts=167040 meta=39590 frames_rx=39630
[RTX-GST] RTP_RX pkts=167070 meta=39598 frames_rx=39638
[RTX-GST] RTP_RX pkts=167100 meta=39605 frames_rx=39645
[RTX-GST] RTP_RX pkts=167130 meta=39613 frames_rx=39653
[RTX-GST] VIDEO frames_rx=39655 fps=23.8 assoc_ok=35470 assoc_miss=2473 ctrl_sent=35470 infer_avg=0.09ms
[RTX-GST] RTP_RX pkts=167160 meta=39619 frames_rx=39659
[RTX-GST] RTP_RX pkts=167190 meta=39626 frames_rx=39666
[RTX-GST] RTP_RX pkts=167220 meta=39634 frames_rx=39674
[RTX-GST] RTP_RX pkts=167250 meta=39641 frames_rx=39681
[RTX-GST] VIDEO frames_rx=39686 fps=23.8 assoc_ok=35500 assoc_miss=2474 ctrl_sent=35500 infer_avg=0.07ms
[RTX-GST] SAVED n=35500 dropped=0 recv2save_p50=0.96ms recv2save_p95=1.44ms
[RTX-GST] RTP_RX pkts=167280 meta=39649 frames_rx=39689
[RTX-GST] RTP_RX pkts=167310 meta=39654 frames_rx=39694
[RTX-GST] RTP_RX pkts=167340 meta=39662 frames_rx=39702
[RTX-GST] RTP_RX pkts=167370 meta=39669 frames_rx=39709
[RTX-GST] VIDEO frames_rx=39717 fps=23.8 assoc_ok=35530 assoc_miss=2475 ctrl_sent=35530 infer_avg=0.12ms
[RTX-GST] RTP_RX pkts=167400 meta=39677 frames_rx=39717
[RTX-GST] RTP_RX pkts=167430 meta=39683 frames_rx=39722
[RTX-GST] RTP_RX pkts=167460 meta=39690 frames_rx=39729
[RTX-GST] RTP_RX pkts=167490 meta=39698 frames_rx=39737
[RTX-GST] RTP_RX pkts=167520 meta=39705 frames_rx=39744
[RTX-GST] VIDEO frames_rx=39746 fps=23.8 assoc_ok=35556 assoc_miss=2478 ctrl_sent=35556 infer_avg=0.12ms
[RTX-GST] RTP_RX pkts=167550 meta=39711 frames_rx=39750
[RTX-GST] RTP_RX pkts=167580 meta=39719 frames_rx=39758
[RTX-GST] RTP_RX pkts=167610 meta=39726 frames_rx=39765
[RTX-GST] RTP_RX pkts=167640 meta=39734 frames_rx=39773
[RTX-GST] VIDEO frames_rx=39776 fps=23.8 assoc_ok=35586 assoc_miss=2478 ctrl_sent=35586 infer_avg=0.07ms
[RTX-GST] RTP_RX pkts=167670 meta=39739 frames_rx=39778
[RTX-GST] RTP_RX pkts=167700 meta=39747 frames_rx=39786
[RTX-GST] SAVED n=35600 dropped=0 recv2save_p50=0.98ms recv2save_p95=1.50ms
[RTX-GST] RTP_RX pkts=167730 meta=39754 frames_rx=39793
[RTX-GST] VIDEO frames_rx=39795 fps=23.8 assoc_ok=35601 assoc_miss=2478 ctrl_sent=35601 infer_avg=0.08ms
[RTX-GST] RTP_RX pkts=167760 meta=39760 frames_rx=39799
[RTX-GST] RTP_RX pkts=167790 meta=39767 frames_rx=39806
[RTX-GST] RTP_RX pkts=167820 meta=39775 frames_rx=39814
[RTX-GST] RTP_RX pkts=167850 meta=39782 frames_rx=39821
[RTX-GST] VIDEO frames_rx=39825 fps=23.8 assoc_ok=35629 assoc_miss=2480 ctrl_sent=35629 infer_avg=0.12ms
[RTX-GST] RTP_RX pkts=167880 meta=39788 frames_rx=39827
[RTX-GST] RTP_RX pkts=167910 meta=39795 frames_rx=39834
[RTX-GST] RTP_RX pkts=167940 meta=39803 frames_rx=39842
[RTX-GST] RTP_RX pkts=167970 meta=39810 frames_rx=39849
[RTX-GST] VIDEO frames_rx=39856 fps=23.8 assoc_ok=35657 assoc_miss=2483 ctrl_sent=35657 infer_avg=0.08ms
[RTX-GST] RTP_RX pkts=168000 meta=39818 frames_rx=39857
[RTX-GST] RTP_RX pkts=168030 meta=39824 frames_rx=39863
[RTX-GST] RTP_RX pkts=168060 meta=39831 frames_rx=39870
[RTX-GST] RTP_RX pkts=168090 meta=39839 frames_rx=39878
[RTX-GST] RTP_RX pkts=168120 meta=39846 frames_rx=39885
[RTX-GST] VIDEO frames_rx=39888 fps=23.8 assoc_ok=35684 assoc_miss=2488 ctrl_sent=35684 infer_avg=0.09ms
[RTX-GST] RTP_RX pkts=168150 meta=39852 frames_rx=39891
[RTX-GST] RTP_RX pkts=168180 meta=39859 frames_rx=39898
[RTX-GST] SAVED n=35700 dropped=0 recv2save_p50=0.99ms recv2save_p95=1.50ms
[RTX-GST] RTP_RX pkts=168210 meta=39867 frames_rx=39906
[RTX-GST] RTP_RX pkts=168240 meta=39874 frames_rx=39913
[RTX-GST] RTP_RX pkts=168270 meta=39881 frames_rx=39919
[RTX-GST] VIDEO frames_rx=39920 fps=23.8 assoc_ok=35714 assoc_miss=2490 ctrl_sent=35714 infer_avg=0.17ms
[RTX-GST] RTP_RX pkts=168300 meta=39888 frames_rx=39927
[RTX-GST] RTP_RX pkts=168330 meta=39895 frames_rx=39935
[RTX-GST] RTP_RX pkts=168360 meta=39903 frames_rx=39942
[RTX-GST] RTP_RX pkts=168390 meta=39909 frames_rx=39947
[RTX-GST] VIDEO frames_rx=39951 fps=23.8 assoc_ok=35741 assoc_miss=2492 ctrl_sent=35741 infer_avg=0.13ms
[RTX-GST] RTP_RX pkts=168420 meta=39916 frames_rx=39955
[RTX-GST] RTP_RX pkts=168450 meta=39923 frames_rx=39962
[RTX-GST] RTP_RX pkts=168480 meta=39931 frames_rx=39970
[RTX-GST] RTP_RX pkts=168510 meta=39938 frames_rx=39977
[RTX-GST] VIDEO frames_rx=39981 fps=23.8 assoc_ok=35770 assoc_miss=2493 ctrl_sent=35770 infer_avg=0.14ms
[RTX-GST] RTP_RX pkts=168540 meta=39944 frames_rx=39983
[RTX-GST] RTP_RX pkts=168570 meta=39952 frames_rx=39991
[RTX-GST] RTP_RX pkts=168600 meta=39959 frames_rx=39998
[RTX-GST] RTP_RX pkts=168630 meta=39967 frames_rx=40006
[RTX-GST] VIDEO frames_rx=40009 fps=23.8 assoc_ok=35796 assoc_miss=2495 ctrl_sent=35796 infer_avg=0.10ms
[RTX-GST] RTP_RX pkts=168660 meta=39972 frames_rx=40011
[RTX-GST] SAVED n=35800 dropped=0 recv2save_p50=1.01ms recv2save_p95=1.52ms
[RTX-GST] RTP_RX pkts=168690 meta=39980 frames_rx=40019
[RTX-GST] RTP_RX pkts=168720 meta=39987 frames_rx=40026
[RTX-GST] RTP_RX pkts=168750 meta=39995 frames_rx=40034
[RTX-GST] VIDEO frames_rx=40039 fps=23.8 assoc_ok=35824 assoc_miss=2497 ctrl_sent=35824 infer_avg=0.08ms
[RTX-GST] RTP_RX pkts=168780 meta=40001 frames_rx=40040
[RTX-GST] RTP_RX pkts=168810 meta=40008 frames_rx=40047
[RTX-GST] RTP_RX pkts=168840 meta=40016 frames_rx=40055
[RTX-GST] RTP_RX pkts=168870 meta=40023 frames_rx=40062
[RTX-GST] RTP_RX pkts=168900 meta=40029 frames_rx=40068
[RTX-GST] VIDEO frames_rx=40071 fps=23.8 assoc_ok=35856 assoc_miss=2497 ctrl_sent=35856 infer_avg=0.08ms
[RTX-GST] RTP_RX pkts=168930 meta=40036 frames_rx=40075
[RTX-GST] RTP_RX pkts=168960 meta=40044 frames_rx=40083
[RTX-GST] RTP_RX pkts=168990 meta=40051 frames_rx=40090
[RTX-GST] RTP_RX pkts=169020 meta=40058 frames_rx=40097
[RTX-GST] VIDEO frames_rx=40101 fps=23.8 assoc_ok=35883 assoc_miss=2498 ctrl_sent=35883 infer_avg=0.07ms
[RTX-GST] RTP_RX pkts=169050 meta=40065 frames_rx=40104
[RTX-GST] RTP_RX pkts=169080 meta=40072 frames_rx=40111
[RTX-GST] RTP_RX pkts=169110 meta=40080 frames_rx=40119
[RTX-GST] SAVED n=35900 dropped=0 recv2save_p50=1.05ms recv2save_p95=1.52ms
[RTX-GST] RTP_RX pkts=169140 meta=40087 frames_rx=40126
[RTX-GST] VIDEO frames_rx=40132 fps=23.8 assoc_ok=35912 assoc_miss=2500 ctrl_sent=35912 infer_avg=0.07ms
[RTX-GST] RTP_RX pkts=169170 meta=40093 frames_rx=40132
[RTX-GST] RTP_RX pkts=169200 meta=40100 frames_rx=40139
[RTX-GST] RTP_RX pkts=169230 meta=40108 frames_rx=40147
[RTX-GST] RTP_RX pkts=169260 meta=40115 frames_rx=40154
[RTX-GST] RTP_RX pkts=169290 meta=40122 frames_rx=40160
[RTX-GST] VIDEO frames_rx=40163 fps=23.8 assoc_ok=35943 assoc_miss=2500 ctrl_sent=35943 infer_avg=0.07ms
[RTX-GST] RTP_RX pkts=169320 meta=40129 frames_rx=40168
[RTX-GST] RTP_RX pkts=169350 meta=40136 frames_rx=40175
[RTX-GST] RTP_RX pkts=169380 meta=40144 frames_rx=40183
[RTX-GST] RTP_RX pkts=169410 meta=40149 frames_rx=40188
[RTX-GST] VIDEO frames_rx=40194 fps=23.8 assoc_ok=35973 assoc_miss=2501 ctrl_sent=35973 infer_avg=0.12ms
[RTX-GST] RTP_RX pkts=169440 meta=40157 frames_rx=40196
[RTX-GST] RTP_RX pkts=169470 meta=40164 frames_rx=40203
[RTX-GST] RTP_RX pkts=169500 meta=40172 frames_rx=40211
[RTX-GST] RTP_RX pkts=169530 meta=40178 frames_rx=40217
[RTX-GST] SAVED n=36000 dropped=0 recv2save_p50=1.09ms recv2save_p95=1.52ms
[RTX-GST] RTP_RX pkts=169560 meta=40185 frames_rx=40224
[RTX-GST] VIDEO frames_rx=40225 fps=23.8 assoc_ok=36002 assoc_miss=2503 ctrl_sent=36002 infer_avg=0.09ms
[RTX-GST] RTP_RX pkts=169590 meta=40193 frames_rx=40232
[RTX-GST] RTP_RX pkts=169620 meta=40199 frames_rx=40239
[RTX-GST] RTP_RX pkts=169650 meta=40207 frames_rx=40247
[RTX-GST] RTP_RX pkts=169680 meta=40212 frames_rx=40252
[RTX-GST] VIDEO frames_rx=40255 fps=23.8 assoc_ok=36020 assoc_miss=2506 ctrl_sent=36020 infer_avg=0.07ms
[RTX-GST] RTP_RX pkts=169710 meta=40220 frames_rx=40260
[RTX-GST] RTP_RX pkts=169740 meta=40227 frames_rx=40267
[RTX-GST] RTP_RX pkts=169770 meta=40235 frames_rx=40275
[RTX-GST] RTP_RX pkts=169800 meta=40241 frames_rx=40281
[RTX-GST] VIDEO frames_rx=40286 fps=23.8 assoc_ok=36051 assoc_miss=2506 ctrl_sent=36051 infer_avg=0.10ms
[RTX-GST] RTP_RX pkts=169830 meta=40248 frames_rx=40288
[RTX-GST] RTP_RX pkts=169860 meta=40256 frames_rx=40296
[RTX-GST] RTP_RX pkts=169890 meta=40263 frames_rx=40303
[RTX-GST] RTP_RX pkts=169920 meta=40269 frames_rx=40309
[RTX-GST] RTP_RX pkts=169950 meta=40276 frames_rx=40316
[RTX-GST] VIDEO frames_rx=40317 fps=23.8 assoc_ok=36080 assoc_miss=2507 ctrl_sent=36080 infer_avg=0.06ms
[RTX-GST] RTP_RX pkts=169980 meta=40284 frames_rx=40324
[RTX-GST] RTP_RX pkts=170010 meta=40291 frames_rx=40331
[RTX-GST] SAVED n=36100 dropped=0 recv2save_p50=1.09ms recv2save_p95=1.49ms
[RTX-GST] RTP_RX pkts=170040 meta=40297 frames_rx=40337
[RTX-GST] RTP_RX pkts=170070 meta=40305 frames_rx=40345
[RTX-GST] VIDEO frames_rx=40348 fps=23.8 assoc_ok=36110 assoc_miss=2508 ctrl_sent=36110 infer_avg=0.09ms
[RTX-GST] RTP_RX pkts=170100 meta=40312 frames_rx=40352
[RTX-GST] RTP_RX pkts=170130 meta=40319 frames_rx=40359
[RTX-GST] RTP_RX pkts=170160 meta=40327 frames_rx=40367
[RTX-GST] RTP_RX pkts=170190 meta=40333 frames_rx=40373
[RTX-GST] VIDEO frames_rx=40377 fps=23.8 assoc_ok=36139 assoc_miss=2508 ctrl_sent=36139 infer_avg=0.09ms
[RTX-GST] RTP_RX pkts=170220 meta=40340 frames_rx=40380
[RTX-GST] RTP_RX pkts=170250 meta=40348 frames_rx=40388
[RTX-GST] RTP_RX pkts=170280 meta=40355 frames_rx=40395
[RTX-GST] RTP_RX pkts=170310 meta=40361 frames_rx=40401
[RTX-GST] VIDEO frames_rx=40408 fps=23.8 assoc_ok=36168 assoc_miss=2508 ctrl_sent=36168 infer_avg=0.07ms
[RTX-GST] RTP_RX pkts=170340 meta=40368 frames_rx=40409
[RTX-GST] RTP_RX pkts=170370 meta=40376 frames_rx=40416
[RTX-GST] RTP_RX pkts=170400 meta=40383 frames_rx=40423
[RTX-GST] RTP_RX pkts=170430 meta=40389 frames_rx=40429
[RTX-GST] RTP_RX pkts=170460 meta=40397 frames_rx=40437
[RTX-GST] VIDEO frames_rx=40440 fps=23.8 assoc_ok=36197 assoc_miss=2511 ctrl_sent=36197 infer_avg=0.10ms
[RTX-GST] SAVED n=36200 dropped=0 recv2save_p50=1.12ms recv2save_p95=1.51ms
[RTX-GST] RTP_RX pkts=170490 meta=40404 frames_rx=40444
[RTX-GST] RTP_RX pkts=170520 meta=40412 frames_rx=40452
[RTX-GST] RTP_RX pkts=170550 meta=40418 frames_rx=40457
[RTX-GST] RTP_RX pkts=170580 meta=40425 frames_rx=40465
[RTX-GST] VIDEO frames_rx=40472 fps=23.9 assoc_ok=36227 assoc_miss=2513 ctrl_sent=36227 infer_avg=0.09ms
[RTX-GST] RTP_RX pkts=170610 meta=40433 frames_rx=40472
[RTX-GST] RTP_RX pkts=170640 meta=40440 frames_rx=40480
[RTX-GST] RTP_RX pkts=170670 meta=40447 frames_rx=40487
[RTX-GST] RTP_RX pkts=170700 meta=40453 frames_rx=40493
[RTX-GST] RTP_RX pkts=170730 meta=40461 frames_rx=40501
[RTX-GST] VIDEO frames_rx=40503 fps=23.9 assoc_ok=36253 assoc_miss=2518 ctrl_sent=36253 infer_avg=0.06ms
[RTX-GST] RTP_RX pkts=170760 meta=40468 frames_rx=40509
[RTX-GST] RTP_RX pkts=170790 meta=40476 frames_rx=40516
[RTX-GST] RTP_RX pkts=170820 meta=40481 frames_rx=40522
[RTX-GST] RTP_RX pkts=170850 meta=40489 frames_rx=40529
[RTX-GST] VIDEO frames_rx=40533 fps=23.9 assoc_ok=36279 assoc_miss=2521 ctrl_sent=36279 infer_avg=0.13ms
[RTX-GST] RTP_RX pkts=170880 meta=40496 frames_rx=40536
[RTX-GST] RTP_RX pkts=170910 meta=40504 frames_rx=40544
[RTX-GST] RTP_RX pkts=170940 meta=40510 frames_rx=40550
[RTX-GST] SAVED n=36300 dropped=0 recv2save_p50=1.09ms recv2save_p95=1.51ms
[RTX-GST] RTP_RX pkts=170970 meta=40517 frames_rx=40557
[RTX-GST] VIDEO frames_rx=40563 fps=23.9 assoc_ok=36306 assoc_miss=2521 ctrl_sent=36306 infer_avg=0.11ms
[RTX-GST] RTP_RX pkts=171000 meta=40525 frames_rx=40565
[RTX-GST] RTP_RX pkts=171030 meta=40532 frames_rx=40572
[RTX-GST] RTP_RX pkts=171060 meta=40538 frames_rx=40578
[RTX-GST] RTP_RX pkts=171090 meta=40545 frames_rx=40585
[RTX-GST] RTP_RX pkts=171120 meta=40553 frames_rx=40593
[RTX-GST] VIDEO frames_rx=40595 fps=23.9 assoc_ok=36335 assoc_miss=2524 ctrl_sent=36335 infer_avg=0.06ms
[RTX-GST] RTP_RX pkts=171150 meta=40560 frames_rx=40600
[RTX-GST] RTP_RX pkts=171180 meta=40567 frames_rx=40607
[RTX-GST] RTP_RX pkts=171210 meta=40574 frames_rx=40614
[RTX-GST] RTP_RX pkts=171240 meta=40581 frames_rx=40621
[RTX-GST] VIDEO frames_rx=40625 fps=23.9 assoc_ok=36364 assoc_miss=2525 ctrl_sent=36364 infer_avg=0.10ms
[RTX-GST] RTP_RX pkts=171270 meta=40589 frames_rx=40629
[RTX-GST] RTP_RX pkts=171300 meta=40596 frames_rx=40636
[RTX-GST] RTP_RX pkts=171330 meta=40602 frames_rx=40642
[RTX-GST] RTP_RX pkts=171360 meta=40609 frames_rx=40649
[RTX-GST] VIDEO frames_rx=40655 fps=23.9 assoc_ok=36394 assoc_miss=2525 ctrl_sent=36394 infer_avg=0.10ms
[RTX-GST] RTP_RX pkts=171390 meta=40617 frames_rx=40657
[RTX-GST] SAVED n=36400 dropped=0 recv2save_p50=1.10ms recv2save_p95=1.51ms
[RTX-GST] RTP_RX pkts=171420 meta=40624 frames_rx=40664
[RTX-GST] RTP_RX pkts=171450 meta=40630 frames_rx=40670
[RTX-GST] RTP_RX pkts=171480 meta=40638 frames_rx=40678
[RTX-GST] RTP_RX pkts=171510 meta=40645 frames_rx=40685
[RTX-GST] VIDEO frames_rx=40686 fps=23.9 assoc_ok=36424 assoc_miss=2525 ctrl_sent=36424 infer_avg=0.06ms
[RTX-GST] RTP_RX pkts=171540 meta=40653 frames_rx=40693
[RTX-GST] RTP_RX pkts=171570 meta=40658 frames_rx=40698
[RTX-GST] RTP_RX pkts=171600 meta=40666 frames_rx=40706
[RTX-GST] RTP_RX pkts=171630 meta=40673 frames_rx=40713
[RTX-GST] VIDEO frames_rx=40717 fps=23.9 assoc_ok=36454 assoc_miss=2526 ctrl_sent=36454 infer_avg=0.10ms
[RTX-GST] RTP_RX pkts=171660 meta=40681 frames_rx=40721
[RTX-GST] RTP_RX pkts=171690 meta=40687 frames_rx=40727
[RTX-GST] RTP_RX pkts=171720 meta=40694 frames_rx=40734
[RTX-GST] RTP_RX pkts=171750 meta=40702 frames_rx=40742
[RTX-GST] VIDEO frames_rx=40748 fps=23.9 assoc_ok=36485 assoc_miss=2526 ctrl_sent=36485 infer_avg=0.07ms
[RTX-GST] RTP_RX pkts=171780 meta=40709 frames_rx=40749
[RTX-GST] RTP_RX pkts=171810 meta=40717 frames_rx=40757
[RTX-GST] RTP_RX pkts=171840 meta=40722 frames_rx=40762
[RTX-GST] SAVED n=36500 dropped=0 recv2save_p50=1.08ms recv2save_p95=1.51ms
[RTX-GST] RTP_RX pkts=171870 meta=40730 frames_rx=40770
[RTX-GST] RTP_RX pkts=171900 meta=40738 frames_rx=40777
[RTX-GST] VIDEO frames_rx=40778 fps=23.9 assoc_ok=36515 assoc_miss=2526 ctrl_sent=36515 infer_avg=0.05ms
[RTX-GST] RTP_RX pkts=171930 meta=40745 frames_rx=40785
[RTX-GST] RTP_RX pkts=171960 meta=40751 frames_rx=40791
[RTX-GST] RTP_RX pkts=171990 meta=40758 frames_rx=40798
[RTX-GST] RTP_RX pkts=172020 meta=40766 frames_rx=40806
[RTX-GST] VIDEO frames_rx=40809 fps=23.9 assoc_ok=36544 assoc_miss=2528 ctrl_sent=36544 infer_avg=0.07ms
[RTX-GST] RTP_RX pkts=172050 meta=40773 frames_rx=40813
[RTX-GST] RTP_RX pkts=172080 meta=40779 frames_rx=40819
[RTX-GST] RTP_RX pkts=172110 meta=40786 frames_rx=40826
[RTX-GST] RTP_RX pkts=172140 meta=40794 frames_rx=40834
[RTX-GST] VIDEO frames_rx=40840 fps=23.9 assoc_ok=36574 assoc_miss=2529 ctrl_sent=36574 infer_avg=0.07ms
[RTX-GST] RTP_RX pkts=172170 meta=40801 frames_rx=40841
[RTX-GST] RTP_RX pkts=172200 meta=40807 frames_rx=40847
[RTX-GST] RTP_RX pkts=172230 meta=40815 frames_rx=40855
[RTX-GST] RTP_RX pkts=172260 meta=40822 frames_rx=40862
[RTX-GST] RTP_RX pkts=172290 meta=40830 frames_rx=40870
[RTX-GST] VIDEO frames_rx=40870 fps=23.9 assoc_ok=36599 assoc_miss=2530 ctrl_sent=36599 infer_avg=0.06ms
[RTX-GST] SAVED n=36600 dropped=0 recv2save_p50=1.04ms recv2save_p95=1.51ms
[RTX-GST] RTP_RX pkts=172320 meta=40837 frames_rx=40877
[RTX-GST] RTP_RX pkts=172350 meta=40843 frames_rx=40883
[RTX-GST] RTP_RX pkts=172380 meta=40851 frames_rx=40891
[RTX-GST] RTP_RX pkts=172410 meta=40858 frames_rx=40898
[RTX-GST] VIDEO frames_rx=40900 fps=23.9 assoc_ok=36629 assoc_miss=2530 ctrl_sent=36629 infer_avg=0.07ms
[RTX-GST] RTP_RX pkts=172440 meta=40865 frames_rx=40905
[RTX-GST] RTP_RX pkts=172470 meta=40871 frames_rx=40911
[RTX-GST] RTP_RX pkts=172500 meta=40879 frames_rx=40919
[RTX-GST] RTP_RX pkts=172530 meta=40886 frames_rx=40926
[RTX-GST] VIDEO frames_rx=40934 fps=23.9 assoc_ok=36658 assoc_miss=2533 ctrl_sent=36658 infer_avg=0.07ms
[RTX-GST] RTP_RX pkts=172560 meta=40894 frames_rx=40934
[RTX-GST] RTP_RX pkts=172590 meta=40899 frames_rx=40939
[RTX-GST] RTP_RX pkts=172620 meta=40907 frames_rx=40947
[RTX-GST] RTP_RX pkts=172650 meta=40914 frames_rx=40954
[RTX-GST] RTP_RX pkts=172680 meta=40922 frames_rx=40962
[RTX-GST] VIDEO frames_rx=40965 fps=23.9 assoc_ok=36688 assoc_miss=2535 ctrl_sent=36688 infer_avg=0.08ms
[RTX-GST] RTP_RX pkts=172710 meta=40928 frames_rx=40968
[RTX-GST] RTP_RX pkts=172740 meta=40935 frames_rx=40975
[RTX-GST] SAVED n=36700 dropped=0 recv2save_p50=1.01ms recv2save_p95=1.49ms
[RTX-GST] RTP_RX pkts=172770 meta=40943 frames_rx=40983
[RTX-GST] RTP_RX pkts=172800 meta=40950 frames_rx=40990
[RTX-GST] VIDEO frames_rx=40996 fps=23.9 assoc_ok=36718 assoc_miss=2536 ctrl_sent=36718 infer_avg=0.07ms
[RTX-GST] RTP_RX pkts=172830 meta=40957 frames_rx=40997
[RTX-GST] RTP_RX pkts=172860 meta=40963 frames_rx=41003
[RTX-GST] RTP_RX pkts=172890 meta=40971 frames_rx=41011
[RTX-GST] RTP_RX pkts=172920 meta=40979 frames_rx=41019
[RTX-GST] VIDEO frames_rx=41026 fps=23.9 assoc_ok=36747 assoc_miss=2537 ctrl_sent=36747 infer_avg=0.06ms
[RTX-GST] RTP_RX pkts=172950 meta=40986 frames_rx=41026
[RTX-GST] RTP_RX pkts=172980 meta=40992 frames_rx=41031
[RTX-GST] RTP_RX pkts=173010 meta=40999 frames_rx=41039
[RTX-GST] RTP_RX pkts=173040 meta=41007 frames_rx=41047
[RTX-GST] RTP_RX pkts=173070 meta=41014 frames_rx=41054
[RTX-GST] VIDEO frames_rx=41057 fps=23.9 assoc_ok=36775 assoc_miss=2540 ctrl_sent=36775 infer_avg=0.06ms
[RTX-GST] RTP_RX pkts=173100 meta=41020 frames_rx=41060
[RTX-GST] RTP_RX pkts=173130 meta=41027 frames_rx=41068
[RTX-GST] RTP_RX pkts=173160 meta=41035 frames_rx=41075
[RTX-GST] RTP_RX pkts=173190 meta=41042 frames_rx=41082
[RTX-GST] SAVED n=36800 dropped=0 recv2save_p50=0.96ms recv2save_p95=1.46ms
[RTX-GST] VIDEO frames_rx=41088 fps=23.9 assoc_ok=36806 assoc_miss=2540 ctrl_sent=36806 infer_avg=0.09ms
[RTX-GST] RTP_RX pkts=173220 meta=41048 frames_rx=41088
[RTX-GST] RTP_RX pkts=173250 meta=41056 frames_rx=41096
[RTX-GST] RTP_RX pkts=173280 meta=41063 frames_rx=41103
[RTX-GST] RTP_RX pkts=173310 meta=41071 frames_rx=41111
[RTX-GST] RTP_RX pkts=173340 meta=41077 frames_rx=41117
[RTX-GST] VIDEO frames_rx=41118 fps=23.9 assoc_ok=36835 assoc_miss=2541 ctrl_sent=36835 infer_avg=0.15ms
[RTX-GST] RTP_RX pkts=173370 meta=41084 frames_rx=41124
[RTX-GST] RTP_RX pkts=173400 meta=41091 frames_rx=41131
[RTX-GST] RTP_RX pkts=173430 meta=41099 frames_rx=41139
[RTX-GST] RTP_RX pkts=173460 meta=41106 frames_rx=41146
[RTX-GST] VIDEO frames_rx=41150 fps=23.9 assoc_ok=36867 assoc_miss=2541 ctrl_sent=36867 infer_avg=0.14ms
[RTX-GST] RTP_RX pkts=173490 meta=41112 frames_rx=41152
[RTX-GST] RTP_RX pkts=173520 meta=41120 frames_rx=41160
[RTX-GST] RTP_RX pkts=173550 meta=41127 frames_rx=41167
[RTX-GST] RTP_RX pkts=173580 meta=41135 frames_rx=41175
[RTX-GST] VIDEO frames_rx=41179 fps=23.9 assoc_ok=36892 assoc_miss=2543 ctrl_sent=36892 infer_avg=0.08ms
[RTX-GST] RTP_RX pkts=173610 meta=41140 frames_rx=41180
[RTX-GST] SAVED n=36900 dropped=0 recv2save_p50=0.96ms recv2save_p95=1.46ms
[RTX-GST] RTP_RX pkts=173640 meta=41148 frames_rx=41188
[RTX-GST] RTP_RX pkts=173670 meta=41155 frames_rx=41195
[RTX-GST] RTP_RX pkts=173700 meta=41163 frames_rx=41203
[RTX-GST] VIDEO frames_rx=41208 fps=23.9 assoc_ok=36919 assoc_miss=2545 ctrl_sent=36919 infer_avg=0.08ms
[RTX-GST] RTP_RX pkts=173730 meta=41169 frames_rx=41209
[RTX-GST] RTP_RX pkts=173760 meta=41176 frames_rx=41216
[RTX-GST] RTP_RX pkts=173790 meta=41184 frames_rx=41224
[RTX-GST] RTP_RX pkts=173820 meta=41191 frames_rx=41231
[RTX-GST] RTP_RX pkts=173850 meta=41197 frames_rx=41237
[RTX-GST] VIDEO frames_rx=41242 fps=23.9 assoc_ok=36952 assoc_miss=2546 ctrl_sent=36952 infer_avg=0.06ms
[RTX-GST] RTP_RX pkts=173880 meta=41204 frames_rx=41244
[RTX-GST] RTP_RX pkts=173910 meta=41212 frames_rx=41252
[RTX-GST] RTP_RX pkts=173940 meta=41219 frames_rx=41259
[RTX-GST] RTP_RX pkts=173970 meta=41227 frames_rx=41267
[RTX-GST] VIDEO frames_rx=41271 fps=23.9 assoc_ok=36981 assoc_miss=2546 ctrl_sent=36981 infer_avg=0.10ms
[RTX-GST] RTP_RX pkts=174000 meta=41233 frames_rx=41273
[RTX-GST] RTP_RX pkts=174030 meta=41240 frames_rx=41280
[RTX-GST] RTP_RX pkts=174060 meta=41248 frames_rx=41288
[RTX-GST] SAVED n=37000 dropped=0 recv2save_p50=0.95ms recv2save_p95=1.44ms
[RTX-GST] RTP_RX pkts=174090 meta=41255 frames_rx=41295
[RTX-GST] RTP_RX pkts=174120 meta=41261 frames_rx=41301
[RTX-GST] VIDEO frames_rx=41302 fps=24.0 assoc_ok=37009 assoc_miss=2549 ctrl_sent=37009 infer_avg=0.14ms
[RTX-GST] RTP_RX pkts=174150 meta=41268 frames_rx=41308
[RTX-GST] RTP_RX pkts=174180 meta=41276 frames_rx=41316
[RTX-GST] RTP_RX pkts=174210 meta=41283 frames_rx=41323
[RTX-GST] RTP_RX pkts=174240 meta=41289 frames_rx=41329
[RTX-GST] VIDEO frames_rx=41334 fps=24.0 assoc_ok=37039 assoc_miss=2550 ctrl_sent=37039 infer_avg=0.12ms
[RTX-GST] RTP_RX pkts=174270 meta=41297 frames_rx=41337
[RTX-GST] RTP_RX pkts=174300 meta=41304 frames_rx=41344
[RTX-GST] RTP_RX pkts=174330 meta=41312 frames_rx=41352
[RTX-GST] RTP_RX pkts=174360 meta=41317 frames_rx=41357
[RTX-GST] VIDEO frames_rx=41365 fps=24.0 assoc_ok=37068 assoc_miss=2552 ctrl_sent=37068 infer_avg=0.08ms
[RTX-GST] RTP_RX pkts=174390 meta=41325 frames_rx=41365
[RTX-GST] RTP_RX pkts=174420 meta=41332 frames_rx=41372
[RTX-GST] RTP_RX pkts=174450 meta=41340 frames_rx=41380
[RTX-GST] RTP_RX pkts=174480 meta=41347 frames_rx=41387
[RTX-GST] RTP_RX pkts=174510 meta=41353 frames_rx=41393
[RTX-GST] VIDEO frames_rx=41396 fps=24.0 assoc_ok=37097 assoc_miss=2554 ctrl_sent=37097 infer_avg=0.09ms
[RTX-GST] SAVED n=37100 dropped=0 recv2save_p50=0.99ms recv2save_p95=1.47ms
[RTX-GST] RTP_RX pkts=174540 meta=41361 frames_rx=41401
[RTX-GST] RTP_RX pkts=174570 meta=41368 frames_rx=41408
[RTX-GST] RTP_RX pkts=174600 meta=41376 frames_rx=41416
[RTX-GST] RTP_RX pkts=174630 meta=41382 frames_rx=41421
[RTX-GST] VIDEO frames_rx=41428 fps=24.0 assoc_ok=37126 assoc_miss=2557 ctrl_sent=37126 infer_avg=0.05ms
[RTX-GST] RTP_RX pkts=174660 meta=41389 frames_rx=41429
[RTX-GST] RTP_RX pkts=174690 meta=41396 frames_rx=41436
[RTX-GST] RTP_RX pkts=174720 meta=41404 frames_rx=41444
[RTX-GST] RTP_RX pkts=174750 meta=41410 frames_rx=41450
[RTX-GST] RTP_RX pkts=174780 meta=41417 frames_rx=41457
[RTX-GST] VIDEO frames_rx=41459 fps=24.0 assoc_ok=37155 assoc_miss=2559 ctrl_sent=37155 infer_avg=0.06ms
[RTX-GST] RTP_RX pkts=174810 meta=41425 frames_rx=41465
[RTX-GST] RTP_RX pkts=174840 meta=41432 frames_rx=41472
[RTX-GST] RTP_RX pkts=174870 meta=41438 frames_rx=41478
[RTX-GST] RTP_RX pkts=174900 meta=41445 frames_rx=41485
[RTX-GST] VIDEO frames_rx=41489 fps=24.0 assoc_ok=37184 assoc_miss=2559 ctrl_sent=37184 infer_avg=0.06ms
[RTX-GST] RTP_RX pkts=174930 meta=41453 frames_rx=41493
[RTX-GST] RTP_RX pkts=174960 meta=41460 frames_rx=41500
[RTX-GST] SAVED n=37200 dropped=0 recv2save_p50=0.98ms recv2save_p95=1.47ms
[RTX-GST] RTP_RX pkts=174990 meta=41467 frames_rx=41507
[RTX-GST] RTP_RX pkts=175020 meta=41474 frames_rx=41514
[RTX-GST] VIDEO frames_rx=41520 fps=24.0 assoc_ok=37212 assoc_miss=2562 ctrl_sent=37212 infer_avg=0.07ms
[RTX-GST] RTP_RX pkts=175050 meta=41481 frames_rx=41521
[RTX-GST] RTP_RX pkts=175080 meta=41489 frames_rx=41529
[RTX-GST] RTP_RX pkts=175110 meta=41496 frames_rx=41537
[RTX-GST] RTP_RX pkts=175140 meta=41502 frames_rx=41542
[RTX-GST] RTP_RX pkts=175170 meta=41509 frames_rx=41550
[RTX-GST] VIDEO frames_rx=41550 fps=24.0 assoc_ok=37241 assoc_miss=2563 ctrl_sent=37241 infer_avg=0.07ms
[RTX-GST] RTP_RX pkts=175200 meta=41517 frames_rx=41557
[RTX-GST] RTP_RX pkts=175230 meta=41524 frames_rx=41565
[RTX-GST] RTP_RX pkts=175260 meta=41530 frames_rx=41570
[RTX-GST] RTP_RX pkts=175290 meta=41538 frames_rx=41578
[RTX-GST] VIDEO frames_rx=41580 fps=24.0 assoc_ok=37270 assoc_miss=2564 ctrl_sent=37270 infer_avg=0.06ms
[RTX-GST] RTP_RX pkts=175320 meta=41545 frames_rx=41585
[RTX-GST] RTP_RX pkts=175350 meta=41553 frames_rx=41593
[RTX-GST] RTP_RX pkts=175380 meta=41558 frames_rx=41598
[RTX-GST] RTP_RX pkts=175410 meta=41566 frames_rx=41606
[RTX-GST] SAVED n=37300 dropped=0 recv2save_p50=0.97ms recv2save_p95=1.47ms
[RTX-GST] VIDEO frames_rx=41612 fps=24.0 assoc_ok=37302 assoc_miss=2564 ctrl_sent=37302 infer_avg=0.07ms
[RTX-GST] RTP_RX pkts=175440 meta=41573 frames_rx=41613
[RTX-GST] RTP_RX pkts=175470 meta=41581 frames_rx=41621
[RTX-GST] RTP_RX pkts=175500 meta=41587 frames_rx=41627
[RTX-GST] RTP_RX pkts=175530 meta=41594 frames_rx=41634
[RTX-GST] VIDEO frames_rx=41642 fps=24.0 assoc_ok=37316 assoc_miss=2566 ctrl_sent=37316 infer_avg=0.09ms
[RTX-GST] RTP_RX pkts=175560 meta=41602 frames_rx=41642
[RTX-GST] RTP_RX pkts=175590 meta=41609 frames_rx=41649
[RTX-GST] RTP_RX pkts=175620 meta=41617 frames_rx=41657
[RTX-GST] RTP_RX pkts=175650 meta=41622 frames_rx=41662
[RTX-GST] RTP_RX pkts=175680 meta=41630 frames_rx=41670
[RTX-GST] VIDEO frames_rx=41673 fps=24.0 assoc_ok=37343 assoc_miss=2570 ctrl_sent=37343 infer_avg=0.07ms
[RTX-GST] RTP_RX pkts=175710 meta=41637 frames_rx=41678
[RTX-GST] RTP_RX pkts=175740 meta=41645 frames_rx=41685
[RTX-GST] RTP_RX pkts=175770 meta=41651 frames_rx=41691
[RTX-GST] RTP_RX pkts=175800 meta=41658 frames_rx=41698
[RTX-GST] VIDEO frames_rx=41704 fps=24.0 assoc_ok=37374 assoc_miss=2570 ctrl_sent=37374 infer_avg=0.07ms
[RTX-GST] RTP_RX pkts=175830 meta=41666 frames_rx=41706
[RTX-GST] RTP_RX pkts=175860 meta=41673 frames_rx=41714
[RTX-GST] RTP_RX pkts=175890 meta=41679 frames_rx=41719
[RTX-GST] RTP_RX pkts=175920 meta=41686 frames_rx=41726
[RTX-GST] SAVED n=37400 dropped=0 recv2save_p50=0.96ms recv2save_p95=1.46ms
[RTX-GST] RTP_RX pkts=175950 meta=41694 frames_rx=41734
[RTX-GST] VIDEO frames_rx=41735 fps=24.0 assoc_ok=37405 assoc_miss=2570 ctrl_sent=37405 infer_avg=0.07ms
[RTX-GST] RTP_RX pkts=175980 meta=41701 frames_rx=41741
[RTX-GST] RTP_RX pkts=176010 meta=41707 frames_rx=41747
[RTX-GST] RTP_RX pkts=176040 meta=41715 frames_rx=41755
[RTX-GST] RTP_RX pkts=176070 meta=41722 frames_rx=41762
[RTX-GST] VIDEO frames_rx=41766 fps=24.0 assoc_ok=37436 assoc_miss=2570 ctrl_sent=37436 infer_avg=0.06ms
[RTX-GST] RTP_RX pkts=176100 meta=41730 frames_rx=41770
[RTX-GST] RTP_RX pkts=176130 meta=41737 frames_rx=41777
[RTX-GST] RTP_RX pkts=176160 meta=41743 frames_rx=41783
[RTX-GST] RTP_RX pkts=176190 meta=41751 frames_rx=41791
[RTX-GST] VIDEO frames_rx=41797 fps=24.0 assoc_ok=37457 assoc_miss=2571 ctrl_sent=37457 infer_avg=0.06ms
[RTX-GST] RTP_RX pkts=176220 meta=41758 frames_rx=41798
[RTX-GST] RTP_RX pkts=176250 meta=41766 frames_rx=41806
[RTX-GST] RTP_RX pkts=176280 meta=41771 frames_rx=41811
[RTX-GST] RTP_RX pkts=176310 meta=41779 frames_rx=41819
[RTX-GST] RTP_RX pkts=176340 meta=41786 frames_rx=41826
[RTX-GST] VIDEO frames_rx=41827 fps=24.0 assoc_ok=37487 assoc_miss=2571 ctrl_sent=37487 infer_avg=0.04ms
[RTX-GST] RTP_RX pkts=176370 meta=41794 frames_rx=41834
[RTX-GST] SAVED n=37500 dropped=0 recv2save_p50=0.97ms recv2save_p95=1.42ms
[RTX-GST] RTP_RX pkts=176400 meta=41800 frames_rx=41840
[RTX-GST] RTP_RX pkts=176430 meta=41807 frames_rx=41847
[RTX-GST] RTP_RX pkts=176460 meta=41815 frames_rx=41855
[RTX-GST] VIDEO frames_rx=41857 fps=24.0 assoc_ok=37516 assoc_miss=2572 ctrl_sent=37516 infer_avg=0.07ms
[RTX-GST] RTP_RX pkts=176490 meta=41822 frames_rx=41862
[RTX-GST] RTP_RX pkts=176520 meta=41828 frames_rx=41868
[RTX-GST] RTP_RX pkts=176550 meta=41835 frames_rx=41875
[RTX-GST] RTP_RX pkts=176580 meta=41843 frames_rx=41883
[RTX-GST] VIDEO frames_rx=41888 fps=24.0 assoc_ok=37544 assoc_miss=2575 ctrl_sent=37544 infer_avg=0.07ms
[RTX-GST] RTP_RX pkts=176610 meta=41850 frames_rx=41890
[RTX-GST] RTP_RX pkts=176640 meta=41857 frames_rx=41897
[RTX-GST] RTP_RX pkts=176670 meta=41864 frames_rx=41904
[RTX-GST] RTP_RX pkts=176700 meta=41871 frames_rx=41911
[RTX-GST] VIDEO frames_rx=41919 fps=24.0 assoc_ok=37575 assoc_miss=2575 ctrl_sent=37575 infer_avg=0.10ms
[RTX-GST] RTP_RX pkts=176730 meta=41879 frames_rx=41919
[RTX-GST] RTP_RX pkts=176760 meta=41886 frames_rx=41926
[RTX-GST] RTP_RX pkts=176790 meta=41892 frames_rx=41932
[RTX-GST] RTP_RX pkts=176820 meta=41899 frames_rx=41940
[RTX-GST] RTP_RX pkts=176850 meta=41907 frames_rx=41947
[RTX-GST] SAVED n=37600 dropped=0 recv2save_p50=0.97ms recv2save_p95=1.39ms
[RTX-GST] VIDEO frames_rx=41950 fps=24.0 assoc_ok=37602 assoc_miss=2575 ctrl_sent=37602 infer_avg=0.06ms
[RTX-GST] RTP_RX pkts=176880 meta=41914 frames_rx=41954
[RTX-GST] RTP_RX pkts=176910 meta=41920 frames_rx=41960
[RTX-GST] RTP_RX pkts=176940 meta=41928 frames_rx=41968
[RTX-GST] RTP_RX pkts=176970 meta=41935 frames_rx=41975
[RTX-GST] VIDEO frames_rx=41981 fps=24.0 assoc_ok=37631 assoc_miss=2577 ctrl_sent=37631 infer_avg=0.06ms
[RTX-GST] RTP_RX pkts=177000 meta=41943 frames_rx=41983
[RTX-GST] RTP_RX pkts=177030 meta=41948 frames_rx=41988
[RTX-GST] RTP_RX pkts=177060 meta=41956 frames_rx=41996
[RTX-GST] RTP_RX pkts=177090 meta=41963 frames_rx=42003
[RTX-GST] RTP_RX pkts=177120 meta=41971 frames_rx=42011
[RTX-GST] VIDEO frames_rx=42012 fps=24.0 assoc_ok=37659 assoc_miss=2579 ctrl_sent=37659 infer_avg=0.07ms
[RTX-GST] RTP_RX pkts=177150 meta=41977 frames_rx=42017
[RTX-GST] RTP_RX pkts=177180 meta=41984 frames_rx=42024
[RTX-GST] RTP_RX pkts=177210 meta=41992 frames_rx=42032
[RTX-GST] RTP_RX pkts=177240 meta=41999 frames_rx=42039
[RTX-GST] VIDEO frames_rx=42043 fps=24.0 assoc_ok=37690 assoc_miss=2580 ctrl_sent=37690 infer_avg=0.05ms
[RTX-GST] RTP_RX pkts=177270 meta=42007 frames_rx=42047
[RTX-GST] RTP_RX pkts=177300 meta=42012 frames_rx=42052
[RTX-GST] SAVED n=37700 dropped=0 recv2save_p50=0.98ms recv2save_p95=1.40ms
[RTX-GST] RTP_RX pkts=177330 meta=42020 frames_rx=42060
[RTX-GST] RTP_RX pkts=177360 meta=42027 frames_rx=42067
[RTX-GST] RTP_RX pkts=177390 meta=42035 frames_rx=42075
[RTX-GST] VIDEO frames_rx=42077 fps=24.0 assoc_ok=37719 assoc_miss=2582 ctrl_sent=37719 infer_avg=0.12ms
[RTX-GST] RTP_RX pkts=177420 meta=42041 frames_rx=42081
[RTX-GST] RTP_RX pkts=177450 meta=42048 frames_rx=42088
[RTX-GST] RTP_RX pkts=177480 meta=42056 frames_rx=42096
[RTX-GST] RTP_RX pkts=177510 meta=42063 frames_rx=42103
[RTX-GST] VIDEO frames_rx=42108 fps=24.0 assoc_ok=37748 assoc_miss=2585 ctrl_sent=37748 infer_avg=0.09ms
[RTX-GST] RTP_RX pkts=177540 meta=42069 frames_rx=42109
[RTX-GST] RTP_RX pkts=177570 meta=42076 frames_rx=42117
[RTX-GST] RTP_RX pkts=177600 meta=42084 frames_rx=42124
[RTX-GST] RTP_RX pkts=177630 meta=42091 frames_rx=42131
[RTX-GST] RTP_RX pkts=177660 meta=42097 frames_rx=42137
[RTX-GST] VIDEO frames_rx=42138 fps=24.0 assoc_ok=37777 assoc_miss=2586 ctrl_sent=37777 infer_avg=0.09ms
[RTX-GST] RTP_RX pkts=177690 meta=42105 frames_rx=42145
[RTX-GST] RTP_RX pkts=177720 meta=42113 frames_rx=42152
[RTX-GST] RTP_RX pkts=177750 meta=42120 frames_rx=42160
[RTX-GST] SAVED n=37800 dropped=0 recv2save_p50=1.01ms recv2save_p95=1.47ms
[RTX-GST] RTP_RX pkts=177780 meta=42127 frames_rx=42167
[RTX-GST] VIDEO frames_rx=42171 fps=24.1 assoc_ok=37806 assoc_miss=2590 ctrl_sent=37806 infer_avg=0.18ms
[RTX-GST] RTP_RX pkts=177810 meta=42133 frames_rx=42173
[RTX-GST] RTP_RX pkts=177840 meta=42140 frames_rx=42181
[RTX-GST] RTP_RX pkts=177870 meta=42148 frames_rx=42188
[RTX-GST] RTP_RX pkts=177900 meta=42155 frames_rx=42195
[RTX-GST] VIDEO frames_rx=42201 fps=24.1 assoc_ok=37836 assoc_miss=2590 ctrl_sent=37836 infer_avg=0.10ms
[RTX-GST] RTP_RX pkts=177930 meta=42161 frames_rx=42201
[RTX-GST] RTP_RX pkts=177960 meta=42169 frames_rx=42209
[RTX-GST] RTP_RX pkts=177990 meta=42176 frames_rx=42216
[RTX-GST] RTP_RX pkts=178020 meta=42184 frames_rx=42224
[RTX-GST] RTP_RX pkts=178050 meta=42189 frames_rx=42229
[RTX-GST] VIDEO frames_rx=42236 fps=24.1 assoc_ok=37860 assoc_miss=2592 ctrl_sent=37860 infer_avg=0.06ms
[RTX-GST] RTP_RX pkts=178080 meta=42196 frames_rx=42237
[RTX-GST] RTP_RX pkts=178110 meta=42203 frames_rx=42244
[RTX-GST] RTP_RX pkts=178140 meta=42211 frames_rx=42252
[RTX-GST] RTP_RX pkts=178170 meta=42217 frames_rx=42258
[RTX-GST] RTP_RX pkts=178200 meta=42224 frames_rx=42265
[RTX-GST] VIDEO frames_rx=42268 fps=24.1 assoc_ok=37889 assoc_miss=2596 ctrl_sent=37889 infer_avg=0.06ms
[RTX-GST] RTP_RX pkts=178230 meta=42232 frames_rx=42273
[RTX-GST] SAVED n=37900 dropped=0 recv2save_p50=1.02ms recv2save_p95=1.50ms
[RTX-GST] RTP_RX pkts=178260 meta=42239 frames_rx=42280
[RTX-GST] RTP_RX pkts=178290 meta=42246 frames_rx=42287
[RTX-GST] RTP_RX pkts=178320 meta=42252 frames_rx=42293
[RTX-GST] VIDEO frames_rx=42299 fps=24.1 assoc_ok=37920 assoc_miss=2596 ctrl_sent=37920 infer_avg=0.06ms
[RTX-GST] RTP_RX pkts=178350 meta=42260 frames_rx=42301
[RTX-GST] RTP_RX pkts=178380 meta=42267 frames_rx=42308
[RTX-GST] RTP_RX pkts=178410 meta=42275 frames_rx=42316
[RTX-GST] RTP_RX pkts=178440 meta=42281 frames_rx=42322
[RTX-GST] VIDEO frames_rx=42329 fps=24.1 assoc_ok=37949 assoc_miss=2597 ctrl_sent=37949 infer_avg=0.07ms
[RTX-GST] RTP_RX pkts=178470 meta=42288 frames_rx=42329
[RTX-GST] RTP_RX pkts=178500 meta=42296 frames_rx=42337
[RTX-GST] RTP_RX pkts=178530 meta=42303 frames_rx=42344
[RTX-GST] RTP_RX pkts=178560 meta=42309 frames_rx=42350
[RTX-GST] RTP_RX pkts=178590 meta=42316 frames_rx=42357
[RTX-GST] VIDEO frames_rx=42359 fps=24.1 assoc_ok=37977 assoc_miss=2599 ctrl_sent=37977 infer_avg=0.07ms
[RTX-GST] RTP_RX pkts=178620 meta=42324 frames_rx=42365
[RTX-GST] RTP_RX pkts=178650 meta=42331 frames_rx=42372
[RTX-GST] RTP_RX pkts=178680 meta=42337 frames_rx=42378
[RTX-GST] SAVED n=38000 dropped=0 recv2save_p50=0.99ms recv2save_p95=1.50ms
[RTX-GST] RTP_RX pkts=178710 meta=42345 frames_rx=42386
[RTX-GST] VIDEO frames_rx=42390 fps=24.1 assoc_ok=38003 assoc_miss=2601 ctrl_sent=38003 infer_avg=0.06ms
[RTX-GST] RTP_RX pkts=178740 meta=42352 frames_rx=42393
[RTX-GST] RTP_RX pkts=178770 meta=42360 frames_rx=42401
[RTX-GST] RTP_RX pkts=178800 meta=42366 frames_rx=42407
[RTX-GST] RTP_RX pkts=178830 meta=42373 frames_rx=42414
[RTX-GST] RTP_RX pkts=178860 meta=42380 frames_rx=42421
[RTX-GST] VIDEO frames_rx=42422 fps=24.1 assoc_ok=38032 assoc_miss=2603 ctrl_sent=38032 infer_avg=0.07ms
[RTX-GST] RTP_RX pkts=178890 meta=42388 frames_rx=42429
[RTX-GST] RTP_RX pkts=178920 meta=42395 frames_rx=42436
[RTX-GST] RTP_RX pkts=178950 meta=42401 frames_rx=42442
[RTX-GST] RTP_RX pkts=178980 meta=42409 frames_rx=42450
[RTX-GST] VIDEO frames_rx=42453 fps=24.1 assoc_ok=38061 assoc_miss=2605 ctrl_sent=38061 infer_avg=0.07ms
[RTX-GST] RTP_RX pkts=179010 meta=42416 frames_rx=42457
[RTX-GST] RTP_RX pkts=179040 meta=42424 frames_rx=42465
[RTX-GST] RTP_RX pkts=179070 meta=42429 frames_rx=42470
[RTX-GST] RTP_RX pkts=179100 meta=42437 frames_rx=42478
[RTX-GST] VIDEO frames_rx=42484 fps=24.1 assoc_ok=38091 assoc_miss=2606 ctrl_sent=38091 infer_avg=0.06ms
[RTX-GST] RTP_RX pkts=179130 meta=42444 frames_rx=42485
[RTX-GST] SAVED n=38100 dropped=0 recv2save_p50=0.98ms recv2save_p95=1.49ms
[RTX-GST] RTP_RX pkts=179160 meta=42452 frames_rx=42493
[RTX-GST] RTP_RX pkts=179190 meta=42458 frames_rx=42499
[RTX-GST] RTP_RX pkts=179220 meta=42465 frames_rx=42506
[RTX-GST] RTP_RX pkts=179250 meta=42473 frames_rx=42514
[RTX-GST] VIDEO frames_rx=42515 fps=24.1 assoc_ok=38121 assoc_miss=2607 ctrl_sent=38121 infer_avg=0.06ms
[RTX-GST] RTP_RX pkts=179280 meta=42480 frames_rx=42521
[RTX-GST] RTP_RX pkts=179310 meta=42486 frames_rx=42527
[RTX-GST] RTP_RX pkts=179340 meta=42493 frames_rx=42534
[RTX-GST] RTP_RX pkts=179370 meta=42501 frames_rx=42542
[RTX-GST] VIDEO frames_rx=42546 fps=24.1 assoc_ok=38146 assoc_miss=2610 ctrl_sent=38146 infer_avg=0.06ms
[RTX-GST] RTP_RX pkts=179400 meta=42508 frames_rx=42549
[RTX-GST] RTP_RX pkts=179430 meta=42516 frames_rx=42557
[RTX-GST] RTP_RX pkts=179460 meta=42522 frames_rx=42563
[RTX-GST] RTP_RX pkts=179490 meta=42529 frames_rx=42570
[RTX-GST] VIDEO frames_rx=42576 fps=24.1 assoc_ok=38175 assoc_miss=2611 ctrl_sent=38175 infer_avg=0.07ms
[RTX-GST] RTP_RX pkts=179520 meta=42537 frames_rx=42578
[RTX-GST] RTP_RX pkts=179550 meta=42544 frames_rx=42585
[RTX-GST] RTP_RX pkts=179580 meta=42550 frames_rx=42591
[RTX-GST] RTP_RX pkts=179610 meta=42558 frames_rx=42599
[RTX-GST] SAVED n=38200 dropped=0 recv2save_p50=0.98ms recv2save_p95=1.49ms
[RTX-GST] RTP_RX pkts=179640 meta=42565 frames_rx=42606
[RTX-GST] VIDEO frames_rx=42607 fps=24.1 assoc_ok=38205 assoc_miss=2612 ctrl_sent=38205 infer_avg=0.06ms
[RTX-GST] RTP_RX pkts=179670 meta=42573 frames_rx=42614
[RTX-GST] RTP_RX pkts=179700 meta=42579 frames_rx=42620
[RTX-GST] RTP_RX pkts=179730 meta=42586 frames_rx=42627
[RTX-GST] RTP_RX pkts=179760 meta=42594 frames_rx=42635
[RTX-GST] VIDEO frames_rx=42638 fps=24.1 assoc_ok=38235 assoc_miss=2613 ctrl_sent=38235 infer_avg=0.06ms
[RTX-GST] RTP_RX pkts=179790 meta=42601 frames_rx=42642
[RTX-GST] RTP_RX pkts=179820 meta=42607 frames_rx=42648
[RTX-GST] RTP_RX pkts=179850 meta=42615 frames_rx=42656
[RTX-GST] RTP_RX pkts=179880 meta=42622 frames_rx=42664
[RTX-GST] VIDEO frames_rx=42668 fps=24.1 assoc_ok=38263 assoc_miss=2615 ctrl_sent=38263 infer_avg=0.06ms
[RTX-GST] RTP_RX pkts=179910 meta=42630 frames_rx=42671
[RTX-GST] RTP_RX pkts=179940 meta=42636 frames_rx=42677
[RTX-GST] RTP_RX pkts=179970 meta=42643 frames_rx=42685
[RTX-GST] RTP_RX pkts=180000 meta=42651 frames_rx=42692
[RTX-GST] VIDEO frames_rx=42698 fps=24.1 assoc_ok=38287 assoc_miss=2619 ctrl_sent=38287 infer_avg=0.06ms
[RTX-GST] RTP_RX pkts=180030 meta=42659 frames_rx=42700
[RTX-GST] RTP_RX pkts=180060 meta=42666 frames_rx=42707
[RTX-GST] SAVED n=38300 dropped=0 recv2save_p50=0.95ms recv2save_p95=1.39ms
[RTX-GST] RTP_RX pkts=180090 meta=42672 frames_rx=42713
[RTX-GST] RTP_RX pkts=180120 meta=42679 frames_rx=42720
[RTX-GST] RTP_RX pkts=180150 meta=42687 frames_rx=42728
[RTX-GST] VIDEO frames_rx=42730 fps=24.1 assoc_ok=38315 assoc_miss=2623 ctrl_sent=38315 infer_avg=0.07ms
[RTX-GST] RTP_RX pkts=180180 meta=42694 frames_rx=42735
[RTX-GST] RTP_RX pkts=180210 meta=42700 frames_rx=42741
[RTX-GST] RTP_RX pkts=180240 meta=42708 frames_rx=42749
[RTX-GST] RTP_RX pkts=180270 meta=42715 frames_rx=42756
[RTX-GST] VIDEO frames_rx=42762 fps=24.1 assoc_ok=38343 assoc_miss=2627 ctrl_sent=38343 infer_avg=0.08ms
[RTX-GST] RTP_RX pkts=180300 meta=42723 frames_rx=42764
[RTX-GST] RTP_RX pkts=180330 meta=42729 frames_rx=42770
[RTX-GST] RTP_RX pkts=180360 meta=42736 frames_rx=42777
[RTX-GST] RTP_RX pkts=180390 meta=42744 frames_rx=42785
[RTX-GST] VIDEO frames_rx=42793 fps=24.1 assoc_ok=38370 assoc_miss=2629 ctrl_sent=38370 infer_avg=0.06ms
[RTX-GST] RTP_RX pkts=180420 meta=42751 frames_rx=42793
[RTX-GST] RTP_RX pkts=180450 meta=42757 frames_rx=42799
[RTX-GST] RTP_RX pkts=180480 meta=42765 frames_rx=42807
[RTX-GST] RTP_RX pkts=180510 meta=42772 frames_rx=42814
[RTX-GST] RTP_RX pkts=180540 meta=42780 frames_rx=42822
[RTX-GST] VIDEO frames_rx=42825 fps=24.1 assoc_ok=38399 assoc_miss=2631 ctrl_sent=38399 infer_avg=0.07ms
[RTX-GST] SAVED n=38400 dropped=0 recv2save_p50=0.96ms recv2save_p95=1.27ms
[RTX-GST] RTP_RX pkts=180570 meta=42786 frames_rx=42828
[RTX-GST] RTP_RX pkts=180600 meta=42793 frames_rx=42835
[RTX-GST] RTP_RX pkts=180630 meta=42801 frames_rx=42843
[RTX-GST] RTP_RX pkts=180660 meta=42808 frames_rx=42850
[RTX-GST] VIDEO frames_rx=42852 fps=24.1 assoc_ok=38425 assoc_miss=2632 ctrl_sent=38425 infer_avg=0.07ms
[RTX-GST] RTP_RX pkts=180690 meta=42815 frames_rx=42857
[RTX-GST] RTP_RX pkts=180720 meta=42822 frames_rx=42864
[RTX-GST] RTP_RX pkts=180750 meta=42829 frames_rx=42871
[RTX-GST] RTP_RX pkts=180780 meta=42837 frames_rx=42879
[RTX-GST] RTP_RX pkts=180810 meta=42844 frames_rx=42886
[RTX-GST] VIDEO frames_rx=42888 fps=24.1 assoc_ok=38454 assoc_miss=2639 ctrl_sent=38454 infer_avg=0.13ms
[RTX-GST] RTP_RX pkts=180840 meta=42850 frames_rx=42892
[RTX-GST] RTP_RX pkts=180870 meta=42858 frames_rx=42900
[RTX-GST] RTP_RX pkts=180900 meta=42865 frames_rx=42907
[RTX-GST] RTP_RX pkts=180930 meta=42873 frames_rx=42915
[RTX-GST] VIDEO frames_rx=42918 fps=24.1 assoc_ok=38481 assoc_miss=2642 ctrl_sent=38481 infer_avg=0.13ms
[RTX-GST] RTP_RX pkts=180960 meta=42879 frames_rx=42921
[RTX-GST] RTP_RX pkts=180990 meta=42886 frames_rx=42929
[RTX-GST] RTP_RX pkts=181020 meta=42894 frames_rx=42936
[RTX-GST] SAVED n=38500 dropped=0 recv2save_p50=0.97ms recv2save_p95=1.43ms
[RTX-GST] RTP_RX pkts=181050 meta=42901 frames_rx=42943
[RTX-GST] VIDEO frames_rx=42945 fps=24.1 assoc_ok=38505 assoc_miss=2645 ctrl_sent=38505 infer_avg=0.14ms
[RTX-GST] RTP_RX pkts=181080 meta=42907 frames_rx=42949
[RTX-GST] RTP_RX pkts=181110 meta=42915 frames_rx=42957
[RTX-GST] RTP_RX pkts=181140 meta=42922 frames_rx=42964
[RTX-GST] RTP_RX pkts=181170 meta=42930 frames_rx=42972
[RTX-GST] RTP_RX pkts=181200 meta=42936 frames_rx=42978
[RTX-GST] VIDEO frames_rx=42981 fps=24.1 assoc_ok=38536 assoc_miss=2647 ctrl_sent=38536 infer_avg=0.06ms
[RTX-GST] RTP_RX pkts=181230 meta=42944 frames_rx=42986
[RTX-GST] RTP_RX pkts=181260 meta=42951 frames_rx=42993
[RTX-GST] RTP_RX pkts=181290 meta=42959 frames_rx=43001
[RTX-GST] RTP_RX pkts=181320 meta=42966 frames_rx=43007
[RTX-GST] VIDEO frames_rx=43011 fps=24.1 assoc_ok=38566 assoc_miss=2647 ctrl_sent=38566 infer_avg=0.13ms
[RTX-GST] RTP_RX pkts=181350 meta=42973 frames_rx=43015
[RTX-GST] RTP_RX pkts=181380 meta=42981 frames_rx=43023
[RTX-GST] RTP_RX pkts=181410 meta=42988 frames_rx=43030
[RTX-GST] RTP_RX pkts=181440 meta=42995 frames_rx=43037
[RTX-GST] VIDEO frames_rx=43042 fps=24.1 assoc_ok=38594 assoc_miss=2650 ctrl_sent=38594 infer_avg=0.03ms
[RTX-GST] RTP_RX pkts=181470 meta=43002 frames_rx=43044
[RTX-GST] SAVED n=38600 dropped=0 recv2save_p50=0.97ms recv2save_p95=1.46ms
[RTX-GST] RTP_RX pkts=181500 meta=43009 frames_rx=43051
[RTX-GST] RTP_RX pkts=181530 meta=43017 frames_rx=43059
[RTX-GST] RTP_RX pkts=181560 meta=43024 frames_rx=43066
[RTX-GST] RTP_RX pkts=181590 meta=43030 frames_rx=43073
[RTX-GST] RTP_RX pkts=181620 meta=43037 frames_rx=43080
[RTX-GST] VIDEO frames_rx=43081 fps=24.2 assoc_ok=38617 assoc_miss=2653 ctrl_sent=38617 infer_avg=0.06ms
[RTX-GST] RTP_RX pkts=181650 meta=43045 frames_rx=43088
[RTX-GST] RTP_RX pkts=181680 meta=43052 frames_rx=43095
[RTX-GST] RTP_RX pkts=181710 meta=43058 frames_rx=43101
[RTX-GST] RTP_RX pkts=181740 meta=43066 frames_rx=43109
[RTX-GST] VIDEO frames_rx=43111 fps=24.2 assoc_ok=38647 assoc_miss=2653 ctrl_sent=38647 infer_avg=0.06ms
[RTX-GST] RTP_RX pkts=181770 meta=43073 frames_rx=43116
[RTX-GST] RTP_RX pkts=181800 meta=43080 frames_rx=43124
[RTX-GST] RTP_RX pkts=181830 meta=43086 frames_rx=43130
[RTX-GST] RTP_RX pkts=181860 meta=43094 frames_rx=43138
[RTX-GST] VIDEO frames_rx=43142 fps=24.2 assoc_ok=38674 assoc_miss=2656 ctrl_sent=38674 infer_avg=0.07ms
[RTX-GST] RTP_RX pkts=181890 meta=43101 frames_rx=43145
[RTX-GST] RTP_RX pkts=181920 meta=43109 frames_rx=43152
[RTX-GST] RTP_RX pkts=181950 meta=43115 frames_rx=43158
[RTX-GST] RTP_RX pkts=181980 meta=43123 frames_rx=43166
[RTX-GST] SAVED n=38700 dropped=0 recv2save_p50=0.96ms recv2save_p95=1.46ms
[RTX-GST] VIDEO frames_rx=43172 fps=24.2 assoc_ok=38703 assoc_miss=2657 ctrl_sent=38703 infer_avg=0.05ms
[RTX-GST] RTP_RX pkts=182010 meta=43130 frames_rx=43173
[RTX-GST] RTP_RX pkts=182040 meta=43138 frames_rx=43181
[RTX-GST] RTP_RX pkts=182070 meta=43143 frames_rx=43187
[RTX-GST] RTP_RX pkts=182100 meta=43151 frames_rx=43194
[RTX-GST] RTP_RX pkts=182130 meta=43158 frames_rx=43202
[RTX-GST] VIDEO frames_rx=43204 fps=24.2 assoc_ok=38732 assoc_miss=2659 ctrl_sent=38732 infer_avg=0.07ms
[RTX-GST] RTP_RX pkts=182160 meta=43166 frames_rx=43209
[RTX-GST] RTP_RX pkts=182190 meta=43173 frames_rx=43216
[RTX-GST] RTP_RX pkts=182220 meta=43179 frames_rx=43222
[RTX-GST] RTP_RX pkts=182250 meta=43187 frames_rx=43230
[RTX-GST] VIDEO frames_rx=43235 fps=24.2 assoc_ok=38760 assoc_miss=2662 ctrl_sent=38760 infer_avg=0.06ms
[RTX-GST] RTP_RX pkts=182280 meta=43195 frames_rx=43238
[RTX-GST] RTP_RX pkts=182310 meta=43202 frames_rx=43245
[RTX-GST] RTP_RX pkts=182340 meta=43208 frames_rx=43251
[RTX-GST] RTP_RX pkts=182370 meta=43215 frames_rx=43258
[RTX-GST] VIDEO frames_rx=43266 fps=24.2 assoc_ok=38786 assoc_miss=2666 ctrl_sent=38786 infer_avg=0.08ms
[RTX-GST] RTP_RX pkts=182400 meta=43223 frames_rx=43266
[RTX-GST] RTP_RX pkts=182430 meta=43231 frames_rx=43274
[RTX-GST] RTP_RX pkts=182460 meta=43236 frames_rx=43279
[RTX-GST] SAVED n=38800 dropped=0 recv2save_p50=0.97ms recv2save_p95=1.48ms
[RTX-GST] RTP_RX pkts=182490 meta=43244 frames_rx=43287
[RTX-GST] RTP_RX pkts=182520 meta=43251 frames_rx=43294
[RTX-GST] VIDEO frames_rx=43296 fps=24.2 assoc_ok=38814 assoc_miss=2669 ctrl_sent=38814 infer_avg=0.07ms
[RTX-GST] RTP_RX pkts=182550 meta=43259 frames_rx=43302
[RTX-GST] RTP_RX pkts=182580 meta=43265 frames_rx=43308
[RTX-GST] RTP_RX pkts=182610 meta=43273 frames_rx=43316
[RTX-GST] RTP_RX pkts=182640 meta=43281 frames_rx=43324
[RTX-GST] VIDEO frames_rx=43328 fps=24.2 assoc_ok=38843 assoc_miss=2671 ctrl_sent=38843 infer_avg=0.07ms
[RTX-GST] RTP_RX pkts=182670 meta=43288 frames_rx=43331
[RTX-GST] RTP_RX pkts=182700 meta=43293 frames_rx=43337
[RTX-GST] RTP_RX pkts=182730 meta=43301 frames_rx=43345
[RTX-GST] RTP_RX pkts=182760 meta=43309 frames_rx=43353
[RTX-GST] VIDEO frames_rx=43359 fps=24.2 assoc_ok=38872 assoc_miss=2673 ctrl_sent=38872 infer_avg=0.07ms
[RTX-GST] RTP_RX pkts=182790 meta=43315 frames_rx=43360
[RTX-GST] RTP_RX pkts=182820 meta=43321 frames_rx=43366
[RTX-GST] RTP_RX pkts=182850 meta=43328 frames_rx=43374
[RTX-GST] RTP_RX pkts=182880 meta=43336 frames_rx=43381
[RTX-GST] SAVED n=38900 dropped=0 recv2save_p50=0.96ms recv2save_p95=1.41ms
[RTX-GST] RTP_RX pkts=182910 meta=43344 frames_rx=43389
[RTX-GST] VIDEO frames_rx=43390 fps=24.2 assoc_ok=38902 assoc_miss=2674 ctrl_sent=38902 infer_avg=0.06ms
[RTX-GST] RTP_RX pkts=182940 meta=43351 frames_rx=43396
[RTX-GST] RTP_RX pkts=182970 meta=43357 frames_rx=43402
[RTX-GST] RTP_RX pkts=183000 meta=43365 frames_rx=43410
[RTX-GST] RTP_RX pkts=183030 meta=43372 frames_rx=43417
[RTX-GST] VIDEO frames_rx=43421 fps=24.2 assoc_ok=38931 assoc_miss=2675 ctrl_sent=38931 infer_avg=0.16ms
[RTX-GST] RTP_RX pkts=183060 meta=43380 frames_rx=43425
[RTX-GST] RTP_RX pkts=183090 meta=43386 frames_rx=43431
[RTX-GST] RTP_RX pkts=183120 meta=43393 frames_rx=43438
[RTX-GST] RTP_RX pkts=183150 meta=43401 frames_rx=43446
[RTX-GST] VIDEO frames_rx=43452 fps=24.2 assoc_ok=38961 assoc_miss=2675 ctrl_sent=38961 infer_avg=0.08ms
[RTX-GST] RTP_RX pkts=183180 meta=43408 frames_rx=43453
[RTX-GST] RTP_RX pkts=183210 meta=43414 frames_rx=43459
[RTX-GST] RTP_RX pkts=183240 meta=43422 frames_rx=43467
[RTX-GST] RTP_RX pkts=183270 meta=43429 frames_rx=43475
[RTX-GST] RTP_RX pkts=183300 meta=43437 frames_rx=43482
[RTX-GST] VIDEO frames_rx=43483 fps=24.2 assoc_ok=38992 assoc_miss=2676 ctrl_sent=38992 infer_avg=0.07ms
[RTX-GST] RTP_RX pkts=183330 meta=43443 frames_rx=43488
[RTX-GST] SAVED n=39000 dropped=0 recv2save_p50=0.96ms recv2save_p95=1.35ms
[RTX-GST] RTP_RX pkts=183360 meta=43450 frames_rx=43495
[RTX-GST] RTP_RX pkts=183390 meta=43458 frames_rx=43503
[RTX-GST] RTP_RX pkts=183420 meta=43465 frames_rx=43510
[RTX-GST] VIDEO frames_rx=43513 fps=24.2 assoc_ok=39021 assoc_miss=2677 ctrl_sent=39021 infer_avg=0.07ms
[RTX-GST] RTP_RX pkts=183450 meta=43471 frames_rx=43516
[RTX-GST] RTP_RX pkts=183480 meta=43479 frames_rx=43523
[RTX-GST] RTP_RX pkts=183510 meta=43486 frames_rx=43530
[RTX-GST] RTP_RX pkts=183540 meta=43494 frames_rx=43538
[RTX-GST] VIDEO frames_rx=43543 fps=24.2 assoc_ok=39050 assoc_miss=2678 ctrl_sent=39050 infer_avg=0.06ms
[RTX-GST] RTP_RX pkts=183570 meta=43501 frames_rx=43545
[RTX-GST] RTP_RX pkts=183600 meta=43507 frames_rx=43551
[RTX-GST] RTP_RX pkts=183630 meta=43515 frames_rx=43559
[RTX-GST] RTP_RX pkts=183660 meta=43522 frames_rx=43566
[RTX-GST] VIDEO frames_rx=43574 fps=24.2 assoc_ok=39076 assoc_miss=2681 ctrl_sent=39076 infer_avg=0.07ms
[RTX-GST] RTP_RX pkts=183690 meta=43530 frames_rx=43574
[RTX-GST] RTP_RX pkts=183720 meta=43535 frames_rx=43580
[RTX-GST] RTP_RX pkts=183750 meta=43543 frames_rx=43587
[RTX-GST] RTP_RX pkts=183780 meta=43550 frames_rx=43595
[RTX-GST] SAVED n=39100 dropped=0 recv2save_p50=0.96ms recv2save_p95=1.32ms
[RTX-GST] RTP_RX pkts=183810 meta=43558 frames_rx=43602
[RTX-GST] VIDEO frames_rx=43603 fps=24.2 assoc_ok=39101 assoc_miss=2683 ctrl_sent=39101 infer_avg=0.07ms
[RTX-GST] RTP_RX pkts=183840 meta=43564 frames_rx=43608
[RTX-GST] RTP_RX pkts=183870 meta=43572 frames_rx=43616
[RTX-GST] RTP_RX pkts=183900 meta=43580 frames_rx=43624
[RTX-GST] RTP_RX pkts=183930 meta=43588 frames_rx=43632
[RTX-GST] VIDEO frames_rx=43634 fps=24.2 assoc_ok=39131 assoc_miss=2684 ctrl_sent=39131 infer_avg=0.07ms
[RTX-GST] RTP_RX pkts=183960 meta=43594 frames_rx=43638
[RTX-GST] RTP_RX pkts=183990 meta=43601 frames_rx=43644
[RTX-GST] RTP_RX pkts=184020 meta=43608 frames_rx=43651
[RTX-GST] RTP_RX pkts=184050 meta=43616 frames_rx=43659
[RTX-GST] VIDEO frames_rx=43663 fps=24.2 assoc_ok=39157 assoc_miss=2686 ctrl_sent=39157 infer_avg=0.06ms
[RTX-GST] RTP_RX pkts=184080 meta=43622 frames_rx=43665
[RTX-GST] RTP_RX pkts=184110 meta=43629 frames_rx=43672
[RTX-GST] RTP_RX pkts=184140 meta=43637 frames_rx=43680
[RTX-GST] RTP_RX pkts=184170 meta=43644 frames_rx=43687
[RTX-GST] RTP_RX pkts=184200 meta=43650 frames_rx=43693
[RTX-GST] VIDEO frames_rx=43695 fps=24.2 assoc_ok=39184 assoc_miss=2688 ctrl_sent=39184 infer_avg=0.11ms
[RTX-GST] RTP_RX pkts=184230 meta=43658 frames_rx=43701
[RTX-GST] RTP_RX pkts=184260 meta=43665 frames_rx=43708
[RTX-GST] SAVED n=39200 dropped=0 recv2save_p50=0.97ms recv2save_p95=1.35ms
[RTX-GST] RTP_RX pkts=184290 meta=43673 frames_rx=43716
[RTX-GST] RTP_RX pkts=184320 meta=43679 frames_rx=43722
[RTX-GST] VIDEO frames_rx=43726 fps=24.2 assoc_ok=39210 assoc_miss=2692 ctrl_sent=39210 infer_avg=0.08ms
[RTX-GST] RTP_RX pkts=184350 meta=43686 frames_rx=43729
[RTX-GST] RTP_RX pkts=184380 meta=43693 frames_rx=43736
[RTX-GST] RTP_RX pkts=184410 meta=43701 frames_rx=43744
[RTX-GST] RTP_RX pkts=184440 meta=43709 frames_rx=43752
[RTX-GST] VIDEO frames_rx=43754 fps=24.2 assoc_ok=39235 assoc_miss=2693 ctrl_sent=39235 infer_avg=0.08ms
[RTX-GST] RTP_RX pkts=184470 meta=43715 frames_rx=43758
[RTX-GST] RTP_RX pkts=184500 meta=43723 frames_rx=43766
[RTX-GST] RTP_RX pkts=184530 meta=43730 frames_rx=43774
[RTX-GST] RTP_RX pkts=184560 meta=43736 frames_rx=43782
[RTX-GST] VIDEO frames_rx=43786 fps=24.2 assoc_ok=39250 assoc_miss=2697 ctrl_sent=39250 infer_avg=0.08ms
[RTX-GST] RTP_RX pkts=184590 meta=43742 frames_rx=43787
[RTX-GST] RTP_RX pkts=184620 meta=43749 frames_rx=43794
[RTX-GST] RTP_RX pkts=184650 meta=43757 frames_rx=43802
[RTX-GST] RTP_RX pkts=184680 meta=43764 frames_rx=43809
[RTX-GST] RTP_RX pkts=184710 meta=43770 frames_rx=43815
[RTX-GST] VIDEO frames_rx=43819 fps=24.2 assoc_ok=39276 assoc_miss=2701 ctrl_sent=39276 infer_avg=0.08ms
[RTX-GST] RTP_RX pkts=184740 meta=43778 frames_rx=43823
[RTX-GST] RTP_RX pkts=184770 meta=43785 frames_rx=43830
[RTX-GST] RTP_RX pkts=184800 meta=43793 frames_rx=43837
[RTX-GST] SAVED n=39300 dropped=0 recv2save_p50=0.99ms recv2save_p95=1.44ms
[RTX-GST] RTP_RX pkts=184830 meta=43799 frames_rx=43843
[RTX-GST] VIDEO frames_rx=43848 fps=24.2 assoc_ok=39304 assoc_miss=2704 ctrl_sent=39304 infer_avg=0.11ms
[RTX-GST] RTP_RX pkts=184860 meta=43806 frames_rx=43850
[RTX-GST] RTP_RX pkts=184890 meta=43814 frames_rx=43858
[RTX-GST] RTP_RX pkts=184920 meta=43822 frames_rx=43865
[RTX-GST] RTP_RX pkts=184950 meta=43829 frames_rx=43871
[RTX-GST] RTP_RX pkts=184980 meta=43836 frames_rx=43879
[RTX-GST] VIDEO frames_rx=43884 fps=24.2 assoc_ok=39327 assoc_miss=2704 ctrl_sent=39327 infer_avg=0.05ms
[RTX-GST] RTP_RX pkts=185010 meta=43843 frames_rx=43886
[RTX-GST] RTP_RX pkts=185040 meta=43850 frames_rx=43894
[RTX-GST] RTP_RX pkts=185070 meta=43856 frames_rx=43900
[RTX-GST] RTP_RX pkts=185100 meta=43864 frames_rx=43908
[RTX-GST] VIDEO frames_rx=43915 fps=24.2 assoc_ok=39353 assoc_miss=2705 ctrl_sent=39353 infer_avg=0.11ms
[RTX-GST] RTP_RX pkts=185130 meta=43871 frames_rx=43915
[RTX-GST] RTP_RX pkts=185160 meta=43879 frames_rx=43923
[RTX-GST] RTP_RX pkts=185190 meta=43886 frames_rx=43930
[RTX-GST] RTP_RX pkts=185220 meta=43892 frames_rx=43936
[RTX-GST] RTP_RX pkts=185250 meta=43900 frames_rx=43944
[RTX-GST] VIDEO frames_rx=43946 fps=24.2 assoc_ok=39382 assoc_miss=2707 ctrl_sent=39382 infer_avg=0.07ms
[RTX-GST] RTP_RX pkts=185280 meta=43907 frames_rx=43951
[RTX-GST] RTP_RX pkts=185310 meta=43915 frames_rx=43959
[RTX-GST] RTP_RX pkts=185340 meta=43921 frames_rx=43965
[RTX-GST] SAVED n=39400 dropped=0 recv2save_p50=1.02ms recv2save_p95=1.47ms
[RTX-GST] RTP_RX pkts=185370 meta=43928 frames_rx=43972
[RTX-GST] VIDEO frames_rx=43975 fps=24.2 assoc_ok=39407 assoc_miss=2710 ctrl_sent=39407 infer_avg=0.09ms
[RTX-GST] RTP_RX pkts=185400 meta=43936 frames_rx=43979
[RTX-GST] RTP_RX pkts=185430 meta=43944 frames_rx=43987
[RTX-GST] RTP_RX pkts=185460 meta=43950 frames_rx=43993
[RTX-GST] RTP_RX pkts=185490 meta=43957 frames_rx=44000
[RTX-GST] VIDEO frames_rx=44007 fps=24.2 assoc_ok=39435 assoc_miss=2713 ctrl_sent=39435 infer_avg=0.08ms
[RTX-GST] RTP_RX pkts=185520 meta=43965 frames_rx=44008
[RTX-GST] RTP_RX pkts=185550 meta=43972 frames_rx=44015
[RTX-GST] RTP_RX pkts=185580 meta=43978 frames_rx=44021
[RTX-GST] RTP_RX pkts=185610 meta=43985 frames_rx=44028
[RTX-GST] RTP_RX pkts=185640 meta=43993 frames_rx=44036
[RTX-GST] VIDEO frames_rx=44041 fps=24.3 assoc_ok=39465 assoc_miss=2714 ctrl_sent=39465 infer_avg=0.07ms
[RTX-GST] RTP_RX pkts=185670 meta=44000 frames_rx=44043
[RTX-GST] RTP_RX pkts=185700 meta=44006 frames_rx=44049
[RTX-GST] RTP_RX pkts=185730 meta=44014 frames_rx=44058
[RTX-GST] RTP_RX pkts=185760 meta=44022 frames_rx=44064
[RTX-GST] VIDEO frames_rx=44070 fps=24.3 assoc_ok=39485 assoc_miss=2720 ctrl_sent=39485 infer_avg=0.09ms
[RTX-GST] RTP_RX pkts=185790 meta=44029 frames_rx=44071
[RTX-GST] RTP_RX pkts=185820 meta=44036 frames_rx=44078
[RTX-GST] SAVED n=39500 dropped=0 recv2save_p50=1.02ms recv2save_p95=1.48ms
[RTX-GST] RTP_RX pkts=185850 meta=44043 frames_rx=44085
[RTX-GST] RTP_RX pkts=185880 meta=44050 frames_rx=44092
[RTX-GST] RTP_RX pkts=185910 meta=44058 frames_rx=44100
[RTX-GST] VIDEO frames_rx=44101 fps=24.3 assoc_ok=39514 assoc_miss=2723 ctrl_sent=39514 infer_avg=0.14ms
[RTX-GST] RTP_RX pkts=185940 meta=44065 frames_rx=44107
[RTX-GST] RTP_RX pkts=185970 meta=44071 frames_rx=44113
[RTX-GST] RTP_RX pkts=186000 meta=44080 frames_rx=44121
[RTX-GST] RTP_RX pkts=186030 meta=44086 frames_rx=44128
[RTX-GST] VIDEO frames_rx=44134 fps=24.3 assoc_ok=39541 assoc_miss=2726 ctrl_sent=39541 infer_avg=0.11ms
[RTX-GST] RTP_RX pkts=186060 meta=44094 frames_rx=44135
[RTX-GST] RTP_RX pkts=186090 meta=44100 frames_rx=44141
[RTX-GST] RTP_RX pkts=186120 meta=44107 frames_rx=44148
[RTX-GST] RTP_RX pkts=186150 meta=44115 frames_rx=44156
[RTX-GST] RTP_RX pkts=186180 meta=44122 frames_rx=44163
[RTX-GST] VIDEO frames_rx=44164 fps=24.3 assoc_ok=39570 assoc_miss=2728 ctrl_sent=39570 infer_avg=0.07ms
[RTX-GST] RTP_RX pkts=186210 meta=44128 frames_rx=44169
[RTX-GST] RTP_RX pkts=186240 meta=44136 frames_rx=44177
[RTX-GST] RTP_RX pkts=186270 meta=44143 frames_rx=44185
[RTX-GST] RTP_RX pkts=186300 meta=44151 frames_rx=44192
[RTX-GST] VIDEO frames_rx=44194 fps=24.3 assoc_ok=39596 assoc_miss=2732 ctrl_sent=39596 infer_avg=0.08ms
[RTX-GST] RTP_RX pkts=186330 meta=44157 frames_rx=44198
[RTX-GST] SAVED n=39600 dropped=0 recv2save_p50=1.06ms recv2save_p95=1.52ms
[RTX-GST] RTP_RX pkts=186360 meta=44165 frames_rx=44206
[RTX-GST] RTP_RX pkts=186390 meta=44172 frames_rx=44213
[RTX-GST] RTP_RX pkts=186420 meta=44180 frames_rx=44221
[RTX-GST] VIDEO frames_rx=44226 fps=24.3 assoc_ok=39623 assoc_miss=2733 ctrl_sent=39623 infer_avg=0.08ms
[RTX-GST] RTP_RX pkts=186450 meta=44186 frames_rx=44227
[RTX-GST] RTP_RX pkts=186480 meta=44193 frames_rx=44234
[RTX-GST] RTP_RX pkts=186510 meta=44200 frames_rx=44241
[RTX-GST] RTP_RX pkts=186540 meta=44208 frames_rx=44249
[RTX-GST] RTP_RX pkts=186570 meta=44215 frames_rx=44257
[RTX-GST] VIDEO frames_rx=44257 fps=24.3 assoc_ok=39652 assoc_miss=2736 ctrl_sent=39652 infer_avg=0.06ms
[RTX-GST] RTP_RX pkts=186600 meta=44221 frames_rx=44263
[RTX-GST] RTP_RX pkts=186630 meta=44228 frames_rx=44270
[RTX-GST] RTP_RX pkts=186660 meta=44236 frames_rx=44277
[RTX-GST] RTP_RX pkts=186690 meta=44244 frames_rx=44285
[RTX-GST] VIDEO frames_rx=44287 fps=24.3 assoc_ok=39678 assoc_miss=2740 ctrl_sent=39678 infer_avg=0.07ms
[RTX-GST] RTP_RX pkts=186720 meta=44250 frames_rx=44291
[RTX-GST] RTP_RX pkts=186750 meta=44258 frames_rx=44299
[RTX-GST] RTP_RX pkts=186780 meta=44265 frames_rx=44306
[RTX-GST] SAVED n=39700 dropped=0 recv2save_p50=1.03ms recv2save_p95=1.51ms
[RTX-GST] RTP_RX pkts=186810 meta=44273 frames_rx=44314
[RTX-GST] VIDEO frames_rx=44318 fps=24.3 assoc_ok=39709 assoc_miss=2740 ctrl_sent=39709 infer_avg=0.06ms
[RTX-GST] RTP_RX pkts=186840 meta=44279 frames_rx=44320
[RTX-GST] RTP_RX pkts=186870 meta=44286 frames_rx=44327
[RTX-GST] RTP_RX pkts=186900 meta=44292 frames_rx=44335
[RTX-GST] RTP_RX pkts=186930 meta=44299 frames_rx=44343
[RTX-GST] VIDEO frames_rx=44347 fps=24.3 assoc_ok=39735 assoc_miss=2744 ctrl_sent=39735 infer_avg=0.07ms
[RTX-GST] RTP_RX pkts=186960 meta=44305 frames_rx=44348
[RTX-GST] RTP_RX pkts=186990 meta=44313 frames_rx=44356
[RTX-GST] RTP_RX pkts=187020 meta=44321 frames_rx=44363
[RTX-GST] RTP_RX pkts=187050 meta=44328 frames_rx=44370
[RTX-GST] RTP_RX pkts=187080 meta=44334 frames_rx=44376
[RTX-GST] VIDEO frames_rx=44377 fps=24.3 assoc_ok=39761 assoc_miss=2747 ctrl_sent=39761 infer_avg=0.06ms
[RTX-GST] RTP_RX pkts=187110 meta=44342 frames_rx=44384
[RTX-GST] RTP_RX pkts=187140 meta=44349 frames_rx=44391
[RTX-GST] RTP_RX pkts=187170 meta=44357 frames_rx=44399
[RTX-GST] RTP_RX pkts=187200 meta=44363 frames_rx=44405
[RTX-GST] VIDEO frames_rx=44408 fps=24.3 assoc_ok=39790 assoc_miss=2748 ctrl_sent=39790 infer_avg=0.14ms
[RTX-GST] RTP_RX pkts=187230 meta=44370 frames_rx=44412
[RTX-GST] SAVED n=39800 dropped=0 recv2save_p50=1.00ms recv2save_p95=1.50ms
[RTX-GST] RTP_RX pkts=187260 meta=44378 frames_rx=44420
[RTX-GST] RTP_RX pkts=187290 meta=44385 frames_rx=44428
[RTX-GST] RTP_RX pkts=187320 meta=44393 frames_rx=44435
[RTX-GST] VIDEO frames_rx=44439 fps=24.3 assoc_ok=39817 assoc_miss=2751 ctrl_sent=39817 infer_avg=0.11ms
[RTX-GST] RTP_RX pkts=187350 meta=44399 frames_rx=44441
[RTX-GST] RTP_RX pkts=187380 meta=44405 frames_rx=44448
[RTX-GST] RTP_RX pkts=187410 meta=44413 frames_rx=44456
[RTX-GST] RTP_RX pkts=187440 meta=44420 frames_rx=44463
[RTX-GST] RTP_RX pkts=187470 meta=44426 frames_rx=44469
[RTX-GST] VIDEO frames_rx=44471 fps=24.3 assoc_ok=39842 assoc_miss=2757 ctrl_sent=39842 infer_avg=0.09ms
[RTX-GST] RTP_RX pkts=187500 meta=44433 frames_rx=44476
[RTX-GST] RTP_RX pkts=187530 meta=44441 frames_rx=44484
[RTX-GST] VIDEO frames_rx=44491 fps=24.3 assoc_ok=39861 assoc_miss=2758 ctrl_sent=39861 infer_avg=0.06ms
[RTX-GST] RTP_RX pkts=187560 meta=44448 frames_rx=44491
[RTX-GST] RTP_RX pkts=187590 meta=44454 frames_rx=44497
[RTX-GST] RTP_RX pkts=187620 meta=44462 frames_rx=44505
[RTX-GST] RTP_RX pkts=187650 meta=44469 frames_rx=44512
[RTX-GST] RTP_RX pkts=187680 meta=44477 frames_rx=44520
[RTX-GST] RTP_RX pkts=187710 meta=44482 frames_rx=44525
[RTX-GST] VIDEO frames_rx=44529 fps=24.3 assoc_ok=39899 assoc_miss=2758 ctrl_sent=39899 infer_avg=0.06ms
[RTX-GST] SAVED n=39900 dropped=0 recv2save_p50=0.96ms recv2save_p95=1.48ms
[RTX-GST] RTP_RX pkts=187740 meta=44490 frames_rx=44533
[RTX-GST] RTP_RX pkts=187770 meta=44497 frames_rx=44540
[RTX-GST] RTP_RX pkts=187800 meta=44505 frames_rx=44548
[RTX-GST] RTP_RX pkts=187830 meta=44512 frames_rx=44555
[RTX-GST] VIDEO frames_rx=44556 fps=24.3 assoc_ok=39924 assoc_miss=2760 ctrl_sent=39924 infer_avg=0.06ms
[RTX-GST] RTP_RX pkts=187860 meta=44518 frames_rx=44561
[RTX-GST] RTP_RX pkts=187890 meta=44525 frames_rx=44569
[RTX-GST] RTP_RX pkts=187920 meta=44532 frames_rx=44576
[RTX-GST] RTP_RX pkts=187950 meta=44540 frames_rx=44584
[RTX-GST] VIDEO frames_rx=44587 fps=24.3 assoc_ok=39954 assoc_miss=2761 ctrl_sent=39954 infer_avg=0.09ms
[RTX-GST] RTP_RX pkts=187980 meta=44545 frames_rx=44590
[RTX-GST] RTP_RX pkts=188010 meta=44553 frames_rx=44598
[RTX-GST] RTP_RX pkts=188040 meta=44560 frames_rx=44605
[RTX-GST] RTP_RX pkts=188070 meta=44568 frames_rx=44613
[RTX-GST] VIDEO frames_rx=44616 fps=24.3 assoc_ok=39982 assoc_miss=2762 ctrl_sent=39982 infer_avg=0.07ms
[RTX-GST] RTP_RX pkts=188100 meta=44574 frames_rx=44619
[RTX-GST] RTP_RX pkts=188130 meta=44581 frames_rx=44626
[RTX-GST] SAVED n=40000 dropped=0 recv2save_p50=0.94ms recv2save_p95=1.46ms
[RTX-GST] RTP_RX pkts=188160 meta=44589 frames_rx=44634
[RTX-GST] RTP_RX pkts=188190 meta=44596 frames_rx=44641
[RTX-GST] RTP_RX pkts=188220 meta=44602 frames_rx=44647
[RTX-GST] VIDEO frames_rx=44654 fps=24.3 assoc_ok=40020 assoc_miss=2762 ctrl_sent=40020 infer_avg=0.07ms
[RTX-GST] RTP_RX pkts=188250 meta=44609 frames_rx=44654
[RTX-GST] RTP_RX pkts=188280 meta=44617 frames_rx=44662
[RTX-GST] RTP_RX pkts=188310 meta=44624 frames_rx=44669
[RTX-GST] RTP_RX pkts=188340 meta=44630 frames_rx=44675
[RTX-GST] RTP_RX pkts=188370 meta=44638 frames_rx=44683
[RTX-GST] VIDEO frames_rx=44685 fps=24.3 assoc_ok=40050 assoc_miss=2762 ctrl_sent=40050 infer_avg=0.05ms
[RTX-GST] RTP_RX pkts=188400 meta=44645 frames_rx=44690
[RTX-GST] RTP_RX pkts=188430 meta=44653 frames_rx=44698
[RTX-GST] RTP_RX pkts=188460 meta=44660 frames_rx=44705
[RTX-GST] VIDEO frames_rx=44710 fps=24.3 assoc_ok=40075 assoc_miss=2762 ctrl_sent=40075 infer_avg=0.05ms
[RTX-GST] RTP_RX pkts=188490 meta=44666 frames_rx=44711
[RTX-GST] RTP_RX pkts=188520 meta=44674 frames_rx=44719
[RTX-GST] RTP_RX pkts=188550 meta=44680 frames_rx=44726
[RTX-GST] RTP_RX pkts=188580 meta=44688 frames_rx=44734
[RTX-GST] SAVED n=40100 dropped=0 recv2save_p50=0.93ms recv2save_p95=1.32ms
[RTX-GST] VIDEO frames_rx=44739 fps=24.3 assoc_ok=40101 assoc_miss=2765 ctrl_sent=40101 infer_avg=0.05ms
[RTX-GST] RTP_RX pkts=188610 meta=44695 frames_rx=44740
[RTX-GST] RTP_RX pkts=188640 meta=44702 frames_rx=44748
[RTX-GST] RTP_RX pkts=188670 meta=44709 frames_rx=44755
[RTX-GST] RTP_RX pkts=188700 meta=44717 frames_rx=44763
[RTX-GST] RTP_RX pkts=188730 meta=44722 frames_rx=44768
[RTX-GST] VIDEO frames_rx=44774 fps=24.3 assoc_ok=40134 assoc_miss=2767 ctrl_sent=40134 infer_avg=0.06ms
[RTX-GST] RTP_RX pkts=188760 meta=44730 frames_rx=44776
[RTX-GST] RTP_RX pkts=188790 meta=44737 frames_rx=44783
[RTX-GST] RTP_RX pkts=188820 meta=44745 frames_rx=44791
[RTX-GST] RTP_RX pkts=188850 meta=44751 frames_rx=44797
[RTX-GST] VIDEO frames_rx=44803 fps=24.3 assoc_ok=40163 assoc_miss=2767 ctrl_sent=40163 infer_avg=0.06ms
[RTX-GST] RTP_RX pkts=188880 meta=44758 frames_rx=44804
[RTX-GST] RTP_RX pkts=188910 meta=44766 frames_rx=44812
[RTX-GST] RTP_RX pkts=188940 meta=44773 frames_rx=44819
[RTX-GST] RTP_RX pkts=188970 meta=44779 frames_rx=44825
[RTX-GST] RTP_RX pkts=189000 meta=44786 frames_rx=44832
[RTX-GST] VIDEO frames_rx=44835 fps=24.3 assoc_ok=40194 assoc_miss=2768 ctrl_sent=40194 infer_avg=0.06ms
[RTX-GST] RTP_RX pkts=189030 meta=44794 frames_rx=44840
[RTX-GST] SAVED n=40200 dropped=0 recv2save_p50=0.92ms recv2save_p95=1.32ms
[RTX-GST] RTP_RX pkts=189060 meta=44801 frames_rx=44847
[RTX-GST] RTP_RX pkts=189090 meta=44808 frames_rx=44854
[RTX-GST] RTP_RX pkts=189120 meta=44814 frames_rx=44861
[RTX-GST] VIDEO frames_rx=44867 fps=24.3 assoc_ok=40224 assoc_miss=2770 ctrl_sent=40224 infer_avg=0.06ms
[RTX-GST] RTP_RX pkts=189150 meta=44822 frames_rx=44869
[RTX-GST] RTP_RX pkts=189180 meta=44830 frames_rx=44877
[RTX-GST] RTP_RX pkts=189210 meta=44837 frames_rx=44884
[RTX-GST] RTP_RX pkts=189240 meta=44844 frames_rx=44891
[RTX-GST] RTP_RX pkts=189270 meta=44851 frames_rx=44899
[RTX-GST] VIDEO frames_rx=44900 fps=24.3 assoc_ok=40252 assoc_miss=2774 ctrl_sent=40252 infer_avg=0.06ms
[RTX-GST] RTP_RX pkts=189300 meta=44859 frames_rx=44906
[RTX-GST] RTP_RX pkts=189330 meta=44867 frames_rx=44914
[RTX-GST] RTP_RX pkts=189360 meta=44872 frames_rx=44919
[RTX-GST] RTP_RX pkts=189390 meta=44880 frames_rx=44927
[RTX-GST] VIDEO frames_rx=44929 fps=24.3 assoc_ok=40281 assoc_miss=2775 ctrl_sent=40281 infer_avg=0.07ms
[RTX-GST] RTP_RX pkts=189420 meta=44887 frames_rx=44934
[RTX-GST] RTP_RX pkts=189450 meta=44895 frames_rx=44942
[RTX-GST] RTP_RX pkts=189480 meta=44901 frames_rx=44948
[RTX-GST] SAVED n=40300 dropped=0 recv2save_p50=0.89ms recv2save_p95=1.29ms
[RTX-GST] RTP_RX pkts=189510 meta=44908 frames_rx=44955
[RTX-GST] VIDEO frames_rx=44960 fps=24.3 assoc_ok=40311 assoc_miss=2776 ctrl_sent=40311 infer_avg=0.06ms
[RTX-GST] RTP_RX pkts=189540 meta=44916 frames_rx=44963
[RTX-GST] RTP_RX pkts=189570 meta=44923 frames_rx=44970
[RTX-GST] RTP_RX pkts=189600 meta=44929 frames_rx=44976
[RTX-GST] VIDEO frames_rx=44984 fps=24.3 assoc_ok=40335 assoc_miss=2776 ctrl_sent=40335 infer_avg=0.09ms
[RTX-GST] RTP_RX pkts=189630 meta=44937 frames_rx=44984
[RTX-GST] RTP_RX pkts=189660 meta=44944 frames_rx=44991
[RTX-GST] RTP_RX pkts=189690 meta=44953 frames_rx=45000
[RTX-GST] RTP_RX pkts=189720 meta=44959 frames_rx=45007
[RTX-GST] RTP_RX pkts=189750 meta=44966 frames_rx=45014
[RTX-GST] VIDEO frames_rx=45016 fps=24.4 assoc_ok=40364 assoc_miss=2779 ctrl_sent=40364 infer_avg=0.06ms
[RTX-GST] RTP_RX pkts=189780 meta=44974 frames_rx=45022
[RTX-GST] RTP_RX pkts=189810 meta=44981 frames_rx=45029
[RTX-GST] RTP_RX pkts=189840 meta=44987 frames_rx=45035
[RTX-GST] RTP_RX pkts=189870 meta=44994 frames_rx=45042
[RTX-GST] RTP_RX pkts=189900 meta=45002 frames_rx=45050
[RTX-GST] VIDEO frames_rx=45051 fps=24.4 assoc_ok=40398 assoc_miss=2780 ctrl_sent=40398 infer_avg=0.06ms
[RTX-GST] SAVED n=40400 dropped=0 recv2save_p50=0.89ms recv2save_p95=1.13ms
[RTX-GST] RTP_RX pkts=189930 meta=45009 frames_rx=45057
[RTX-GST] RTP_RX pkts=189960 meta=45016 frames_rx=45064
[RTX-GST] RTP_RX pkts=189990 meta=45023 frames_rx=45071
[RTX-GST] RTP_RX pkts=190020 meta=45030 frames_rx=45078
[RTX-GST] VIDEO frames_rx=45082 fps=24.4 assoc_ok=40428 assoc_miss=2781 ctrl_sent=40428 infer_avg=0.06ms
[RTX-GST] RTP_RX pkts=190050 meta=45038 frames_rx=45086
[RTX-GST] RTP_RX pkts=190080 meta=45045 frames_rx=45093
[RTX-GST] RTP_RX pkts=190110 meta=45051 frames_rx=45098
[RTX-GST] RTP_RX pkts=190140 meta=45059 frames_rx=45106
[RTX-GST] VIDEO frames_rx=45112 fps=24.4 assoc_ok=40457 assoc_miss=2782 ctrl_sent=40457 infer_avg=0.07ms
[RTX-GST] RTP_RX pkts=190170 meta=45066 frames_rx=45113
[RTX-GST] RTP_RX pkts=190200 meta=45074 frames_rx=45121
[RTX-GST] RTP_RX pkts=190230 meta=45081 frames_rx=45128
[RTX-GST] RTP_RX pkts=190260 meta=45088 frames_rx=45135
[RTX-GST] VIDEO frames_rx=45143 fps=24.4 assoc_ok=40486 assoc_miss=2783 ctrl_sent=40486 infer_avg=0.06ms
[RTX-GST] RTP_RX pkts=190290 meta=45096 frames_rx=45143
[RTX-GST] RTP_RX pkts=190320 meta=45103 frames_rx=45150
[RTX-GST] RTP_RX pkts=190350 meta=45109 frames_rx=45156
[RTX-GST] SAVED n=40500 dropped=0 recv2save_p50=0.89ms recv2save_p95=1.10ms
[RTX-GST] VIDEO frames_rx=45159 fps=24.4 assoc_ok=40502 assoc_miss=2783 ctrl_sent=40502 infer_avg=0.09ms
[RTX-GST] RTP_RX pkts=190380 meta=45117 frames_rx=45164
[RTX-GST] RTP_RX pkts=190410 meta=45124 frames_rx=45171
[RTX-GST] VIDEO frames_rx=45174 fps=24.4 assoc_ok=40517 assoc_miss=2783 ctrl_sent=40517 infer_avg=0.11ms
[RTX-GST] RTP_RX pkts=190440 meta=45132 frames_rx=45179
[RTX-GST] VIDEO frames_rx=45183 fps=24.3 assoc_ok=40526 assoc_miss=2783 ctrl_sent=40526 infer_avg=0.09ms
[RTX-GST] RTP_RX pkts=190470 meta=45138 frames_rx=45185
[RTX-GST] RTP_RX pkts=190500 meta=45145 frames_rx=45192
[RTX-GST] RTP_RX pkts=190530 meta=45152 frames_rx=45198
[RTX-GST] RTP_RX pkts=190560 meta=45159 frames_rx=45205
[RTX-GST] RTP_RX pkts=190590 meta=45167 frames_rx=45213
[RTX-GST] RTP_RX pkts=190620 meta=45174 frames_rx=45220
[RTX-GST] VIDEO frames_rx=45225 fps=24.4 assoc_ok=40563 assoc_miss=2784 ctrl_sent=40563 infer_avg=0.05ms
[RTX-GST] RTP_RX pkts=190650 meta=45180 frames_rx=45226
[RTX-GST] RTP_RX pkts=190680 meta=45188 frames_rx=45234
[RTX-GST] RTP_RX pkts=190710 meta=45195 frames_rx=45241
[RTX-GST] RTP_RX pkts=190740 meta=45203 frames_rx=45249
[RTX-GST] RTP_RX pkts=190770 meta=45209 frames_rx=45255
[RTX-GST] RTP_RX pkts=190800 meta=45216 frames_rx=45262
[RTX-GST] RTP_RX pkts=190830 meta=45223 frames_rx=45269
[RTX-GST] SAVED n=40600 dropped=0 recv2save_p50=0.89ms recv2save_p95=1.12ms
[RTX-GST] RTP_RX pkts=190860 meta=45231 frames_rx=45276
[RTX-GST] RTP_RX pkts=190890 meta=45239 frames_rx=45284
[RTX-GST] VIDEO frames_rx=45284 fps=24.4 assoc_ok=40612 assoc_miss=2792 ctrl_sent=40612 infer_avg=0.05ms
[RTX-GST] RTP_RX pkts=190920 meta=45245 frames_rx=45290
[RTX-GST] RTP_RX pkts=190950 meta=45252 frames_rx=45297
[RTX-GST] RTP_RX pkts=190980 meta=45260 frames_rx=45305
[RTX-GST] RTP_RX pkts=191010 meta=45267 frames_rx=45312
[RTX-GST] VIDEO frames_rx=45315 fps=24.4 assoc_ok=40642 assoc_miss=2793 ctrl_sent=40642 infer_avg=0.07ms
[RTX-GST] RTP_RX pkts=191040 meta=45273 frames_rx=45318
[RTX-GST] RTP_RX pkts=191070 meta=45281 frames_rx=45326
[RTX-GST] RTP_RX pkts=191100 meta=45288 frames_rx=45333
[RTX-GST] RTP_RX pkts=191130 meta=45296 frames_rx=45341
[RTX-GST] VIDEO frames_rx=45345 fps=24.4 assoc_ok=40668 assoc_miss=2796 ctrl_sent=40668 infer_avg=0.09ms
[RTX-GST] RTP_RX pkts=191160 meta=45302 frames_rx=45347
[RTX-GST] RTP_RX pkts=191190 meta=45309 frames_rx=45354
[RTX-GST] RTP_RX pkts=191220 meta=45316 frames_rx=45362
[RTX-GST] RTP_RX pkts=191250 meta=45323 frames_rx=45370
[RTX-GST] VIDEO frames_rx=45375 fps=24.4 assoc_ok=40672 assoc_miss=2796 ctrl_sent=40672 infer_avg=0.11ms
[RTX-GST] RTP_RX pkts=191280 meta=45329 frames_rx=45376
[RTX-GST] RTP_RX pkts=191310 meta=45336 frames_rx=45383
[RTX-GST] RTP_RX pkts=191340 meta=45344 frames_rx=45391
[RTX-GST] RTP_RX pkts=191370 meta=45351 frames_rx=45398
[RTX-GST] VIDEO frames_rx=45404 fps=24.4 assoc_ok=40699 assoc_miss=2798 ctrl_sent=40699 infer_avg=0.09ms
[RTX-GST] RTP_RX pkts=191400 meta=45357 frames_rx=45404
[RTX-GST] SAVED n=40700 dropped=0 recv2save_p50=0.92ms recv2save_p95=1.25ms
[RTX-GST] RTP_RX pkts=191430 meta=45365 frames_rx=45412
[RTX-GST] RTP_RX pkts=191460 meta=45372 frames_rx=45419
[RTX-GST] RTP_RX pkts=191490 meta=45380 frames_rx=45427
[RTX-GST] RTP_RX pkts=191520 meta=45387 frames_rx=45434
[RTX-GST] VIDEO frames_rx=45437 fps=24.4 assoc_ok=40730 assoc_miss=2800 ctrl_sent=40730 infer_avg=0.08ms
[RTX-GST] RTP_RX pkts=191550 meta=45393 frames_rx=45440
[RTX-GST] RTP_RX pkts=191580 meta=45400 frames_rx=45447
[RTX-GST] RTP_RX pkts=191610 meta=45408 frames_rx=45455
[RTX-GST] RTP_RX pkts=191640 meta=45415 frames_rx=45462
[RTX-GST] VIDEO frames_rx=45465 fps=24.4 assoc_ok=40756 assoc_miss=2802 ctrl_sent=40756 infer_avg=0.09ms
[RTX-GST] RTP_RX pkts=191670 meta=45421 frames_rx=45468
[RTX-GST] RTP_RX pkts=191700 meta=45429 frames_rx=45476
[RTX-GST] RTP_RX pkts=191730 meta=45435 frames_rx=45483
[RTX-GST] RTP_RX pkts=191760 meta=45444 frames_rx=45490
[RTX-GST] VIDEO frames_rx=45494 fps=24.4 assoc_ok=40783 assoc_miss=2804 ctrl_sent=40783 infer_avg=0.06ms
[RTX-GST] RTP_RX pkts=191790 meta=45450 frames_rx=45496
[RTX-GST] RTP_RX pkts=191820 meta=45458 frames_rx=45504
[RTX-GST] RTP_RX pkts=191850 meta=45465 frames_rx=45511
[RTX-GST] SAVED n=40800 dropped=0 recv2save_p50=0.93ms recv2save_p95=1.27ms
[RTX-GST] RTP_RX pkts=191880 meta=45473 frames_rx=45519
[RTX-GST] VIDEO frames_rx=45522 fps=24.4 assoc_ok=40809 assoc_miss=2806 ctrl_sent=40809 infer_avg=0.06ms
[RTX-GST] RTP_RX pkts=191910 meta=45479 frames_rx=45525
[RTX-GST] RTP_RX pkts=191940 meta=45486 frames_rx=45532
[RTX-GST] RTP_RX pkts=191970 meta=45494 frames_rx=45540
[RTX-GST] RTP_RX pkts=192000 meta=45501 frames_rx=45547
[RTX-GST] RTP_RX pkts=192030 meta=45507 frames_rx=45553
[RTX-GST] VIDEO frames_rx=45560 fps=24.4 assoc_ok=40844 assoc_miss=2809 ctrl_sent=40844 infer_avg=0.08ms
[RTX-GST] RTP_RX pkts=192060 meta=45514 frames_rx=45560
[RTX-GST] VIDEO frames_rx=45567 fps=24.4 assoc_ok=40851 assoc_miss=2809 ctrl_sent=40851 infer_avg=0.08ms
[RTX-GST] RTP_RX pkts=192090 meta=45522 frames_rx=45568
[RTX-GST] RTP_RX pkts=192120 meta=45530 frames_rx=45576
[RTX-GST] RTP_RX pkts=192150 meta=45535 frames_rx=45582
[RTX-GST] RTP_RX pkts=192180 meta=45542 frames_rx=45589
[RTX-GST] RTP_RX pkts=192210 meta=45550 frames_rx=45597
[RTX-GST] VIDEO frames_rx=45605 fps=24.4 assoc_ok=40884 assoc_miss=2813 ctrl_sent=40884 infer_avg=0.12ms
[RTX-GST] RTP_RX pkts=192240 meta=45559 frames_rx=45606
[RTX-GST] RTP_RX pkts=192270 meta=45565 frames_rx=45612
[RTX-GST] RTP_RX pkts=192300 meta=45569 frames_rx=45619
[RTX-GST] SAVED n=40900 dropped=0 recv2save_p50=0.95ms recv2save_p95=1.37ms
[RTX-GST] RTP_RX pkts=192330 meta=45577 frames_rx=45627
[RTX-GST] RTP_RX pkts=192360 meta=45584 frames_rx=45634
[RTX-GST] RTP_RX pkts=192390 meta=45592 frames_rx=45642
[RTX-GST] RTP_RX pkts=192420 meta=45598 frames_rx=45649
[RTX-GST] RTP_RX pkts=192450 meta=45606 frames_rx=45656
[RTX-GST] VIDEO frames_rx=45662 fps=24.4 assoc_ok=40934 assoc_miss=2818 ctrl_sent=40934 infer_avg=0.07ms
[RTX-GST] RTP_RX pkts=192480 meta=45614 frames_rx=45664
[RTX-GST] RTP_RX pkts=192510 meta=45621 frames_rx=45671
[RTX-GST] RTP_RX pkts=192540 meta=45627 frames_rx=45677
[RTX-GST] RTP_RX pkts=192570 meta=45634 frames_rx=45684
[RTX-GST] VIDEO frames_rx=45692 fps=24.4 assoc_ok=40964 assoc_miss=2818 ctrl_sent=40964 infer_avg=0.07ms
[RTX-GST] RTP_RX pkts=192600 meta=45642 frames_rx=45692
[RTX-GST] RTP_RX pkts=192630 meta=45649 frames_rx=45699
[RTX-GST] RTP_RX pkts=192660 meta=45656 frames_rx=45706
[RTX-GST] RTP_RX pkts=192690 meta=45663 frames_rx=45713
[RTX-GST] VIDEO frames_rx=45718 fps=24.4 assoc_ok=40988 assoc_miss=2820 ctrl_sent=40988 infer_avg=0.05ms
[RTX-GST] RTP_RX pkts=192720 meta=45671 frames_rx=45721
[RTX-GST] RTP_RX pkts=192750 meta=45678 frames_rx=45728
[RTX-GST] SAVED n=41000 dropped=0 recv2save_p50=0.97ms recv2save_p95=1.37ms
[RTX-GST] RTP_RX pkts=192780 meta=45684 frames_rx=45734
[RTX-GST] RTP_RX pkts=192810 meta=45691 frames_rx=45741
[RTX-GST] VIDEO frames_rx=45747 fps=24.4 assoc_ok=41017 assoc_miss=2820 ctrl_sent=41017 infer_avg=0.05ms
[RTX-GST] RTP_RX pkts=192840 meta=45699 frames_rx=45748
[RTX-GST] RTP_RX pkts=192870 meta=45707 frames_rx=45756
[RTX-GST] RTP_RX pkts=192900 meta=45713 frames_rx=45762
[RTX-GST] RTP_RX pkts=192930 meta=45720 frames_rx=45770
[RTX-GST] RTP_RX pkts=192960 meta=45727 frames_rx=45777
[RTX-GST] VIDEO frames_rx=45782 fps=24.4 assoc_ok=41049 assoc_miss=2822 ctrl_sent=41049 infer_avg=0.09ms
[RTX-GST] RTP_RX pkts=192990 meta=45735 frames_rx=45785
[RTX-GST] RTP_RX pkts=193020 meta=45741 frames_rx=45791
[RTX-GST] RTP_RX pkts=193050 meta=45748 frames_rx=45798
[RTX-GST] RTP_RX pkts=193080 meta=45756 frames_rx=45806
[RTX-GST] VIDEO frames_rx=45811 fps=24.4 assoc_ok=41078 assoc_miss=2822 ctrl_sent=41078 infer_avg=0.08ms
[RTX-GST] RTP_RX pkts=193110 meta=45763 frames_rx=45813
[RTX-GST] RTP_RX pkts=193140 meta=45771 frames_rx=45821
[RTX-GST] RTP_RX pkts=193170 meta=45777 frames_rx=45827
[RTX-GST] RTP_RX pkts=193200 meta=45784 frames_rx=45834
[RTX-GST] SAVED n=41100 dropped=0 recv2save_p50=0.97ms recv2save_p95=1.37ms
[RTX-GST] RTP_RX pkts=193230 meta=45792 frames_rx=45842
[RTX-GST] VIDEO frames_rx=45843 fps=24.4 assoc_ok=41108 assoc_miss=2824 ctrl_sent=41108 infer_avg=0.07ms
[RTX-GST] RTP_RX pkts=193260 meta=45799 frames_rx=45849
[RTX-GST] RTP_RX pkts=193290 meta=45806 frames_rx=45856
[RTX-GST] RTP_RX pkts=193320 meta=45813 frames_rx=45863
[RTX-GST] RTP_RX pkts=193350 meta=45821 frames_rx=45871
[RTX-GST] VIDEO frames_rx=45873 fps=24.4 assoc_ok=41135 assoc_miss=2825 ctrl_sent=41135 infer_avg=0.07ms
[RTX-GST] RTP_RX pkts=193380 meta=45828 frames_rx=45878
[RTX-GST] RTP_RX pkts=193410 meta=45835 frames_rx=45885
[RTX-GST] RTP_RX pkts=193440 meta=45842 frames_rx=45892
[RTX-GST] RTP_RX pkts=193470 meta=45849 frames_rx=45900
[RTX-GST] VIDEO frames_rx=45903 fps=24.4 assoc_ok=41163 assoc_miss=2827 ctrl_sent=41163 infer_avg=0.09ms
[RTX-GST] RTP_RX pkts=193500 meta=45857 frames_rx=45908
[RTX-GST] RTP_RX pkts=193530 meta=45863 frames_rx=45914
[RTX-GST] RTP_RX pkts=193560 meta=45871 frames_rx=45922
[RTX-GST] RTP_RX pkts=193590 meta=45878 frames_rx=45929
[RTX-GST] RTP_RX pkts=193620 meta=45886 frames_rx=45937
[RTX-GST] VIDEO frames_rx=45938 fps=24.4 assoc_ok=41197 assoc_miss=2828 ctrl_sent=41197 infer_avg=0.08ms
[RTX-GST] SAVED n=41200 dropped=0 recv2save_p50=0.97ms recv2save_p95=1.37ms
[RTX-GST] RTP_RX pkts=193650 meta=45891 frames_rx=45942
[RTX-GST] RTP_RX pkts=193680 meta=45899 frames_rx=45950
[RTX-GST] RTP_RX pkts=193710 meta=45906 frames_rx=45957
[RTX-GST] VIDEO frames_rx=45964 fps=24.4 assoc_ok=41223 assoc_miss=2828 ctrl_sent=41223 infer_avg=0.08ms
[RTX-GST] RTP_RX pkts=193740 meta=45914 frames_rx=45965
[RTX-GST] RTP_RX pkts=193770 meta=45920 frames_rx=45971
[RTX-GST] RTP_RX pkts=193800 meta=45927 frames_rx=45978
[RTX-GST] RTP_RX pkts=193830 meta=45935 frames_rx=45986
[RTX-GST] RTP_RX pkts=193860 meta=45942 frames_rx=45993
[RTX-GST] VIDEO frames_rx=46001 fps=24.4 assoc_ok=41258 assoc_miss=2830 ctrl_sent=41258 infer_avg=0.06ms
[RTX-GST] RTP_RX pkts=193890 meta=45950 frames_rx=46001
[RTX-GST] RTP_RX pkts=193920 meta=45956 frames_rx=46007
[RTX-GST] RTP_RX pkts=193950 meta=45964 frames_rx=46014
[RTX-GST] RTP_RX pkts=193980 meta=45971 frames_rx=46021
[RTX-GST] RTP_RX pkts=194010 meta=45978 frames_rx=46029
[RTX-GST] VIDEO frames_rx=46031 fps=24.4 assoc_ok=41283 assoc_miss=2833 ctrl_sent=41283 infer_avg=0.08ms
[RTX-GST] RTP_RX pkts=194040 meta=45984 frames_rx=46035
[RTX-GST] RTP_RX pkts=194070 meta=45991 frames_rx=46042
[RTX-GST] SAVED n=41300 dropped=0 recv2save_p50=0.95ms recv2save_p95=1.37ms
[RTX-GST] RTP_RX pkts=194100 meta=45999 frames_rx=46050
[RTX-GST] RTP_RX pkts=194130 meta=46006 frames_rx=46057
[RTX-GST] VIDEO frames_rx=46061 fps=24.4 assoc_ok=41313 assoc_miss=2833 ctrl_sent=41313 infer_avg=0.07ms
[RTX-GST] RTP_RX pkts=194160 meta=46012 frames_rx=46063
[RTX-GST] RTP_RX pkts=194190 meta=46020 frames_rx=46071
[RTX-GST] RTP_RX pkts=194220 meta=46027 frames_rx=46078
[RTX-GST] RTP_RX pkts=194250 meta=46035 frames_rx=46086
[RTX-GST] RTP_RX pkts=194280 meta=46040 frames_rx=46091
[RTX-GST] RTP_RX pkts=194310 meta=46048 frames_rx=46099
[RTX-GST] VIDEO frames_rx=46101 fps=24.5 assoc_ok=41350 assoc_miss=2836 ctrl_sent=41350 infer_avg=0.05ms
[RTX-GST] RTP_RX pkts=194340 meta=46056 frames_rx=46106
[RTX-GST] RTP_RX pkts=194370 meta=46064 frames_rx=46113
[RTX-GST] RTP_RX pkts=194400 meta=46069 frames_rx=46120
[RTX-GST] VIDEO frames_rx=46125 fps=24.5 assoc_ok=41360 assoc_miss=2837 ctrl_sent=41360 infer_avg=0.07ms
[RTX-GST] RTP_RX pkts=194430 meta=46076 frames_rx=46127
[RTX-GST] RTP_RX pkts=194460 meta=46084 frames_rx=46135
[RTX-GST] RTP_RX pkts=194490 meta=46091 frames_rx=46142
[RTX-GST] RTP_RX pkts=194520 meta=46098 frames_rx=46149
[RTX-GST] VIDEO frames_rx=46154 fps=24.5 assoc_ok=41388 assoc_miss=2838 ctrl_sent=41388 infer_avg=0.08ms
[RTX-GST] RTP_RX pkts=194550 meta=46105 frames_rx=46156
[RTX-GST] RTP_RX pkts=194580 meta=46112 frames_rx=46163
[RTX-GST] SAVED n=41400 dropped=0 recv2save_p50=0.94ms recv2save_p95=1.26ms
[RTX-GST] RTP_RX pkts=194610 meta=46120 frames_rx=46171
[RTX-GST] RTP_RX pkts=194640 meta=46127 frames_rx=46178
[RTX-GST] RTP_RX pkts=194670 meta=46133 frames_rx=46184
[RTX-GST] RTP_RX pkts=194700 meta=46140 frames_rx=46191
[RTX-GST] VIDEO frames_rx=46195 fps=24.5 assoc_ok=41425 assoc_miss=2840 ctrl_sent=41425 infer_avg=0.04ms
[RTX-GST] RTP_RX pkts=194730 meta=46148 frames_rx=46199
[RTX-GST] RTP_RX pkts=194760 meta=46155 frames_rx=46206
[RTX-GST] RTP_RX pkts=194790 meta=46161 frames_rx=46212
[RTX-GST] VIDEO frames_rx=46214 fps=24.5 assoc_ok=41444 assoc_miss=2840 ctrl_sent=41444 infer_avg=0.07ms
[RTX-GST] RTP_RX pkts=194820 meta=46169 frames_rx=46220
[RTX-GST] RTP_RX pkts=194850 meta=46176 frames_rx=46227
[RTX-GST] RTP_RX pkts=194880 meta=46184 frames_rx=46235
[RTX-GST] RTP_RX pkts=194910 meta=46189 frames_rx=46241
[RTX-GST] RTP_RX pkts=194940 meta=46197 frames_rx=46248
[RTX-GST] RTP_RX pkts=194970 meta=46204 frames_rx=46255
[RTX-GST] VIDEO frames_rx=46257 fps=24.5 assoc_ok=41484 assoc_miss=2843 ctrl_sent=41484 infer_avg=0.06ms
[RTX-GST] RTP_RX pkts=195000 meta=46212 frames_rx=46263
[RTX-GST] RTP_RX pkts=195030 meta=46218 frames_rx=46269
[RTX-GST] SAVED n=41500 dropped=0 recv2save_p50=0.93ms recv2save_p95=1.23ms
[RTX-GST] RTP_RX pkts=195060 meta=46226 frames_rx=46276
[RTX-GST] RTP_RX pkts=195090 meta=46233 frames_rx=46284
[RTX-GST] VIDEO frames_rx=46287 fps=24.5 assoc_ok=41512 assoc_miss=2845 ctrl_sent=41512 infer_avg=0.08ms
[RTX-GST] RTP_RX pkts=195120 meta=46240 frames_rx=46291
[RTX-GST] RTP_RX pkts=195150 meta=46248 frames_rx=46299
[RTX-GST] RTP_RX pkts=195180 meta=46253 frames_rx=46304
[RTX-GST] RTP_RX pkts=195210 meta=46261 frames_rx=46312
[RTX-GST] VIDEO frames_rx=46315 fps=24.5 assoc_ok=41538 assoc_miss=2847 ctrl_sent=41538 infer_avg=0.07ms
[RTX-GST] RTP_RX pkts=195240 meta=46269 frames_rx=46320
[RTX-GST] RTP_RX pkts=195270 meta=46276 frames_rx=46327
[RTX-GST] RTP_RX pkts=195300 meta=46282 frames_rx=46333
[RTX-GST] VIDEO frames_rx=46338 fps=24.5 assoc_ok=41553 assoc_miss=2847 ctrl_sent=41553 infer_avg=0.07ms
[RTX-GST] RTP_RX pkts=195330 meta=46289 frames_rx=46340
[RTX-GST] RTP_RX pkts=195360 meta=46297 frames_rx=46348
[RTX-GST] RTP_RX pkts=195390 meta=46304 frames_rx=46355
[RTX-GST] RTP_RX pkts=195420 meta=46310 frames_rx=46361
[RTX-GST] RTP_RX pkts=195450 meta=46318 frames_rx=46369
[RTX-GST] RTP_RX pkts=195480 meta=46325 frames_rx=46376
[RTX-GST] VIDEO frames_rx=46377 fps=24.5 assoc_ok=41589 assoc_miss=2850 ctrl_sent=41589 infer_avg=0.08ms
[RTX-GST] RTP_RX pkts=195510 meta=46333 frames_rx=46384
[RTX-GST] SAVED n=41600 dropped=0 recv2save_p50=0.92ms recv2save_p95=1.30ms
[RTX-GST] RTP_RX pkts=195540 meta=46338 frames_rx=46389
[RTX-GST] RTP_RX pkts=195570 meta=46346 frames_rx=46397
[RTX-GST] VIDEO frames_rx=46399 fps=24.5 assoc_ok=41610 assoc_miss=2851 ctrl_sent=41610 infer_avg=0.09ms
[RTX-GST] RTP_RX pkts=195600 meta=46353 frames_rx=46404
[RTX-GST] RTP_RX pkts=195630 meta=46361 frames_rx=46412
[RTX-GST] RTP_RX pkts=195660 meta=46368 frames_rx=46419
[RTX-GST] RTP_RX pkts=195690 meta=46374 frames_rx=46425
[RTX-GST] RTP_RX pkts=195720 meta=46382 frames_rx=46433
[RTX-GST] VIDEO frames_rx=46438 fps=24.5 assoc_ok=41648 assoc_miss=2852 ctrl_sent=41648 infer_avg=0.05ms
[RTX-GST] RTP_RX pkts=195750 meta=46389 frames_rx=46440
[RTX-GST] RTP_RX pkts=195780 meta=46397 frames_rx=46448
[RTX-GST] RTP_RX pkts=195810 meta=46402 frames_rx=46453
[RTX-GST] RTP_RX pkts=195840 meta=46410 frames_rx=46461
[RTX-GST] VIDEO frames_rx=46463 fps=24.5 assoc_ok=41670 assoc_miss=2855 ctrl_sent=41670 infer_avg=0.07ms
[RTX-GST] RTP_RX pkts=195870 meta=46417 frames_rx=46468
[RTX-GST] RTP_RX pkts=195900 meta=46425 frames_rx=46476
[RTX-GST] RTP_RX pkts=195930 meta=46431 frames_rx=46482
[RTX-GST] RTP_RX pkts=195960 meta=46438 frames_rx=46489
[RTX-GST] VIDEO frames_rx=46493 fps=24.5 assoc_ok=41698 assoc_miss=2855 ctrl_sent=41698 infer_avg=0.10ms
[RTX-GST] SAVED n=41700 dropped=0 recv2save_p50=0.92ms recv2save_p95=1.32ms
[RTX-GST] RTP_RX pkts=195990 meta=46446 frames_rx=46497
[RTX-GST] RTP_RX pkts=196020 meta=46453 frames_rx=46504
[RTX-GST] RTP_RX pkts=196050 meta=46459 frames_rx=46510
[RTX-GST] RTP_RX pkts=196080 meta=46466 frames_rx=46517
[RTX-GST] RTP_RX pkts=196110 meta=46474 frames_rx=46525
[RTX-GST] VIDEO frames_rx=46529 fps=24.5 assoc_ok=41731 assoc_miss=2858 ctrl_sent=41731 infer_avg=0.07ms
[RTX-GST] RTP_RX pkts=196140 meta=46481 frames_rx=46532
[RTX-GST] RTP_RX pkts=196170 meta=46488 frames_rx=46539
[RTX-GST] RTP_RX pkts=196200 meta=46495 frames_rx=46546
[RTX-GST] RTP_RX pkts=196230 meta=46502 frames_rx=46553
[RTX-GST] VIDEO frames_rx=46559 fps=24.5 assoc_ok=41760 assoc_miss=2859 ctrl_sent=41760 infer_avg=0.09ms
[RTX-GST] RTP_RX pkts=196260 meta=46510 frames_rx=46561
[RTX-GST] RTP_RX pkts=196290 meta=46517 frames_rx=46568
[RTX-GST] RTP_RX pkts=196320 meta=46523 frames_rx=46574
[RTX-GST] RTP_RX pkts=196350 meta=46530 frames_rx=46581
[RTX-GST] VIDEO frames_rx=46582 fps=24.5 assoc_ok=41783 assoc_miss=2859 ctrl_sent=41783 infer_avg=0.10ms
[RTX-GST] RTP_RX pkts=196380 meta=46538 frames_rx=46589
[RTX-GST] RTP_RX pkts=196410 meta=46545 frames_rx=46596
[RTX-GST] SAVED n=41800 dropped=0 recv2save_p50=0.92ms recv2save_p95=1.33ms
[RTX-GST] RTP_RX pkts=196440 meta=46551 frames_rx=46602
[RTX-GST] RTP_RX pkts=196470 meta=46559 frames_rx=46610
[RTX-GST] VIDEO frames_rx=46614 fps=24.5 assoc_ok=41812 assoc_miss=2862 ctrl_sent=41812 infer_avg=0.08ms
[RTX-GST] RTP_RX pkts=196500 meta=46566 frames_rx=46617
[RTX-GST] RTP_RX pkts=196530 meta=46573 frames_rx=46625
[RTX-GST] RTP_RX pkts=196560 meta=46578 frames_rx=46630
[RTX-GST] RTP_RX pkts=196590 meta=46586 frames_rx=46638
[RTX-GST] RTP_RX pkts=196620 meta=46593 frames_rx=46645
[RTX-GST] VIDEO frames_rx=46650 fps=24.5 assoc_ok=41843 assoc_miss=2863 ctrl_sent=41843 infer_avg=0.08ms
[RTX-GST] RTP_RX pkts=196650 meta=46601 frames_rx=46653
[RTX-GST] RTP_RX pkts=196680 meta=46607 frames_rx=46659
[RTX-GST] RTP_RX pkts=196710 meta=46614 frames_rx=46666
[RTX-GST] RTP_RX pkts=196740 meta=46622 frames_rx=46674
[RTX-GST] VIDEO frames_rx=46680 fps=24.5 assoc_ok=41872 assoc_miss=2864 ctrl_sent=41872 infer_avg=0.08ms
[RTX-GST] RTP_RX pkts=196770 meta=46629 frames_rx=46681
[RTX-GST] RTP_RX pkts=196800 meta=46637 frames_rx=46689
[RTX-GST] RTP_RX pkts=196830 meta=46642 frames_rx=46694
[RTX-GST] RTP_RX pkts=196860 meta=46650 frames_rx=46702
[RTX-GST] SAVED n=41900 dropped=0 recv2save_p50=0.93ms recv2save_p95=1.35ms
[RTX-GST] VIDEO frames_rx=46708 fps=24.5 assoc_ok=41900 assoc_miss=2864 ctrl_sent=41900 infer_avg=0.09ms
[RTX-GST] RTP_RX pkts=196890 meta=46657 frames_rx=46709
[RTX-GST] RTP_RX pkts=196920 meta=46665 frames_rx=46717
[RTX-GST] RTP_RX pkts=196950 meta=46671 frames_rx=46723
[RTX-GST] RTP_RX pkts=196980 meta=46678 frames_rx=46730
[RTX-GST] RTP_RX pkts=197010 meta=46686 frames_rx=46738
[RTX-GST] VIDEO frames_rx=46741 fps=24.5 assoc_ok=41932 assoc_miss=2865 ctrl_sent=41932 infer_avg=0.07ms
[RTX-GST] RTP_RX pkts=197040 meta=46693 frames_rx=46745
[RTX-GST] RTP_RX pkts=197070 meta=46699 frames_rx=46751
[RTX-GST] RTP_RX pkts=197100 meta=46706 frames_rx=46759
[RTX-GST] RTP_RX pkts=197130 meta=46714 frames_rx=46766
[RTX-GST] VIDEO frames_rx=46770 fps=24.5 assoc_ok=41959 assoc_miss=2867 ctrl_sent=41959 infer_avg=0.06ms
[RTX-GST] RTP_RX pkts=197160 meta=46721 frames_rx=46773
[RTX-GST] RTP_RX pkts=197190 meta=46727 frames_rx=46779
[RTX-GST] RTP_RX pkts=197220 meta=46735 frames_rx=46787
[RTX-GST] RTP_RX pkts=197250 meta=46742 frames_rx=46794
[RTX-GST] VIDEO frames_rx=46795 fps=24.5 assoc_ok=41983 assoc_miss=2867 ctrl_sent=41983 infer_avg=0.07ms
[RTX-GST] RTP_RX pkts=197280 meta=46750 frames_rx=46802
[RTX-GST] RTP_RX pkts=197310 meta=46757 frames_rx=46809
[RTX-GST] SAVED n=42000 dropped=0 recv2save_p50=0.92ms recv2save_p95=1.35ms
[RTX-GST] RTP_RX pkts=197340 meta=46763 frames_rx=46815
[RTX-GST] RTP_RX pkts=197370 meta=46770 frames_rx=46822
[RTX-GST] RTP_RX pkts=197400 meta=46778 frames_rx=46830
[RTX-GST] VIDEO frames_rx=46832 fps=24.5 assoc_ok=42020 assoc_miss=2867 ctrl_sent=42020 infer_avg=0.07ms
[RTX-GST] RTP_RX pkts=197430 meta=46785 frames_rx=46837
[RTX-GST] RTP_RX pkts=197460 meta=46791 frames_rx=46843
[RTX-GST] RTP_RX pkts=197490 meta=46799 frames_rx=46851
[RTX-GST] RTP_RX pkts=197520 meta=46806 frames_rx=46858
[RTX-GST] VIDEO frames_rx=46859 fps=24.5 assoc_ok=42046 assoc_miss=2868 ctrl_sent=42046 infer_avg=0.08ms
[RTX-GST] RTP_RX pkts=197550 meta=46814 frames_rx=46866
[RTX-GST] RTP_RX pkts=197580 meta=46820 frames_rx=46871
[RTX-GST] RTP_RX pkts=197610 meta=46827 frames_rx=46879
[RTX-GST] RTP_RX pkts=197640 meta=46834 frames_rx=46886
[RTX-GST] VIDEO frames_rx=46893 fps=24.5 assoc_ok=42078 assoc_miss=2870 ctrl_sent=42078 infer_avg=0.08ms
[RTX-GST] RTP_RX pkts=197670 meta=46842 frames_rx=46894
[RTX-GST] RTP_RX pkts=197700 meta=46848 frames_rx=46900
[RTX-GST] RTP_RX pkts=197730 meta=46855 frames_rx=46907
[RTX-GST] RTP_RX pkts=197760 meta=46863 frames_rx=46915
[RTX-GST] SAVED n=42100 dropped=0 recv2save_p50=0.93ms recv2save_p95=1.29ms
[RTX-GST] RTP_RX pkts=197790 meta=46870 frames_rx=46922
[RTX-GST] VIDEO frames_rx=46925 fps=24.5 assoc_ok=42107 assoc_miss=2873 ctrl_sent=42107 infer_avg=0.11ms
[RTX-GST] RTP_RX pkts=197820 meta=46877 frames_rx=46929
[RTX-GST] RTP_RX pkts=197850 meta=46883 frames_rx=46935
[RTX-GST] RTP_RX pkts=197880 meta=46891 frames_rx=46943
[RTX-GST] RTP_RX pkts=197910 meta=46898 frames_rx=46950
[RTX-GST] VIDEO frames_rx=46953 fps=24.5 assoc_ok=42133 assoc_miss=2875 ctrl_sent=42133 infer_avg=0.07ms
[RTX-GST] RTP_RX pkts=197940 meta=46906 frames_rx=46958
[RTX-GST] RTP_RX pkts=197970 meta=46912 frames_rx=46964
[RTX-GST] RTP_RX pkts=198000 meta=46919 frames_rx=46971
[RTX-GST] RTP_RX pkts=198030 meta=46927 frames_rx=46979
[RTX-GST] VIDEO frames_rx=46984 fps=24.5 assoc_ok=42163 assoc_miss=2876 ctrl_sent=42163 infer_avg=0.07ms
[RTX-GST] RTP_RX pkts=198060 meta=46934 frames_rx=46986
[RTX-GST] RTP_RX pkts=198090 meta=46940 frames_rx=46992
[RTX-GST] RTP_RX pkts=198120 meta=46947 frames_rx=46999
[RTX-GST] RTP_RX pkts=198150 meta=46955 frames_rx=47007
[RTX-GST] VIDEO frames_rx=47008 fps=24.5 assoc_ok=42185 assoc_miss=2878 ctrl_sent=42185 infer_avg=0.08ms
[RTX-GST] RTP_RX pkts=198180 meta=46962 frames_rx=47014
[RTX-GST] RTP_RX pkts=198210 meta=46968 frames_rx=47020
[RTX-GST] SAVED n=42200 dropped=0 recv2save_p50=0.93ms recv2save_p95=1.25ms
[RTX-GST] RTP_RX pkts=198240 meta=46976 frames_rx=47028
[RTX-GST] RTP_RX pkts=198270 meta=46983 frames_rx=47035
[RTX-GST] RTP_RX pkts=198300 meta=46991 frames_rx=47043
[RTX-GST] VIDEO frames_rx=47047 fps=24.5 assoc_ok=42222 assoc_miss=2880 ctrl_sent=42222 infer_avg=0.07ms
[RTX-GST] RTP_RX pkts=198330 meta=46997 frames_rx=47049
[RTX-GST] RTP_RX pkts=198360 meta=47004 frames_rx=47056
[RTX-GST] RTP_RX pkts=198390 meta=47011 frames_rx=47063
[RTX-GST] RTP_RX pkts=198420 meta=47019 frames_rx=47071
[RTX-GST] VIDEO frames_rx=47077 fps=24.5 assoc_ok=42251 assoc_miss=2881 ctrl_sent=42251 infer_avg=0.07ms
[RTX-GST] RTP_RX pkts=198450 meta=47026 frames_rx=47078
[RTX-GST] RTP_RX pkts=198480 meta=47032 frames_rx=47084
[RTX-GST] RTP_RX pkts=198510 meta=47040 frames_rx=47092
[RTX-GST] RTP_RX pkts=198540 meta=47047 frames_rx=47099
[RTX-GST] RTP_RX pkts=198570 meta=47055 frames_rx=47107
[RTX-GST] VIDEO frames_rx=47108 fps=24.5 assoc_ok=42281 assoc_miss=2881 ctrl_sent=42281 infer_avg=0.06ms
[RTX-GST] RTP_RX pkts=198600 meta=47060 frames_rx=47112
[RTX-GST] RTP_RX pkts=198630 meta=47068 frames_rx=47120
[RTX-GST] SAVED n=42300 dropped=0 recv2save_p50=0.95ms recv2save_p95=1.24ms
[RTX-GST] RTP_RX pkts=198660 meta=47075 frames_rx=47127
[RTX-GST] RTP_RX pkts=198690 meta=47083 frames_rx=47135
[RTX-GST] VIDEO frames_rx=47140 fps=24.5 assoc_ok=42311 assoc_miss=2883 ctrl_sent=42311 infer_avg=0.07ms
[RTX-GST] RTP_RX pkts=198720 meta=47089 frames_rx=47141
[RTX-GST] RTP_RX pkts=198750 meta=47096 frames_rx=47148
[RTX-GST] RTP_RX pkts=198780 meta=47104 frames_rx=47156
[RTX-GST] RTP_RX pkts=198810 meta=47111 frames_rx=47163
[RTX-GST] RTP_RX pkts=198840 meta=47117 frames_rx=47169
[RTX-GST] VIDEO frames_rx=47170 fps=24.6 assoc_ok=42340 assoc_miss=2884 ctrl_sent=42340 infer_avg=0.07ms
[RTX-GST] RTP_RX pkts=198870 meta=47124 frames_rx=47176
[RTX-GST] RTP_RX pkts=198900 meta=47132 frames_rx=47184
[RTX-GST] RTP_RX pkts=198930 meta=47139 frames_rx=47191
[RTX-GST] RTP_RX pkts=198960 meta=47147 frames_rx=47199
[RTX-GST] VIDEO frames_rx=47202 fps=24.6 assoc_ok=42370 assoc_miss=2886 ctrl_sent=42370 infer_avg=0.06ms
[RTX-GST] RTP_RX pkts=198990 meta=47153 frames_rx=47205
[RTX-GST] RTP_RX pkts=199020 meta=47160 frames_rx=47212
[RTX-GST] RTP_RX pkts=199050 meta=47168 frames_rx=47220
[RTX-GST] RTP_RX pkts=199080 meta=47175 frames_rx=47227
[RTX-GST] VIDEO frames_rx=47230 fps=24.6 assoc_ok=42397 assoc_miss=2887 ctrl_sent=42397 infer_avg=0.07ms
[RTX-GST] SAVED n=42400 dropped=0 recv2save_p50=0.95ms recv2save_p95=1.15ms
[RTX-GST] RTP_RX pkts=199110 meta=47181 frames_rx=47233
[RTX-GST] RTP_RX pkts=199140 meta=47188 frames_rx=47240
[RTX-GST] RTP_RX pkts=199170 meta=47196 frames_rx=47248
[RTX-GST] RTP_RX pkts=199200 meta=47203 frames_rx=47255
[RTX-GST] RTP_RX pkts=199230 meta=47209 frames_rx=47261
[RTX-GST] RTP_RX pkts=199260 meta=47217 frames_rx=47269
[RTX-GST] VIDEO frames_rx=47272 fps=24.6 assoc_ok=42437 assoc_miss=2889 ctrl_sent=42437 infer_avg=0.08ms
[RTX-GST] RTP_RX pkts=199290 meta=47224 frames_rx=47276
[RTX-GST] RTP_RX pkts=199320 meta=47232 frames_rx=47284
[RTX-GST] RTP_RX pkts=199350 meta=47237 frames_rx=47289
[RTX-GST] VIDEO frames_rx=47294 fps=24.6 assoc_ok=42459 assoc_miss=2889 ctrl_sent=42459 infer_avg=0.07ms
[RTX-GST] RTP_RX pkts=199380 meta=47245 frames_rx=47297
[RTX-GST] RTP_RX pkts=199410 meta=47253 frames_rx=47304
[RTX-GST] RTP_RX pkts=199440 meta=47260 frames_rx=47312
[RTX-GST] RTP_RX pkts=199470 meta=47267 frames_rx=47319
[RTX-GST] RTP_RX pkts=199500 meta=47273 frames_rx=47325
[RTX-GST] RTP_RX pkts=199530 meta=47281 frames_rx=47333
[RTX-GST] VIDEO frames_rx=47335 fps=24.6 assoc_ok=42495 assoc_miss=2894 ctrl_sent=42495 infer_avg=0.06ms
[RTX-GST] SAVED n=42500 dropped=0 recv2save_p50=0.95ms recv2save_p95=1.14ms
[RTX-GST] RTP_RX pkts=199560 meta=47288 frames_rx=47340
[RTX-GST] RTP_RX pkts=199590 meta=47296 frames_rx=47348
[RTX-GST] RTP_RX pkts=199620 meta=47301 frames_rx=47353
[RTX-GST] VIDEO frames_rx=47358 fps=24.6 assoc_ok=42517 assoc_miss=2895 ctrl_sent=42517 infer_avg=0.07ms
[RTX-GST] RTP_RX pkts=199650 meta=47309 frames_rx=47361
[RTX-GST] RTP_RX pkts=199680 meta=47316 frames_rx=47368
[RTX-GST] RTP_RX pkts=199710 meta=47324 frames_rx=47376
[RTX-GST] RTP_RX pkts=199740 meta=47330 frames_rx=47382
[RTX-GST] RTP_RX pkts=199770 meta=47337 frames_rx=47389
[RTX-GST] VIDEO frames_rx=47393 fps=24.6 assoc_ok=42549 assoc_miss=2895 ctrl_sent=42549 infer_avg=0.10ms
[RTX-GST] RTP_RX pkts=199800 meta=47345 frames_rx=47397
[RTX-GST] RTP_RX pkts=199830 meta=47352 frames_rx=47404
[RTX-GST] RTP_RX pkts=199860 meta=47358 frames_rx=47410
[RTX-GST] RTP_RX pkts=199890 meta=47365 frames_rx=47417
[RTX-GST] RTP_RX pkts=199920 meta=47373 frames_rx=47425
[RTX-GST] VIDEO frames_rx=47426 fps=24.6 assoc_ok=42582 assoc_miss=2895 ctrl_sent=42582 infer_avg=0.13ms
[RTX-GST] RTP_RX pkts=199950 meta=47380 frames_rx=47432
[RTX-GST] RTP_RX pkts=199980 meta=47387 frames_rx=47439
[RTX-GST] SAVED n=42600 dropped=0 recv2save_p50=0.98ms recv2save_p95=1.33ms
[RTX-GST] RTP_RX pkts=200010 meta=47394 frames_rx=47446
[RTX-GST] VIDEO frames_rx=47452 fps=24.6 assoc_ok=42608 assoc_miss=2895 ctrl_sent=42608 infer_avg=0.05ms
[RTX-GST] RTP_RX pkts=200040 meta=47401 frames_rx=47453
[RTX-GST] RTP_RX pkts=200070 meta=47409 frames_rx=47461
[RTX-GST] RTP_RX pkts=200100 meta=47416 frames_rx=47468
[RTX-GST] RTP_RX pkts=200130 meta=47422 frames_rx=47474
[RTX-GST] VIDEO frames_rx=47480 fps=24.6 assoc_ok=42634 assoc_miss=2897 ctrl_sent=42634 infer_avg=0.06ms
[RTX-GST] RTP_RX pkts=200160 meta=47429 frames_rx=47481
[RTX-GST] RTP_RX pkts=200190 meta=47437 frames_rx=47489
[RTX-GST] RTP_RX pkts=200220 meta=47444 frames_rx=47496
[RTX-GST] RTP_RX pkts=200250 meta=47450 frames_rx=47502
[RTX-GST] RTP_RX pkts=200280 meta=47458 frames_rx=47510
[RTX-GST] RTP_RX pkts=200310 meta=47465 frames_rx=47517
[RTX-GST] VIDEO frames_rx=47518 fps=24.6 assoc_ok=42672 assoc_miss=2897 ctrl_sent=42672 infer_avg=0.07ms
[RTX-GST] RTP_RX pkts=200340 meta=47473 frames_rx=47525
[RTX-GST] RTP_RX pkts=200370 meta=47478 frames_rx=47531
[RTX-GST] VIDEO frames_rx=47533 fps=24.6 assoc_ok=42687 assoc_miss=2897 ctrl_sent=42687 infer_avg=0.08ms
[RTX-GST] RTP_RX pkts=200400 meta=47486 frames_rx=47538
[RTX-GST] SAVED n=42700 dropped=0 recv2save_p50=0.94ms recv2save_p95=1.33ms
[RTX-GST] RTP_RX pkts=200430 meta=47494 frames_rx=47546
[RTX-GST] RTP_RX pkts=200460 meta=47499 frames_rx=47551
[RTX-GST] RTP_RX pkts=200490 meta=47507 frames_rx=47559
[RTX-GST] RTP_RX pkts=200520 meta=47514 frames_rx=47566
[RTX-GST] VIDEO frames_rx=47572 fps=24.6 assoc_ok=42725 assoc_miss=2898 ctrl_sent=42725 infer_avg=0.06ms
[RTX-GST] RTP_RX pkts=200550 meta=47522 frames_rx=47574
[RTX-GST] RTP_RX pkts=200580 meta=47528 frames_rx=47580
[RTX-GST] RTP_RX pkts=200610 meta=47535 frames_rx=47587
[RTX-GST] RTP_RX pkts=200640 meta=47543 frames_rx=47595
[RTX-GST] VIDEO frames_rx=47600 fps=24.6 assoc_ok=42752 assoc_miss=2899 ctrl_sent=42752 infer_avg=0.04ms
[RTX-GST] RTP_RX pkts=200670 meta=47550 frames_rx=47602
[RTX-GST] RTP_RX pkts=200700 meta=47556 frames_rx=47608
[RTX-GST] RTP_RX pkts=200730 meta=47563 frames_rx=47615
[RTX-GST] RTP_RX pkts=200760 meta=47571 frames_rx=47623
[RTX-GST] RTP_RX pkts=200790 meta=47578 frames_rx=47630
[RTX-GST] VIDEO frames_rx=47631 fps=24.6 assoc_ok=42782 assoc_miss=2900 ctrl_sent=42782 infer_avg=0.06ms
[RTX-GST] RTP_RX pkts=200820 meta=47586 frames_rx=47638
[RTX-GST] RTP_RX pkts=200850 meta=47592 frames_rx=47644
[RTX-GST] VIDEO frames_rx=47648 fps=24.6 assoc_ok=42799 assoc_miss=2900 ctrl_sent=42799 infer_avg=0.10ms
[RTX-GST] SAVED n=42800 dropped=0 recv2save_p50=0.94ms recv2save_p95=1.34ms
[RTX-GST] RTP_RX pkts=200880 meta=47599 frames_rx=47651
[RTX-GST] RTP_RX pkts=200910 meta=47607 frames_rx=47659
[RTX-GST] RTP_RX pkts=200940 meta=47614 frames_rx=47666
[RTX-GST] RTP_RX pkts=200970 meta=47620 frames_rx=47672
[RTX-GST] RTP_RX pkts=201000 meta=47627 frames_rx=47679
[RTX-GST] RTP_RX pkts=201030 meta=47635 frames_rx=47687
[RTX-GST] RTP_RX pkts=201060 meta=47642 frames_rx=47694
[RTX-GST] VIDEO frames_rx=47696 fps=24.6 assoc_ok=42845 assoc_miss=2900 ctrl_sent=42845 infer_avg=0.13ms
[RTX-GST] RTP_RX pkts=201090 meta=47648 frames_rx=47700
[RTX-GST] RTP_RX pkts=201120 meta=47656 frames_rx=47708
[RTX-GST] RTP_RX pkts=201150 meta=47663 frames_rx=47715
[RTX-GST] RTP_RX pkts=201180 meta=47671 frames_rx=47723
[RTX-GST] VIDEO frames_rx=47724 fps=24.6 assoc_ok=42871 assoc_miss=2902 ctrl_sent=42871 infer_avg=0.08ms
[RTX-GST] RTP_RX pkts=201210 meta=47676 frames_rx=47728
[RTX-GST] RTP_RX pkts=201240 meta=47684 frames_rx=47736
[RTX-GST] RTP_RX pkts=201270 meta=47691 frames_rx=47743
[RTX-GST] RTP_RX pkts=201300 meta=47699 frames_rx=47751
[RTX-GST] SAVED n=42900 dropped=0 recv2save_p50=0.93ms recv2save_p95=1.37ms
[RTX-GST] VIDEO frames_rx=47757 fps=24.6 assoc_ok=42903 assoc_miss=2903 ctrl_sent=42903 infer_avg=0.06ms
[RTX-GST] RTP_RX pkts=201330 meta=47706 frames_rx=47758
[RTX-GST] RTP_RX pkts=201360 meta=47712 frames_rx=47764
[RTX-GST] RTP_RX pkts=201390 meta=47720 frames_rx=47772
[RTX-GST] RTP_RX pkts=201420 meta=47727 frames_rx=47779
[RTX-GST] RTP_RX pkts=201450 meta=47735 frames_rx=47787
[RTX-GST] VIDEO frames_rx=47788 fps=24.6 assoc_ok=42934 assoc_miss=2903 ctrl_sent=42934 infer_avg=0.06ms
[RTX-GST] RTP_RX pkts=201480 meta=47740 frames_rx=47793
[RTX-GST] RTP_RX pkts=201510 meta=47748 frames_rx=47800
[RTX-GST] RTP_RX pkts=201540 meta=47755 frames_rx=47807
[RTX-GST] VIDEO frames_rx=47811 fps=24.6 assoc_ok=42955 assoc_miss=2905 ctrl_sent=42955 infer_avg=0.08ms
[RTX-GST] RTP_RX pkts=201570 meta=47763 frames_rx=47815
[RTX-GST] RTP_RX pkts=201600 meta=47769 frames_rx=47821
[RTX-GST] RTP_RX pkts=201630 meta=47776 frames_rx=47828
[RTX-GST] RTP_RX pkts=201660 meta=47784 frames_rx=47836
[RTX-GST] RTP_RX pkts=201690 meta=47791 frames_rx=47843
[RTX-GST] VIDEO frames_rx=47848 fps=24.6 assoc_ok=42987 assoc_miss=2909 ctrl_sent=42987 infer_avg=0.06ms
[RTX-GST] RTP_RX pkts=201720 meta=47797 frames_rx=47849
[RTX-GST] RTP_RX pkts=201750 meta=47804 frames_rx=47856
[RTX-GST] SAVED n=43000 dropped=0 recv2save_p50=0.94ms recv2save_p95=1.36ms
[RTX-GST] RTP_RX pkts=201780 meta=47812 frames_rx=47864
[RTX-GST] RTP_RX pkts=201810 meta=47819 frames_rx=47871
[RTX-GST] VIDEO frames_rx=47876 fps=24.6 assoc_ok=43014 assoc_miss=2910 ctrl_sent=43014 infer_avg=0.06ms
[RTX-GST] RTP_RX pkts=201840 meta=47826 frames_rx=47878
[RTX-GST] RTP_RX pkts=201870 meta=47833 frames_rx=47885
[RTX-GST] RTP_RX pkts=201900 meta=47840 frames_rx=47892
[RTX-GST] RTP_RX pkts=201930 meta=47848 frames_rx=47900
[RTX-GST] RTP_RX pkts=201960 meta=47855 frames_rx=47907
[RTX-GST] VIDEO frames_rx=47909 fps=24.6 assoc_ok=43044 assoc_miss=2913 ctrl_sent=43044 infer_avg=0.07ms
[RTX-GST] RTP_RX pkts=201990 meta=47861 frames_rx=47913
[RTX-GST] RTP_RX pkts=202020 meta=47868 frames_rx=47921
[RTX-GST] RTP_RX pkts=202050 meta=47876 frames_rx=47928
[RTX-GST] RTP_RX pkts=202080 meta=47883 frames_rx=47935
[RTX-GST] RTP_RX pkts=202110 meta=47889 frames_rx=47941
[RTX-GST] VIDEO frames_rx=47943 fps=24.6 assoc_ok=43077 assoc_miss=2914 ctrl_sent=43077 infer_avg=0.07ms
[RTX-GST] RTP_RX pkts=202140 meta=47897 frames_rx=47949
[RTX-GST] RTP_RX pkts=202170 meta=47904 frames_rx=47956
[RTX-GST] RTP_RX pkts=202200 meta=47912 frames_rx=47964
[RTX-GST] SAVED n=43100 dropped=0 recv2save_p50=0.92ms recv2save_p95=1.27ms
[RTX-GST] RTP_RX pkts=202230 meta=47917 frames_rx=47969
[RTX-GST] VIDEO frames_rx=47971 fps=24.6 assoc_ok=43103 assoc_miss=2916 ctrl_sent=43103 infer_avg=0.08ms
[RTX-GST] RTP_RX pkts=202260 meta=47925 frames_rx=47977
[RTX-GST] RTP_RX pkts=202290 meta=47932 frames_rx=47984
[RTX-GST] RTP_RX pkts=202320 meta=47940 frames_rx=47992
[RTX-GST] RTP_RX pkts=202350 meta=47946 frames_rx=47998
[RTX-GST] VIDEO frames_rx=48000 fps=24.6 assoc_ok=43130 assoc_miss=2917 ctrl_sent=43130 infer_avg=0.09ms
[RTX-GST] RTP_RX pkts=202380 meta=47953 frames_rx=48005
[RTX-GST] RTP_RX pkts=202410 meta=47961 frames_rx=48013
[RTX-GST] RTP_RX pkts=202440 meta=47968 frames_rx=48020
[RTX-GST] RTP_RX pkts=202470 meta=47976 frames_rx=48028
[RTX-GST] VIDEO frames_rx=48030 fps=24.6 assoc_ok=43158 assoc_miss=2919 ctrl_sent=43158 infer_avg=0.08ms
[RTX-GST] RTP_RX pkts=202500 meta=47981 frames_rx=48033
[RTX-GST] RTP_RX pkts=202530 meta=47989 frames_rx=48041
[RTX-GST] RTP_RX pkts=202560 meta=47996 frames_rx=48048
[RTX-GST] RTP_RX pkts=202590 meta=48004 frames_rx=48056
[RTX-GST] RTP_RX pkts=202620 meta=48010 frames_rx=48062
[RTX-GST] VIDEO frames_rx=48068 fps=24.6 assoc_ok=43195 assoc_miss=2920 ctrl_sent=43195 infer_avg=0.08ms
[RTX-GST] RTP_RX pkts=202650 meta=48017 frames_rx=48069
[RTX-GST] SAVED n=43200 dropped=0 recv2save_p50=0.93ms recv2save_p95=1.27ms
[RTX-GST] RTP_RX pkts=202680 meta=48025 frames_rx=48077
[RTX-GST] RTP_RX pkts=202710 meta=48032 frames_rx=48084
[RTX-GST] RTP_RX pkts=202740 meta=48038 frames_rx=48090
[RTX-GST] VIDEO frames_rx=48093 fps=24.6 assoc_ok=43220 assoc_miss=2920 ctrl_sent=43220 infer_avg=0.08ms
[RTX-GST] RTP_RX pkts=202770 meta=48045 frames_rx=48097
[RTX-GST] RTP_RX pkts=202800 meta=48053 frames_rx=48105
[RTX-GST] RTP_RX pkts=202830 meta=48060 frames_rx=48112
[RTX-GST] RTP_RX pkts=202860 meta=48066 frames_rx=48118
[RTX-GST] RTP_RX pkts=202890 meta=48074 frames_rx=48126
[RTX-GST] RTP_RX pkts=202920 meta=48081 frames_rx=48133
[RTX-GST] VIDEO frames_rx=48134 fps=24.6 assoc_ok=43261 assoc_miss=2920 ctrl_sent=43261 infer_avg=0.08ms
[RTX-GST] RTP_RX pkts=202950 meta=48089 frames_rx=48141
[RTX-GST] RTP_RX pkts=202980 meta=48096 frames_rx=48148
[RTX-GST] RTP_RX pkts=203010 meta=48102 frames_rx=48154
[RTX-GST] VIDEO frames_rx=48157 fps=24.6 assoc_ok=43283 assoc_miss=2921 ctrl_sent=43283 infer_avg=0.08ms
[RTX-GST] RTP_RX pkts=203040 meta=48109 frames_rx=48161
[RTX-GST] RTP_RX pkts=203070 meta=48117 frames_rx=48169
[RTX-GST] SAVED n=43300 dropped=0 recv2save_p50=0.93ms recv2save_p95=1.27ms
[RTX-GST] RTP_RX pkts=203100 meta=48124 frames_rx=48176
[RTX-GST] RTP_RX pkts=203130 meta=48130 frames_rx=48182
[RTX-GST] VIDEO frames_rx=48184 fps=24.6 assoc_ok=43309 assoc_miss=2922 ctrl_sent=43309 infer_avg=0.09ms
[RTX-GST] RTP_RX pkts=203160 meta=48138 frames_rx=48190
[RTX-GST] RTP_RX pkts=203190 meta=48145 frames_rx=48197
[RTX-GST] RTP_RX pkts=203220 meta=48153 frames_rx=48205
[RTX-GST] RTP_RX pkts=203250 meta=48158 frames_rx=48210
[RTX-GST] VIDEO frames_rx=48211 fps=24.6 assoc_ok=43336 assoc_miss=2922 ctrl_sent=43336 infer_avg=0.09ms
[RTX-GST] RTP_RX pkts=203280 meta=48166 frames_rx=48218
[RTX-GST] RTP_RX pkts=203310 meta=48173 frames_rx=48225
[RTX-GST] RTP_RX pkts=203340 meta=48181 frames_rx=48233
[RTX-GST] RTP_RX pkts=203370 meta=48187 frames_rx=48239
[RTX-GST] RTP_RX pkts=203400 meta=48194 frames_rx=48246
[RTX-GST] RTP_RX pkts=203430 meta=48202 frames_rx=48254
[RTX-GST] VIDEO frames_rx=48256 fps=24.7 assoc_ok=43380 assoc_miss=2923 ctrl_sent=43380 infer_avg=0.05ms
[RTX-GST] RTP_RX pkts=203460 meta=48209 frames_rx=48261
[RTX-GST] RTP_RX pkts=203490 meta=48216 frames_rx=48268
[RTX-GST] RTP_RX pkts=203520 meta=48222 frames_rx=48274
[RTX-GST] SAVED n=43400 dropped=0 recv2save_p50=0.94ms recv2save_p95=1.09ms
[RTX-GST] RTP_RX pkts=203550 meta=48230 frames_rx=48282
[RTX-GST] VIDEO frames_rx=48285 fps=24.7 assoc_ok=43409 assoc_miss=2923 ctrl_sent=43409 infer_avg=0.07ms
[RTX-GST] RTP_RX pkts=203580 meta=48237 frames_rx=48289
[RTX-GST] RTP_RX pkts=203610 meta=48245 frames_rx=48297
[RTX-GST] RTP_RX pkts=203640 meta=48251 frames_rx=48303
[RTX-GST] VIDEO frames_rx=48304 fps=24.6 assoc_ok=43427 assoc_miss=2923 ctrl_sent=43427 infer_avg=0.12ms
[RTX-GST] RTP_RX pkts=203670 meta=48258 frames_rx=48310
[RTX-GST] RTP_RX pkts=203700 meta=48266 frames_rx=48318
[RTX-GST] RTP_RX pkts=203730 meta=48273 frames_rx=48325
[RTX-GST] RTP_RX pkts=203760 meta=48279 frames_rx=48331
[RTX-GST] VIDEO frames_rx=48336 fps=24.7 assoc_ok=43458 assoc_miss=2923 ctrl_sent=43458 infer_avg=0.11ms
[RTX-GST] RTP_RX pkts=203790 meta=48286 frames_rx=48338
[RTX-GST] RTP_RX pkts=203820 meta=48294 frames_rx=48346
[RTX-GST] RTP_RX pkts=203850 meta=48301 frames_rx=48353
[RTX-GST] RTP_RX pkts=203880 meta=48307 frames_rx=48359
[RTX-GST] RTP_RX pkts=203910 meta=48315 frames_rx=48367
[RTX-GST] RTP_RX pkts=203940 meta=48322 frames_rx=48374
[RTX-GST] VIDEO frames_rx=48378 fps=24.7 assoc_ok=43499 assoc_miss=2924 ctrl_sent=43499 infer_avg=0.10ms
[RTX-GST] SAVED n=43500 dropped=0 recv2save_p50=0.95ms recv2save_p95=1.32ms
[RTX-GST] RTP_RX pkts=203970 meta=48329 frames_rx=48382
[RTX-GST] RTP_RX pkts=204000 meta=48336 frames_rx=48388
[RTX-GST] RTP_RX pkts=204030 meta=48343 frames_rx=48395
[RTX-GST] RTP_RX pkts=204060 meta=48350 frames_rx=48402
[RTX-GST] VIDEO frames_rx=48408 fps=24.7 assoc_ok=43529 assoc_miss=2924 ctrl_sent=43529 infer_avg=0.05ms
[RTX-GST] RTP_RX pkts=204090 meta=48358 frames_rx=48410
[RTX-GST] RTP_RX pkts=204120 meta=48365 frames_rx=48417
[RTX-GST] RTP_RX pkts=204150 meta=48371 frames_rx=48423
[RTX-GST] RTP_RX pkts=204180 meta=48379 frames_rx=48431
[RTX-GST] RTP_RX pkts=204210 meta=48386 frames_rx=48438
[RTX-GST] VIDEO frames_rx=48439 fps=24.7 assoc_ok=43560 assoc_miss=2924 ctrl_sent=43560 infer_avg=0.05ms
[RTX-GST] RTP_RX pkts=204240 meta=48394 frames_rx=48446
[RTX-GST] RTP_RX pkts=204270 meta=48399 frames_rx=48451
[RTX-GST] RTP_RX pkts=204300 meta=48407 frames_rx=48459
[RTX-GST] RTP_RX pkts=204330 meta=48414 frames_rx=48466
[RTX-GST] VIDEO frames_rx=48470 fps=24.7 assoc_ok=43589 assoc_miss=2926 ctrl_sent=43589 infer_avg=0.08ms
[RTX-GST] RTP_RX pkts=204360 meta=48422 frames_rx=48474
[RTX-GST] RTP_RX pkts=204390 meta=48428 frames_rx=48480
[RTX-GST] SAVED n=43600 dropped=0 recv2save_p50=0.96ms recv2save_p95=1.33ms
[RTX-GST] RTP_RX pkts=204420 meta=48435 frames_rx=48487
[RTX-GST] RTP_RX pkts=204450 meta=48443 frames_rx=48495
[RTX-GST] VIDEO frames_rx=48500 fps=24.7 assoc_ok=43618 assoc_miss=2927 ctrl_sent=43618 infer_avg=0.06ms
[RTX-GST] RTP_RX pkts=204480 meta=48450 frames_rx=48502
[RTX-GST] RTP_RX pkts=204510 meta=48456 frames_rx=48508
[RTX-GST] RTP_RX pkts=204540 meta=48463 frames_rx=48515
[RTX-GST] RTP_RX pkts=204570 meta=48471 frames_rx=48523
[RTX-GST] RTP_RX pkts=204600 meta=48478 frames_rx=48530
[RTX-GST] VIDEO frames_rx=48531 fps=24.7 assoc_ok=43647 assoc_miss=2929 ctrl_sent=43647 infer_avg=0.07ms
[RTX-GST] RTP_RX pkts=204630 meta=48486 frames_rx=48538
[RTX-GST] RTP_RX pkts=204660 meta=48492 frames_rx=48544
[RTX-GST] RTP_RX pkts=204690 meta=48499 frames_rx=48551
[RTX-GST] RTP_RX pkts=204720 meta=48507 frames_rx=48559
[RTX-GST] VIDEO frames_rx=48564 fps=24.7 assoc_ok=43679 assoc_miss=2930 ctrl_sent=43679 infer_avg=0.07ms
[RTX-GST] RTP_RX pkts=204750 meta=48514 frames_rx=48566
[RTX-GST] RTP_RX pkts=204780 meta=48520 frames_rx=48572
[RTX-GST] RTP_RX pkts=204810 meta=48527 frames_rx=48579
[RTX-GST] SAVED n=43700 dropped=0 recv2save_p50=0.95ms recv2save_p95=1.33ms
[RTX-GST] RTP_RX pkts=204840 meta=48535 frames_rx=48587
[RTX-GST] RTP_RX pkts=204870 meta=48542 frames_rx=48594
[RTX-GST] VIDEO frames_rx=48595 fps=24.7 assoc_ok=43709 assoc_miss=2931 ctrl_sent=43709 infer_avg=0.06ms
[RTX-GST] RTP_RX pkts=204900 meta=48548 frames_rx=48600
[RTX-GST] RTP_RX pkts=204930 meta=48556 frames_rx=48608
[RTX-GST] RTP_RX pkts=204960 meta=48563 frames_rx=48615
[RTX-GST] RTP_RX pkts=204990 meta=48571 frames_rx=48623
[RTX-GST] VIDEO frames_rx=48625 fps=24.7 assoc_ok=43737 assoc_miss=2931 ctrl_sent=43737 infer_avg=0.06ms
[RTX-GST] RTP_RX pkts=205020 meta=48576 frames_rx=48628
[RTX-GST] RTP_RX pkts=205050 meta=48584 frames_rx=48636
[RTX-GST] RTP_RX pkts=205080 meta=48591 frames_rx=48643
[RTX-GST] RTP_RX pkts=205110 meta=48599 frames_rx=48651
[RTX-GST] VIDEO frames_rx=48656 fps=24.7 assoc_ok=43766 assoc_miss=2933 ctrl_sent=43766 infer_avg=0.08ms
[RTX-GST] RTP_RX pkts=205140 meta=48606 frames_rx=48658
[RTX-GST] RTP_RX pkts=205170 meta=48612 frames_rx=48664
[RTX-GST] RTP_RX pkts=205200 meta=48620 frames_rx=48672
[RTX-GST] RTP_RX pkts=205230 meta=48627 frames_rx=48679
[RTX-GST] RTP_RX pkts=205260 meta=48635 frames_rx=48687
[RTX-GST] VIDEO frames_rx=48687 fps=24.7 assoc_ok=43797 assoc_miss=2933 ctrl_sent=43797 infer_avg=0.07ms
[RTX-GST] SAVED n=43800 dropped=0 recv2save_p50=0.94ms recv2save_p95=1.33ms
[RTX-GST] RTP_RX pkts=205290 meta=48640 frames_rx=48692
[RTX-GST] RTP_RX pkts=205320 meta=48648 frames_rx=48700
[RTX-GST] RTP_RX pkts=205350 meta=48655 frames_rx=48708
[RTX-GST] RTP_RX pkts=205380 meta=48663 frames_rx=48715
[RTX-GST] VIDEO frames_rx=48718 fps=24.7 assoc_ok=43825 assoc_miss=2935 ctrl_sent=43825 infer_avg=0.07ms
[RTX-GST] RTP_RX pkts=205410 meta=48669 frames_rx=48721
[RTX-GST] RTP_RX pkts=205440 meta=48676 frames_rx=48728
[RTX-GST] RTP_RX pkts=205470 meta=48684 frames_rx=48736
[RTX-GST] RTP_RX pkts=205500 meta=48691 frames_rx=48743
[RTX-GST] VIDEO frames_rx=48749 fps=24.7 assoc_ok=43856 assoc_miss=2935 ctrl_sent=43856 infer_avg=0.07ms
[RTX-GST] RTP_RX pkts=205530 meta=48697 frames_rx=48749
[RTX-GST] RTP_RX pkts=205560 meta=48704 frames_rx=48757
[RTX-GST] RTP_RX pkts=205590 meta=48712 frames_rx=48764
[RTX-GST] RTP_RX pkts=205620 meta=48719 frames_rx=48771
[RTX-GST] RTP_RX pkts=205650 meta=48726 frames_rx=48778
[RTX-GST] VIDEO frames_rx=48782 fps=24.7 assoc_ok=43887 assoc_miss=2936 ctrl_sent=43887 infer_avg=0.08ms
[RTX-GST] RTP_RX pkts=205680 meta=48733 frames_rx=48785
[RTX-GST] RTP_RX pkts=205710 meta=48740 frames_rx=48792
[RTX-GST] SAVED n=43900 dropped=0 recv2save_p50=0.93ms recv2save_p95=1.33ms
[RTX-GST] RTP_RX pkts=205740 meta=48748 frames_rx=48800
[RTX-GST] RTP_RX pkts=205770 meta=48755 frames_rx=48807
[RTX-GST] RTP_RX pkts=205800 meta=48761 frames_rx=48813
[RTX-GST] VIDEO frames_rx=48818 fps=24.7 assoc_ok=43913 assoc_miss=2937 ctrl_sent=43913 infer_avg=0.07ms
[RTX-GST] RTP_RX pkts=205830 meta=48768 frames_rx=48820
[RTX-GST] RTP_RX pkts=205860 meta=48776 frames_rx=48828
[RTX-GST] RTP_RX pkts=205890 meta=48783 frames_rx=48835
[RTX-GST] RTP_RX pkts=205920 meta=48789 frames_rx=48841
[RTX-GST] VIDEO frames_rx=48849 fps=24.7 assoc_ok=43942 assoc_miss=2940 ctrl_sent=43942 infer_avg=0.06ms
[RTX-GST] RTP_RX pkts=205950 meta=48797 frames_rx=48849
[RTX-GST] RTP_RX pkts=205980 meta=48804 frames_rx=48856
[RTX-GST] RTP_RX pkts=206010 meta=48812 frames_rx=48864
[RTX-GST] RTP_RX pkts=206040 meta=48817 frames_rx=48869
[RTX-GST] RTP_RX pkts=206070 meta=48825 frames_rx=48877
[RTX-GST] VIDEO frames_rx=48883 fps=24.7 assoc_ok=43971 assoc_miss=2940 ctrl_sent=43971 infer_avg=0.09ms
[RTX-GST] RTP_RX pkts=206100 meta=48832 frames_rx=48884
[RTX-GST] RTP_RX pkts=206130 meta=48840 frames_rx=48892
[RTX-GST] RTP_RX pkts=206160 meta=48846 frames_rx=48898
[RTX-GST] RTP_RX pkts=206190 meta=48853 frames_rx=48905
[RTX-GST] VIDEO frames_rx=48913 fps=24.7 assoc_ok=43997 assoc_miss=2940 ctrl_sent=43997 infer_avg=0.08ms
[RTX-GST] RTP_RX pkts=206220 meta=48861 frames_rx=48913
[RTX-GST] SAVED n=44000 dropped=0 recv2save_p50=0.92ms recv2save_p95=1.21ms
[RTX-GST] RTP_RX pkts=206250 meta=48868 frames_rx=48920
[RTX-GST] RTP_RX pkts=206280 meta=48876 frames_rx=48928
[RTX-GST] RTP_RX pkts=206310 meta=48881 frames_rx=48934
[RTX-GST] RTP_RX pkts=206340 meta=48889 frames_rx=48941
[RTX-GST] VIDEO frames_rx=48945 fps=24.7 assoc_ok=44029 assoc_miss=2940 ctrl_sent=44029 infer_avg=0.14ms
[RTX-GST] RTP_RX pkts=206370 meta=48896 frames_rx=48948
[RTX-GST] RTP_RX pkts=206400 meta=48904 frames_rx=48956
[RTX-GST] RTP_RX pkts=206430 meta=48910 frames_rx=48962
[RTX-GST] RTP_RX pkts=206460 meta=48917 frames_rx=48969
[RTX-GST] RTP_RX pkts=206490 meta=48925 frames_rx=48977
[RTX-GST] RTP_RX pkts=206520 meta=48932 frames_rx=48984
[RTX-GST] VIDEO frames_rx=48989 fps=24.7 assoc_ok=44058 assoc_miss=2941 ctrl_sent=44058 infer_avg=0.08ms
[RTX-GST] RTP_RX pkts=206550 meta=48938 frames_rx=48990
[RTX-GST] RTP_RX pkts=206580 meta=48945 frames_rx=48997
[RTX-GST] RTP_RX pkts=206610 meta=48953 frames_rx=49005
[RTX-GST] RTP_RX pkts=206640 meta=48960 frames_rx=49012
[RTX-GST] RTP_RX pkts=206670 meta=48966 frames_rx=49018
[RTX-GST] VIDEO frames_rx=49019 fps=24.7 assoc_ok=44086 assoc_miss=2942 ctrl_sent=44086 infer_avg=0.08ms
[RTX-GST] RTP_RX pkts=206700 meta=48973 frames_rx=49026
[RTX-GST] SAVED n=44100 dropped=0 recv2save_p50=0.92ms recv2save_p95=1.33ms
[RTX-GST] RTP_RX pkts=206730 meta=48981 frames_rx=49033
[RTX-GST] RTP_RX pkts=206760 meta=48989 frames_rx=49041
[RTX-GST] RTP_RX pkts=206790 meta=48996 frames_rx=49048
[RTX-GST] VIDEO frames_rx=49051 fps=24.7 assoc_ok=44118 assoc_miss=2942 ctrl_sent=44118 infer_avg=0.08ms
[RTX-GST] RTP_RX pkts=206820 meta=49002 frames_rx=49054
[RTX-GST] RTP_RX pkts=206850 meta=49009 frames_rx=49061
[RTX-GST] RTP_RX pkts=206880 meta=49017 frames_rx=49069
[RTX-GST] RTP_RX pkts=206910 meta=49024 frames_rx=49076
[RTX-GST] RTP_RX pkts=206940 meta=49030 frames_rx=49082
[RTX-GST] VIDEO frames_rx=49084 fps=24.7 assoc_ok=44147 assoc_miss=2943 ctrl_sent=44147 infer_avg=0.08ms
[RTX-GST] RTP_RX pkts=206970 meta=49038 frames_rx=49090
[RTX-GST] RTP_RX pkts=207000 meta=49045 frames_rx=49098
[RTX-GST] RTP_RX pkts=207030 meta=49053 frames_rx=49105
[RTX-GST] RTP_RX pkts=207060 meta=49058 frames_rx=49110
[RTX-GST] VIDEO frames_rx=49115 fps=24.7 assoc_ok=44176 assoc_miss=2944 ctrl_sent=44176 infer_avg=0.10ms
[RTX-GST] RTP_RX pkts=207090 meta=49066 frames_rx=49118
[RTX-GST] RTP_RX pkts=207120 meta=49073 frames_rx=49125
[RTX-GST] RTP_RX pkts=207150 meta=49081 frames_rx=49133
[RTX-GST] SAVED n=44200 dropped=0 recv2save_p50=0.94ms recv2save_p95=1.38ms
[RTX-GST] RTP_RX pkts=207180 meta=49087 frames_rx=49139
[RTX-GST] VIDEO frames_rx=49146 fps=24.7 assoc_ok=44207 assoc_miss=2945 ctrl_sent=44207 infer_avg=0.15ms
[RTX-GST] RTP_RX pkts=207210 meta=49094 frames_rx=49146
[RTX-GST] RTP_RX pkts=207240 meta=49102 frames_rx=49154
[RTX-GST] RTP_RX pkts=207270 meta=49109 frames_rx=49161
[RTX-GST] RTP_RX pkts=207300 meta=49116 frames_rx=49168
[RTX-GST] RTP_RX pkts=207330 meta=49122 frames_rx=49174
[RTX-GST] VIDEO frames_rx=49177 fps=24.7 assoc_ok=44238 assoc_miss=2945 ctrl_sent=44238 infer_avg=0.15ms
[RTX-GST] RTP_RX pkts=207360 meta=49130 frames_rx=49182
[RTX-GST] RTP_RX pkts=207390 meta=49137 frames_rx=49189
[RTX-GST] RTP_RX pkts=207420 meta=49145 frames_rx=49197
[RTX-GST] RTP_RX pkts=207450 meta=49151 frames_rx=49203
[RTX-GST] VIDEO frames_rx=49207 fps=24.7 assoc_ok=44266 assoc_miss=2946 ctrl_sent=44266 infer_avg=0.09ms
[RTX-GST] RTP_RX pkts=207480 meta=49158 frames_rx=49210
[RTX-GST] RTP_RX pkts=207510 meta=49166 frames_rx=49218
[RTX-GST] RTP_RX pkts=207540 meta=49173 frames_rx=49225
[RTX-GST] RTP_RX pkts=207570 meta=49179 frames_rx=49231
[RTX-GST] RTP_RX pkts=207600 meta=49186 frames_rx=49238
[RTX-GST] VIDEO frames_rx=49239 fps=24.7 assoc_ok=44295 assoc_miss=2948 ctrl_sent=44295 infer_avg=0.08ms
[RTX-GST] SAVED n=44300 dropped=0 recv2save_p50=0.95ms recv2save_p95=1.42ms
[RTX-GST] RTP_RX pkts=207630 meta=49194 frames_rx=49246
[RTX-GST] RTP_RX pkts=207660 meta=49201 frames_rx=49253
[RTX-GST] RTP_RX pkts=207690 meta=49207 frames_rx=49259
[RTX-GST] RTP_RX pkts=207720 meta=49215 frames_rx=49267
[RTX-GST] VIDEO frames_rx=49270 fps=24.7 assoc_ok=44325 assoc_miss=2949 ctrl_sent=44325 infer_avg=0.10ms
[RTX-GST] RTP_RX pkts=207750 meta=49222 frames_rx=49274
[RTX-GST] RTP_RX pkts=207780 meta=49230 frames_rx=49282
[RTX-GST] RTP_RX pkts=207810 meta=49236 frames_rx=49288
[RTX-GST] RTP_RX pkts=207840 meta=49243 frames_rx=49295
[RTX-GST] VIDEO frames_rx=49301 fps=24.7 assoc_ok=44353 assoc_miss=2952 ctrl_sent=44353 infer_avg=0.09ms
[RTX-GST] RTP_RX pkts=207870 meta=49250 frames_rx=49302
[RTX-GST] RTP_RX pkts=207900 meta=49258 frames_rx=49310
[RTX-GST] RTP_RX pkts=207930 meta=49265 frames_rx=49317
[RTX-GST] RTP_RX pkts=207960 meta=49271 frames_rx=49323
[RTX-GST] RTP_RX pkts=207990 meta=49279 frames_rx=49331
[RTX-GST] VIDEO frames_rx=49332 fps=24.7 assoc_ok=44382 assoc_miss=2954 ctrl_sent=44382 infer_avg=0.13ms
[RTX-GST] RTP_RX pkts=208020 meta=49286 frames_rx=49338
[RTX-GST] RTP_RX pkts=208050 meta=49294 frames_rx=49346
[RTX-GST] SAVED n=44400 dropped=0 recv2save_p50=0.98ms recv2save_p95=1.43ms
[RTX-GST] RTP_RX pkts=208080 meta=49299 frames_rx=49352
[RTX-GST] RTP_RX pkts=208110 meta=49307 frames_rx=49359
[RTX-GST] VIDEO frames_rx=49362 fps=24.7 assoc_ok=44411 assoc_miss=2955 ctrl_sent=44411 infer_avg=0.10ms
[RTX-GST] RTP_RX pkts=208140 meta=49314 frames_rx=49366
[RTX-GST] RTP_RX pkts=208170 meta=49322 frames_rx=49374
[RTX-GST] RTP_RX pkts=208200 meta=49328 frames_rx=49380
[RTX-GST] RTP_RX pkts=208230 meta=49335 frames_rx=49387
[RTX-GST] VIDEO frames_rx=49393 fps=24.8 assoc_ok=44441 assoc_miss=2955 ctrl_sent=44441 infer_avg=0.05ms
[RTX-GST] RTP_RX pkts=208260 meta=49343 frames_rx=49395
[RTX-GST] RTP_RX pkts=208290 meta=49350 frames_rx=49402
[RTX-GST] RTP_RX pkts=208320 meta=49356 frames_rx=49408
[RTX-GST] RTP_RX pkts=208350 meta=49363 frames_rx=49416
[RTX-GST] RTP_RX pkts=208380 meta=49371 frames_rx=49423
[RTX-GST] VIDEO frames_rx=49424 fps=24.8 assoc_ok=44470 assoc_miss=2957 ctrl_sent=44470 infer_avg=0.08ms
[RTX-GST] RTP_RX pkts=208410 meta=49378 frames_rx=49430
[RTX-GST] RTP_RX pkts=208440 meta=49386 frames_rx=49438
[RTX-GST] RTP_RX pkts=208470 meta=49392 frames_rx=49444
[RTX-GST] RTP_RX pkts=208500 meta=49399 frames_rx=49451
[RTX-GST] VIDEO frames_rx=49455 fps=24.8 assoc_ok=44499 assoc_miss=2959 ctrl_sent=44499 infer_avg=0.08ms
[RTX-GST] SAVED n=44500 dropped=0 recv2save_p50=1.01ms recv2save_p95=1.44ms
[RTX-GST] RTP_RX pkts=208530 meta=49407 frames_rx=49459
[RTX-GST] RTP_RX pkts=208560 meta=49414 frames_rx=49466
[RTX-GST] RTP_RX pkts=208590 meta=49420 frames_rx=49472
[RTX-GST] RTP_RX pkts=208620 meta=49427 frames_rx=49479
[RTX-GST] VIDEO frames_rx=49485 fps=24.8 assoc_ok=44527 assoc_miss=2961 ctrl_sent=44527 infer_avg=0.09ms
[RTX-GST] RTP_RX pkts=208650 meta=49435 frames_rx=49487
[RTX-GST] RTP_RX pkts=208680 meta=49442 frames_rx=49494
[RTX-GST] RTP_RX pkts=208710 meta=49448 frames_rx=49500
[RTX-GST] RTP_RX pkts=208740 meta=49456 frames_rx=49508
[RTX-GST] RTP_RX pkts=208770 meta=49463 frames_rx=49515[RTX-GST] VIDEO frames_rx=49515 fps=24.8 assoc_ok=44554 assoc_miss=2962 ctrl_sent=44554 infer_avg=0.13ms

[RTX-GST] RTP_RX pkts=208800 meta=49471 frames_rx=49523
[RTX-GST] RTP_RX pkts=208830 meta=49476 frames_rx=49528
[RTX-GST] RTP_RX pkts=208860 meta=49484 frames_rx=49536
[RTX-GST] RTP_RX pkts=208890 meta=49491 frames_rx=49543
[RTX-GST] RTP_RX pkts=208920 meta=49499 frames_rx=49551
[RTX-GST] VIDEO frames_rx=49553 fps=24.8 assoc_ok=44585 assoc_miss=2964 ctrl_sent=44585 infer_avg=0.07ms
[RTX-GST] RTP_RX pkts=208950 meta=49506 frames_rx=49558
[RTX-GST] RTP_RX pkts=208980 meta=49512 frames_rx=49564
[RTX-GST] SAVED n=44600 dropped=0 recv2save_p50=1.02ms recv2save_p95=1.44ms
[RTX-GST] RTP_RX pkts=209010 meta=49520 frames_rx=49572
[RTX-GST] RTP_RX pkts=209040 meta=49527 frames_rx=49579
[RTX-GST] VIDEO frames_rx=49583 fps=24.8 assoc_ok=44615 assoc_miss=2964 ctrl_sent=44615 infer_avg=0.06ms
[RTX-GST] RTP_RX pkts=209070 meta=49535 frames_rx=49587
[RTX-GST] RTP_RX pkts=209100 meta=49540 frames_rx=49592
[RTX-GST] RTP_RX pkts=209130 meta=49548 frames_rx=49600
[RTX-GST] RTP_RX pkts=209160 meta=49555 frames_rx=49607
[RTX-GST] VIDEO frames_rx=49614 fps=24.8 assoc_ok=44646 assoc_miss=2964 ctrl_sent=44646 infer_avg=0.08ms
[RTX-GST] RTP_RX pkts=209190 meta=49563 frames_rx=49615
[RTX-GST] RTP_RX pkts=209220 meta=49569 frames_rx=49621
[RTX-GST] RTP_RX pkts=209250 meta=49576 frames_rx=49628
[RTX-GST] RTP_RX pkts=209280 meta=49584 frames_rx=49636
[RTX-GST] RTP_RX pkts=209310 meta=49591 frames_rx=49643
[RTX-GST] VIDEO frames_rx=49644 fps=24.8 assoc_ok=44675 assoc_miss=2965 ctrl_sent=44675 infer_avg=0.07ms
[RTX-GST] RTP_RX pkts=209340 meta=49597 frames_rx=49649
[RTX-GST] RTP_RX pkts=209370 meta=49604 frames_rx=49656
[RTX-GST] RTP_RX pkts=209400 meta=49612 frames_rx=49664
[RTX-GST] RTP_RX pkts=209430 meta=49619 frames_rx=49671
[RTX-GST] SAVED n=44700 dropped=0 recv2save_p50=1.00ms recv2save_p95=1.43ms
[RTX-GST] VIDEO frames_rx=49674 fps=24.8 assoc_ok=44702 assoc_miss=2966 ctrl_sent=44702 infer_avg=0.06ms
[RTX-GST] RTP_RX pkts=209460 meta=49626 frames_rx=49678
[RTX-GST] RTP_RX pkts=209490 meta=49633 frames_rx=49685
[RTX-GST] RTP_RX pkts=209520 meta=49640 frames_rx=49692
[RTX-GST] RTP_RX pkts=209550 meta=49648 frames_rx=49700
[RTX-GST] VIDEO frames_rx=49705 fps=24.8 assoc_ok=44730 assoc_miss=2969 ctrl_sent=44730 infer_avg=0.07ms
[RTX-GST] RTP_RX pkts=209580 meta=49655 frames_rx=49707
[RTX-GST] RTP_RX pkts=209610 meta=49661 frames_rx=49713
[RTX-GST] RTP_RX pkts=209640 meta=49668 frames_rx=49720
[RTX-GST] RTP_RX pkts=209670 meta=49676 frames_rx=49728
[RTX-GST] RTP_RX pkts=209700 meta=49683 frames_rx=49735
[RTX-GST] VIDEO frames_rx=49736 fps=24.8 assoc_ok=44760 assoc_miss=2970 ctrl_sent=44760 infer_avg=0.06ms
[RTX-GST] RTP_RX pkts=209730 meta=49689 frames_rx=49741
[RTX-GST] RTP_RX pkts=209760 meta=49697 frames_rx=49749
[RTX-GST] RTP_RX pkts=209790 meta=49704 frames_rx=49756
[RTX-GST] RTP_RX pkts=209820 meta=49712 frames_rx=49764
[RTX-GST] VIDEO frames_rx=49768 fps=24.8 assoc_ok=44789 assoc_miss=2973 ctrl_sent=44789 infer_avg=0.08ms
[RTX-GST] RTP_RX pkts=209850 meta=49717 frames_rx=49769
[RTX-GST] RTP_RX pkts=209880 meta=49725 frames_rx=49777
[RTX-GST] SAVED n=44800 dropped=0 recv2save_p50=0.98ms recv2save_p95=1.40ms
[RTX-GST] RTP_RX pkts=209910 meta=49732 frames_rx=49784
[RTX-GST] RTP_RX pkts=209940 meta=49740 frames_rx=49792
[RTX-GST] VIDEO frames_rx=49798 fps=24.8 assoc_ok=44817 assoc_miss=2975 ctrl_sent=44817 infer_avg=0.08ms
[RTX-GST] RTP_RX pkts=209970 meta=49746 frames_rx=49798
[RTX-GST] RTP_RX pkts=210000 meta=49753 frames_rx=49805
[RTX-GST] RTP_RX pkts=210030 meta=49761 frames_rx=49813
[RTX-GST] RTP_RX pkts=210060 meta=49768 frames_rx=49820
[RTX-GST] RTP_RX pkts=210090 meta=49776 frames_rx=49828
[RTX-GST] VIDEO frames_rx=49828 fps=24.8 assoc_ok=44844 assoc_miss=2976 ctrl_sent=44844 infer_avg=0.06ms
[RTX-GST] RTP_RX pkts=210120 meta=49781 frames_rx=49833
[RTX-GST] RTP_RX pkts=210150 meta=49789 frames_rx=49841
[RTX-GST] RTP_RX pkts=210180 meta=49796 frames_rx=49848
[RTX-GST] RTP_RX pkts=210210 meta=49804 frames_rx=49856
[RTX-GST] VIDEO frames_rx=49859 fps=24.8 assoc_ok=44874 assoc_miss=2977 ctrl_sent=44874 infer_avg=0.08ms
[RTX-GST] RTP_RX pkts=210240 meta=49810 frames_rx=49862
[RTX-GST] RTP_RX pkts=210270 meta=49817 frames_rx=49869
[RTX-GST] RTP_RX pkts=210300 meta=49825 frames_rx=49877
[RTX-GST] RTP_RX pkts=210330 meta=49832 frames_rx=49884
[RTX-GST] SAVED n=44900 dropped=0 recv2save_p50=0.95ms recv2save_p95=1.37ms
[RTX-GST] VIDEO frames_rx=49889 fps=24.8 assoc_ok=44903 assoc_miss=2978 ctrl_sent=44903 infer_avg=0.08ms
[RTX-GST] RTP_RX pkts=210360 meta=49838 frames_rx=49890
[RTX-GST] RTP_RX pkts=210390 meta=49845 frames_rx=49897
[RTX-GST] RTP_RX pkts=210420 meta=49853 frames_rx=49905
[RTX-GST] RTP_RX pkts=210450 meta=49860 frames_rx=49912
[RTX-GST] RTP_RX pkts=210480 meta=49866 frames_rx=49918
[RTX-GST] VIDEO frames_rx=49922 fps=24.8 assoc_ok=44934 assoc_miss=2980 ctrl_sent=44934 infer_avg=0.10ms
[RTX-GST] RTP_RX pkts=210510 meta=49874 frames_rx=49926
[RTX-GST] RTP_RX pkts=210540 meta=49881 frames_rx=49933
[RTX-GST] RTP_RX pkts=210570 meta=49889 frames_rx=49941
[RTX-GST] RTP_RX pkts=210600 meta=49896 frames_rx=49948
[RTX-GST] VIDEO frames_rx=49951 fps=24.8 assoc_ok=44963 assoc_miss=2980 ctrl_sent=44963 infer_avg=0.07ms
[RTX-GST] RTP_RX pkts=210630 meta=49902 frames_rx=49954
[RTX-GST] RTP_RX pkts=210660 meta=49909 frames_rx=49961
[RTX-GST] RTP_RX pkts=210690 meta=49917 frames_rx=49969
[RTX-GST] RTP_RX pkts=210720 meta=49924 frames_rx=49976
[RTX-GST] RTP_RX pkts=210750 meta=49930 frames_rx=49982
[RTX-GST] VIDEO frames_rx=49984 fps=24.8 assoc_ok=44994 assoc_miss=2982 ctrl_sent=44994 infer_avg=0.07ms
[RTX-GST] RTP_RX pkts=210780 meta=49938 frames_rx=49990
[RTX-GST] SAVED n=45000 dropped=0 recv2save_p50=0.93ms recv2save_p95=1.34ms
[RTX-GST] RTP_RX pkts=210810 meta=49945 frames_rx=49997
[RTX-GST] RTP_RX pkts=210840 meta=49953 frames_rx=50005
[RTX-GST] RTP_RX pkts=210870 meta=49958 frames_rx=50010
[RTX-GST] VIDEO frames_rx=50015 fps=24.8 assoc_ok=45022 assoc_miss=2985 ctrl_sent=45022 infer_avg=0.07ms
[RTX-GST] RTP_RX pkts=210900 meta=49966 frames_rx=50018
[RTX-GST] RTP_RX pkts=210930 meta=49973 frames_rx=50025
[RTX-GST] RTP_RX pkts=210960 meta=49981 frames_rx=50033
[RTX-GST] RTP_RX pkts=210990 meta=49987 frames_rx=50039
[RTX-GST] VIDEO frames_rx=50045 fps=24.8 assoc_ok=45051 assoc_miss=2986 ctrl_sent=45051 infer_avg=0.07ms
[RTX-GST] RTP_RX pkts=211020 meta=49994 frames_rx=50046
[RTX-GST] RTP_RX pkts=211050 meta=50002 frames_rx=50054
[RTX-GST] RTP_RX pkts=211080 meta=50009 frames_rx=50061
[RTX-GST] RTP_RX pkts=211110 meta=50016 frames_rx=50068
[RTX-GST] RTP_RX pkts=211140 meta=50023 frames_rx=50074
[RTX-GST] VIDEO frames_rx=50075 fps=24.8 assoc_ok=45078 assoc_miss=2988 ctrl_sent=45078 infer_avg=0.08ms
[RTX-GST] RTP_RX pkts=211170 meta=50030 frames_rx=50082
[RTX-GST] RTP_RX pkts=211200 meta=50037 frames_rx=50089
[RTX-GST] RTP_RX pkts=211230 meta=50045 frames_rx=50097
[RTX-GST] SAVED n=45100 dropped=0 recv2save_p50=0.92ms recv2save_p95=1.16ms
[RTX-GST] RTP_RX pkts=211260 meta=50051 frames_rx=50103
[RTX-GST] VIDEO frames_rx=50107 fps=24.8 assoc_ok=45108 assoc_miss=2991 ctrl_sent=45108 infer_avg=0.07ms
[RTX-GST] RTP_RX pkts=211290 meta=50058 frames_rx=50110
[RTX-GST] RTP_RX pkts=211320 meta=50066 frames_rx=50118
[RTX-GST] RTP_RX pkts=211350 meta=50073 frames_rx=50125
[RTX-GST] RTP_RX pkts=211380 meta=50079 frames_rx=50131
[RTX-GST] VIDEO frames_rx=50138 fps=24.8 assoc_ok=45136 assoc_miss=2994 ctrl_sent=45136 infer_avg=0.09ms
[RTX-GST] RTP_RX pkts=211410 meta=50086 frames_rx=50138
[RTX-GST] RTP_RX pkts=211440 meta=50094 frames_rx=50146
[RTX-GST] RTP_RX pkts=211470 meta=50101 frames_rx=50153
[RTX-GST] RTP_RX pkts=211500 meta=50107 frames_rx=50159
[RTX-GST] RTP_RX pkts=211530 meta=50115 frames_rx=50167
[RTX-GST] VIDEO frames_rx=50169 fps=24.8 assoc_ok=45166 assoc_miss=2995 ctrl_sent=45166 infer_avg=0.06ms
[RTX-GST] RTP_RX pkts=211560 meta=50122 frames_rx=50174
[RTX-GST] RTP_RX pkts=211590 meta=50130 frames_rx=50182
[RTX-GST] RTP_RX pkts=211620 meta=50136 frames_rx=50188
[RTX-GST] RTP_RX pkts=211650 meta=50143 frames_rx=50195
[RTX-GST] VIDEO frames_rx=50198 fps=24.8 assoc_ok=45195 assoc_miss=2995 ctrl_sent=45195 infer_avg=0.07ms
[RTX-GST] RTP_RX pkts=211680 meta=50150 frames_rx=50202
[RTX-GST] SAVED n=45200 dropped=0 recv2save_p50=0.93ms recv2save_p95=1.31ms
[RTX-GST] RTP_RX pkts=211710 meta=50158 frames_rx=50210
[RTX-GST] RTP_RX pkts=211740 meta=50165 frames_rx=50217
[RTX-GST] RTP_RX pkts=211770 meta=50171 frames_rx=50223
[RTX-GST] VIDEO frames_rx=50230 fps=24.8 assoc_ok=45226 assoc_miss=2996 ctrl_sent=45226 infer_avg=0.11ms
[RTX-GST] RTP_RX pkts=211800 meta=50179 frames_rx=50231
[RTX-GST] RTP_RX pkts=211830 meta=50186 frames_rx=50238
[RTX-GST] RTP_RX pkts=211860 meta=50194 frames_rx=50246
[RTX-GST] RTP_RX pkts=211890 meta=50199 frames_rx=50251
[RTX-GST] VIDEO frames_rx=50259 fps=24.8 assoc_ok=45253 assoc_miss=2998 ctrl_sent=45253 infer_avg=0.15ms
[RTX-GST] RTP_RX pkts=211920 meta=50207 frames_rx=50259
[RTX-GST] RTP_RX pkts=211950 meta=50215 frames_rx=50266
[RTX-GST] RTP_RX pkts=211980 meta=50222 frames_rx=50274
[RTX-GST] RTP_RX pkts=212010 meta=50228 frames_rx=50280
[RTX-GST] RTP_RX pkts=212040 meta=50235 frames_rx=50287
[RTX-GST] VIDEO frames_rx=50291 fps=24.8 assoc_ok=45281 assoc_miss=3000 ctrl_sent=45281 infer_avg=0.09ms
[RTX-GST] RTP_RX pkts=212070 meta=50243 frames_rx=50295
[RTX-GST] RTP_RX pkts=212100 meta=50250 frames_rx=50302
[RTX-GST] RTP_RX pkts=212130 meta=50256 frames_rx=50308
[RTX-GST] SAVED n=45300 dropped=0 recv2save_p50=0.96ms recv2save_p95=1.36ms
[RTX-GST] RTP_RX pkts=212160 meta=50263 frames_rx=50315
[RTX-GST] VIDEO frames_rx=50323 fps=24.8 assoc_ok=45310 assoc_miss=3003 ctrl_sent=45310 infer_avg=0.06ms
[RTX-GST] RTP_RX pkts=212190 meta=50271 frames_rx=50323
[RTX-GST] RTP_RX pkts=212220 meta=50278 frames_rx=50330
[RTX-GST] RTP_RX pkts=212250 meta=50286 frames_rx=50338
[RTX-GST] RTP_RX pkts=212280 meta=50292 frames_rx=50344
[RTX-GST] RTP_RX pkts=212310 meta=50299 frames_rx=50351
[RTX-GST] VIDEO frames_rx=50354 fps=24.8 assoc_ok=45340 assoc_miss=3004 ctrl_sent=45340 infer_avg=0.10ms
[RTX-GST] RTP_RX pkts=212340 meta=50307 frames_rx=50359
[RTX-GST] RTP_RX pkts=212370 meta=50314 frames_rx=50366
[RTX-GST] RTP_RX pkts=212400 meta=50320 frames_rx=50372
[RTX-GST] RTP_RX pkts=212430 meta=50327 frames_rx=50380
[RTX-GST] VIDEO frames_rx=50385 fps=24.8 assoc_ok=45370 assoc_miss=3005 ctrl_sent=45370 infer_avg=0.14ms
[RTX-GST] RTP_RX pkts=212460 meta=50335 frames_rx=50387
[RTX-GST] RTP_RX pkts=212490 meta=50342 frames_rx=50394
[RTX-GST] RTP_RX pkts=212520 meta=50349 frames_rx=50401
[RTX-GST] RTP_RX pkts=212550 meta=50356 frames_rx=50408
[RTX-GST] VIDEO frames_rx=50415 fps=24.8 assoc_ok=45400 assoc_miss=3005 ctrl_sent=45400 infer_avg=0.07ms[RTX-GST] SAVED n=45400 dropped=0 recv2save_p50=0.99ms recv2save_p95=1.42ms

[RTX-GST] RTP_RX pkts=212580 meta=50364 frames_rx=50416
[RTX-GST] RTP_RX pkts=212610 meta=50371 frames_rx=50423
[RTX-GST] RTP_RX pkts=212640 meta=50377 frames_rx=50429
[RTX-GST] RTP_RX pkts=212670 meta=50384 frames_rx=50437
[RTX-GST] VIDEO frames_rx=50441 fps=24.8 assoc_ok=45420 assoc_miss=3006 ctrl_sent=45420 infer_avg=0.08ms
[RTX-GST] RTP_RX pkts=212700 meta=50391 frames_rx=50444
[RTX-GST] RTP_RX pkts=212730 meta=50397 frames_rx=50450
[RTX-GST] RTP_RX pkts=212760 meta=50404 frames_rx=50457
[RTX-GST] RTP_RX pkts=212790 meta=50412 frames_rx=50465
[RTX-GST] VIDEO frames_rx=50472 fps=24.8 assoc_ok=45450 assoc_miss=3007 ctrl_sent=45450 infer_avg=0.08ms
[RTX-GST] RTP_RX pkts=212820 meta=50419 frames_rx=50472
[RTX-GST] RTP_RX pkts=212850 meta=50425 frames_rx=50478
[RTX-GST] RTP_RX pkts=212880 meta=50433 frames_rx=50486
[RTX-GST] RTP_RX pkts=212910 meta=50440 frames_rx=50493
[RTX-GST] VIDEO frames_rx=50498 fps=24.8 assoc_ok=45474 assoc_miss=3009 ctrl_sent=45474 infer_avg=0.06ms
[RTX-GST] RTP_RX pkts=212940 meta=50448 frames_rx=50501
[RTX-GST] RTP_RX pkts=212970 meta=50455 frames_rx=50508
[RTX-GST] RTP_RX pkts=213000 meta=50461 frames_rx=50514
[RTX-GST] RTP_RX pkts=213030 meta=50468 frames_rx=50521
[RTX-GST] SAVED n=45500 dropped=0 recv2save_p50=1.01ms recv2save_p95=1.42ms
[RTX-GST] RTP_RX pkts=213060 meta=50476 frames_rx=50529
[RTX-GST] RTP_RX pkts=213090 meta=50483 frames_rx=50537
[RTX-GST] VIDEO frames_rx=50538 fps=24.8 assoc_ok=45512 assoc_miss=3011 ctrl_sent=45512 infer_avg=0.06ms
[RTX-GST] RTP_RX pkts=213120 meta=50489 frames_rx=50542
[RTX-GST] RTP_RX pkts=213150 meta=50497 frames_rx=50550
[RTX-GST] RTP_RX pkts=213180 meta=50504 frames_rx=50557
[RTX-GST] RTP_RX pkts=213210 meta=50512 frames_rx=50565
[RTX-GST] VIDEO frames_rx=50568 fps=24.8 assoc_ok=45540 assoc_miss=3013 ctrl_sent=45540 infer_avg=0.06ms
[RTX-GST] RTP_RX pkts=213240 meta=50518 frames_rx=50570
[RTX-GST] RTP_RX pkts=213270 meta=50525 frames_rx=50578
[RTX-GST] RTP_RX pkts=213300 meta=50532 frames_rx=50585
[RTX-GST] RTP_RX pkts=213330 meta=50540 frames_rx=50593
[RTX-GST] RTP_RX pkts=213360 meta=50546 frames_rx=50599
[RTX-GST] VIDEO frames_rx=50599 fps=24.9 assoc_ok=45568 assoc_miss=3015 ctrl_sent=45568 infer_avg=0.08ms
[RTX-GST] RTP_RX pkts=213390 meta=50553 frames_rx=50606
[RTX-GST] RTP_RX pkts=213420 meta=50561 frames_rx=50614
[RTX-GST] RTP_RX pkts=213450 meta=50568 frames_rx=50621
[RTX-GST] RTP_RX pkts=213480 meta=50575 frames_rx=50628
[RTX-GST] VIDEO frames_rx=50632 fps=24.9 assoc_ok=45598 assoc_miss=3018 ctrl_sent=45598 infer_avg=0.08ms
[RTX-GST] SAVED n=45600 dropped=0 recv2save_p50=0.97ms recv2save_p95=1.41ms
[RTX-GST] RTP_RX pkts=213510 meta=50581 frames_rx=50634
[RTX-GST] RTP_RX pkts=213540 meta=50589 frames_rx=50642
[RTX-GST] RTP_RX pkts=213570 meta=50596 frames_rx=50649
[RTX-GST] RTP_RX pkts=213600 meta=50604 frames_rx=50657
[RTX-GST] VIDEO frames_rx=50663 fps=24.9 assoc_ok=45625 assoc_miss=3022 ctrl_sent=45625 infer_avg=0.09ms
[RTX-GST] RTP_RX pkts=213630 meta=50610 frames_rx=50663
[RTX-GST] RTP_RX pkts=213660 meta=50617 frames_rx=50670
[RTX-GST] RTP_RX pkts=213690 meta=50625 frames_rx=50678
[RTX-GST] RTP_RX pkts=213720 meta=50632 frames_rx=50685
[RTX-GST] RTP_RX pkts=213750 meta=50638 frames_rx=50691
[RTX-GST] VIDEO frames_rx=50695 fps=24.9 assoc_ok=45654 assoc_miss=3025 ctrl_sent=45654 infer_avg=0.07ms
[RTX-GST] RTP_RX pkts=213780 meta=50645 frames_rx=50698
[RTX-GST] RTP_RX pkts=213810 meta=50653 frames_rx=50706
[RTX-GST] RTP_RX pkts=213840 meta=50660 frames_rx=50713
[RTX-GST] RTP_RX pkts=213870 meta=50666 frames_rx=50719
[RTX-GST] VIDEO frames_rx=50720 fps=24.9 assoc_ok=45679 assoc_miss=3025 ctrl_sent=45679 infer_avg=0.07ms
[RTX-GST] RTP_RX pkts=213900 meta=50674 frames_rx=50727
[RTX-GST] RTP_RX pkts=213930 meta=50681 frames_rx=50734
[RTX-GST] RTP_RX pkts=213960 meta=50688 frames_rx=50742
[RTX-GST] SAVED n=45700 dropped=0 recv2save_p50=0.95ms recv2save_p95=1.39ms
[RTX-GST] RTP_RX pkts=213990 meta=50695 frames_rx=50748
[RTX-GST] VIDEO frames_rx=50755 fps=24.9 assoc_ok=45711 assoc_miss=3026 ctrl_sent=45711 infer_avg=0.08ms
[RTX-GST] RTP_RX pkts=214020 meta=50702 frames_rx=50755
[RTX-GST] RTP_RX pkts=214050 meta=50709 frames_rx=50762
[RTX-GST] RTP_RX pkts=214080 meta=50717 frames_rx=50770
[RTX-GST] RTP_RX pkts=214110 meta=50725 frames_rx=50777
[RTX-GST] VIDEO frames_rx=50783 fps=24.9 assoc_ok=45739 assoc_miss=3026 ctrl_sent=45739 infer_avg=0.09ms
[RTX-GST] RTP_RX pkts=214140 meta=50730 frames_rx=50783
[RTX-GST] RTP_RX pkts=214170 meta=50738 frames_rx=50791
[RTX-GST] RTP_RX pkts=214200 meta=50745 frames_rx=50798
[RTX-GST] RTP_RX pkts=214230 meta=50753 frames_rx=50806
[RTX-GST] RTP_RX pkts=214260 meta=50758 frames_rx=50811
[RTX-GST] VIDEO frames_rx=50814 fps=24.9 assoc_ok=45768 assoc_miss=3028 ctrl_sent=45768 infer_avg=0.07ms
[RTX-GST] RTP_RX pkts=214290 meta=50766 frames_rx=50819
[RTX-GST] RTP_RX pkts=214320 meta=50773 frames_rx=50826
[RTX-GST] RTP_RX pkts=214350 meta=50781 frames_rx=50834
[RTX-GST] RTP_RX pkts=214380 meta=50787 frames_rx=50840
[RTX-GST] VIDEO frames_rx=50847 fps=24.9 assoc_ok=45798 assoc_miss=3031 ctrl_sent=45798 infer_avg=0.05ms
[RTX-GST] RTP_RX pkts=214410 meta=50794 frames_rx=50847
[RTX-GST] SAVED n=45800 dropped=0 recv2save_p50=0.94ms recv2save_p95=1.35ms
[RTX-GST] RTP_RX pkts=214440 meta=50802 frames_rx=50855
[RTX-GST] RTP_RX pkts=214470 meta=50809 frames_rx=50862
[RTX-GST] RTP_RX pkts=214500 meta=50815 frames_rx=50868
[RTX-GST] VIDEO frames_rx=50871 fps=24.9 assoc_ok=45822 assoc_miss=3031 ctrl_sent=45822 infer_avg=0.08ms
[RTX-GST] RTP_RX pkts=214530 meta=50822 frames_rx=50875
[RTX-GST] RTP_RX pkts=214560 meta=50830 frames_rx=50883
[RTX-GST] RTP_RX pkts=214590 meta=50838 frames_rx=50891
[RTX-GST] RTP_RX pkts=214620 meta=50845 frames_rx=50898
[RTX-GST] RTP_RX pkts=214650 meta=50851 frames_rx=50904
[RTX-GST] VIDEO frames_rx=50905 fps=24.9 assoc_ok=45844 assoc_miss=3034 ctrl_sent=45844 infer_avg=0.14ms
[RTX-GST] RTP_RX pkts=214680 meta=50858 frames_rx=50911
[RTX-GST] RTP_RX pkts=214710 meta=50866 frames_rx=50919
[RTX-GST] RTP_RX pkts=214740 meta=50873 frames_rx=50926
[RTX-GST] RTP_RX pkts=214770 meta=50879 frames_rx=50932
[RTX-GST] VIDEO frames_rx=50936 fps=24.9 assoc_ok=45871 assoc_miss=3037 ctrl_sent=45871 infer_avg=0.10ms
[RTX-GST] RTP_RX pkts=214800 meta=50887 frames_rx=50940
[RTX-GST] RTP_RX pkts=214830 meta=50894 frames_rx=50947
[RTX-GST] RTP_RX pkts=214860 meta=50902 frames_rx=50955
[RTX-GST] RTP_RX pkts=214890 meta=50908 frames_rx=50960
[RTX-GST] SAVED n=45900 dropped=0 recv2save_p50=0.95ms recv2save_p95=1.40ms
[RTX-GST] VIDEO frames_rx=50967 fps=24.9 assoc_ok=45902 assoc_miss=3037 ctrl_sent=45902 infer_avg=0.07ms
[RTX-GST] RTP_RX pkts=214920 meta=50915 frames_rx=50968
[RTX-GST] RTP_RX pkts=214950 meta=50922 frames_rx=50975
[RTX-GST] RTP_RX pkts=214980 meta=50930 frames_rx=50983
[RTX-GST] RTP_RX pkts=215010 meta=50936 frames_rx=50989
[RTX-GST] RTP_RX pkts=215040 meta=50943 frames_rx=50996
[RTX-GST] VIDEO frames_rx=50998 fps=24.9 assoc_ok=45929 assoc_miss=3041 ctrl_sent=45929 infer_avg=0.08ms
[RTX-GST] RTP_RX pkts=215070 meta=50951 frames_rx=51004
[RTX-GST] RTP_RX pkts=215100 meta=50958 frames_rx=51011
[RTX-GST] RTP_RX pkts=215130 meta=50965 frames_rx=51018
[RTX-GST] RTP_RX pkts=215160 meta=50971 frames_rx=51024
[RTX-GST] VIDEO frames_rx=51030 fps=24.9 assoc_ok=45953 assoc_miss=3043 ctrl_sent=45953 infer_avg=0.07ms
[RTX-GST] RTP_RX pkts=215190 meta=50979 frames_rx=51032
[RTX-GST] RTP_RX pkts=215220 meta=50986 frames_rx=51039
[RTX-GST] RTP_RX pkts=215250 meta=50994 frames_rx=51047
[RTX-GST] RTP_RX pkts=215280 meta=51000 frames_rx=51053
[RTX-GST] VIDEO frames_rx=51059 fps=24.9 assoc_ok=45980 assoc_miss=3044 ctrl_sent=45980 infer_avg=0.09ms
[RTX-GST] RTP_RX pkts=215310 meta=51007 frames_rx=51060
[RTX-GST] RTP_RX pkts=215340 meta=51015 frames_rx=51068
[RTX-GST] RTP_RX pkts=215370 meta=51022 frames_rx=51075
[RTX-GST] SAVED n=46000 dropped=0 recv2save_p50=0.95ms recv2save_p95=1.45ms
[RTX-GST] RTP_RX pkts=215400 meta=51028 frames_rx=51081
[RTX-GST] RTP_RX pkts=215430 meta=51035 frames_rx=51088
[RTX-GST] VIDEO frames_rx=51090 fps=24.9 assoc_ok=46008 assoc_miss=3047 ctrl_sent=46008 infer_avg=0.11ms
[RTX-GST] RTP_RX pkts=215460 meta=51043 frames_rx=51096
[RTX-GST] RTP_RX pkts=215490 meta=51050 frames_rx=51103
[RTX-GST] RTP_RX pkts=215520 meta=51056 frames_rx=51109
[RTX-GST] RTP_RX pkts=215550 meta=51063 frames_rx=51117
[RTX-GST] VIDEO frames_rx=51121 fps=24.9 assoc_ok=46037 assoc_miss=3047 ctrl_sent=46037 infer_avg=0.08ms
[RTX-GST] RTP_RX pkts=215580 meta=51071 frames_rx=51124
[RTX-GST] RTP_RX pkts=215610 meta=51079 frames_rx=51132
[RTX-GST] RTP_RX pkts=215640 meta=51085 frames_rx=51138
[RTX-GST] RTP_RX pkts=215670 meta=51092 frames_rx=51145
[RTX-GST] VIDEO frames_rx=51151 fps=24.9 assoc_ok=46066 assoc_miss=3049 ctrl_sent=46066 infer_avg=0.07ms
[RTX-GST] RTP_RX pkts=215700 meta=51099 frames_rx=51152
[RTX-GST] RTP_RX pkts=215730 meta=51107 frames_rx=51160
[RTX-GST] RTP_RX pkts=215760 meta=51114 frames_rx=51167
[RTX-GST] RTP_RX pkts=215790 meta=51120 frames_rx=51173
[RTX-GST] VIDEO frames_rx=51181 fps=24.9 assoc_ok=46095 assoc_miss=3050 ctrl_sent=46095 infer_avg=0.06ms
[RTX-GST] RTP_RX pkts=215820 meta=51128 frames_rx=51181
[RTX-GST] SAVED n=46100 dropped=0 recv2save_p50=1.00ms recv2save_p95=1.45ms
[RTX-GST] RTP_RX pkts=215850 meta=51135 frames_rx=51188
[RTX-GST] RTP_RX pkts=215880 meta=51143 frames_rx=51196
[RTX-GST] RTP_RX pkts=215910 meta=51148 frames_rx=51201
[RTX-GST] RTP_RX pkts=215940 meta=51156 frames_rx=51209
[RTX-GST] VIDEO frames_rx=51212 fps=24.9 assoc_ok=46123 assoc_miss=3051 ctrl_sent=46123 infer_avg=0.06ms
[RTX-GST] RTP_RX pkts=215970 meta=51163 frames_rx=51216
[RTX-GST] RTP_RX pkts=216000 meta=51171 frames_rx=51224
[RTX-GST] RTP_RX pkts=216030 meta=51177 frames_rx=51230
[RTX-GST] RTP_RX pkts=216060 meta=51184 frames_rx=51237
[RTX-GST] VIDEO frames_rx=51242 fps=24.9 assoc_ok=46153 assoc_miss=3051 ctrl_sent=46153 infer_avg=0.07ms
[RTX-GST] RTP_RX pkts=216090 meta=51192 frames_rx=51245
[RTX-GST] RTP_RX pkts=216120 meta=51199 frames_rx=51252
[RTX-GST] RTP_RX pkts=216150 meta=51205 frames_rx=51258
[RTX-GST] RTP_RX pkts=216180 meta=51212 frames_rx=51265
[RTX-GST] VIDEO frames_rx=51272 fps=24.9 assoc_ok=46177 assoc_miss=3052 ctrl_sent=46177 infer_avg=0.10ms
[RTX-GST] RTP_RX pkts=216210 meta=51220 frames_rx=51273
[RTX-GST] RTP_RX pkts=216240 meta=51227 frames_rx=51280
[RTX-GST] RTP_RX pkts=216270 meta=51235 frames_rx=51288
[RTX-GST] RTP_RX pkts=216300 meta=51241 frames_rx=51294
[RTX-GST] SAVED n=46200 dropped=0 recv2save_p50=1.00ms recv2save_p95=1.45ms
[RTX-GST] RTP_RX pkts=216330 meta=51248 frames_rx=51301
[RTX-GST] VIDEO frames_rx=51303 fps=24.9 assoc_ok=46206 assoc_miss=3054 ctrl_sent=46206 infer_avg=0.09ms
[RTX-GST] RTP_RX pkts=216360 meta=51256 frames_rx=51309
[RTX-GST] RTP_RX pkts=216390 meta=51263 frames_rx=51316
[RTX-GST] RTP_RX pkts=216420 meta=51269 frames_rx=51322
[RTX-GST] RTP_RX pkts=216450 meta=51276 frames_rx=51329
[RTX-GST] VIDEO frames_rx=51334 fps=24.9 assoc_ok=46236 assoc_miss=3055 ctrl_sent=46236 infer_avg=0.07ms
[RTX-GST] RTP_RX pkts=216480 meta=51284 frames_rx=51337
[RTX-GST] RTP_RX pkts=216510 meta=51291 frames_rx=51344
[RTX-GST] RTP_RX pkts=216540 meta=51296 frames_rx=51350
[RTX-GST] RTP_RX pkts=216570 meta=51304 frames_rx=51358
[RTX-GST] VIDEO frames_rx=51364 fps=24.9 assoc_ok=46256 assoc_miss=3056 ctrl_sent=46256 infer_avg=0.08ms
[RTX-GST] RTP_RX pkts=216600 meta=51311 frames_rx=51365
[RTX-GST] RTP_RX pkts=216630 meta=51319 frames_rx=51373
[RTX-GST] RTP_RX pkts=216660 meta=51324 frames_rx=51378
[RTX-GST] RTP_RX pkts=216690 meta=51332 frames_rx=51386
[RTX-GST] RTP_RX pkts=216720 meta=51339 frames_rx=51393
[RTX-GST] VIDEO frames_rx=51394 fps=24.9 assoc_ok=46284 assoc_miss=3058 ctrl_sent=46284 infer_avg=0.07ms
[RTX-GST] RTP_RX pkts=216750 meta=51346 frames_rx=51401
[RTX-GST] RTP_RX pkts=216780 meta=51353 frames_rx=51408
[RTX-GST] SAVED n=46300 dropped=0 recv2save_p50=0.99ms recv2save_p95=1.45ms
[RTX-GST] RTP_RX pkts=216810 meta=51359 frames_rx=51414
[RTX-GST] RTP_RX pkts=216840 meta=51367 frames_rx=51422
[RTX-GST] VIDEO frames_rx=51424 fps=24.9 assoc_ok=46310 assoc_miss=3062 ctrl_sent=46310 infer_avg=0.08ms
[RTX-GST] RTP_RX pkts=216870 meta=51374 frames_rx=51429
[RTX-GST] RTP_RX pkts=216900 meta=51382 frames_rx=51437
[RTX-GST] RTP_RX pkts=216930 meta=51387 frames_rx=51442
[RTX-GST] RTP_RX pkts=216960 meta=51395 frames_rx=51450
[RTX-GST] VIDEO frames_rx=51456 fps=24.9 assoc_ok=46341 assoc_miss=3062 ctrl_sent=46341 infer_avg=0.07ms
[RTX-GST] RTP_RX pkts=216990 meta=51402 frames_rx=51457
[RTX-GST] RTP_RX pkts=217020 meta=51410 frames_rx=51465
[RTX-GST] RTP_RX pkts=217050 meta=51416 frames_rx=51471
[RTX-GST] RTP_RX pkts=217080 meta=51423 frames_rx=51478
[RTX-GST] RTP_RX pkts=217110 meta=51431 frames_rx=51486
[RTX-GST] VIDEO frames_rx=51486 fps=24.9 assoc_ok=46370 assoc_miss=3063 ctrl_sent=46370 infer_avg=0.13ms
[RTX-GST] RTP_RX pkts=217140 meta=51438 frames_rx=51493
[RTX-GST] RTP_RX pkts=217170 meta=51444 frames_rx=51499
[RTX-GST] RTP_RX pkts=217200 meta=51451 frames_rx=51506
[RTX-GST] RTP_RX pkts=217230 meta=51459 frames_rx=51514
[RTX-GST] VIDEO frames_rx=51519 fps=24.9 assoc_ok=46398 assoc_miss=3066 ctrl_sent=46398 infer_avg=0.10ms
[RTX-GST] SAVED n=46400 dropped=0 recv2save_p50=0.99ms recv2save_p95=1.42ms
[RTX-GST] RTP_RX pkts=217260 meta=51466 frames_rx=51521
[RTX-GST] RTP_RX pkts=217290 meta=51473 frames_rx=51528
[RTX-GST] RTP_RX pkts=217320 meta=51480 frames_rx=51535
[RTX-GST] RTP_RX pkts=217350 meta=51487 frames_rx=51542
[RTX-GST] VIDEO frames_rx=51550 fps=24.9 assoc_ok=46429 assoc_miss=3066 ctrl_sent=46429 infer_avg=0.05ms
[RTX-GST] RTP_RX pkts=217380 meta=51495 frames_rx=51550
[RTX-GST] RTP_RX pkts=217410 meta=51502 frames_rx=51557
[RTX-GST] RTP_RX pkts=217440 meta=51508 frames_rx=51563
[RTX-GST] RTP_RX pkts=217470 meta=51515 frames_rx=51570
[RTX-GST] RTP_RX pkts=217500 meta=51523 frames_rx=51578
[RTX-GST] VIDEO frames_rx=51580 fps=24.9 assoc_ok=46458 assoc_miss=3067 ctrl_sent=46458 infer_avg=0.08ms
[RTX-GST] RTP_RX pkts=217530 meta=51530 frames_rx=51585
[RTX-GST] RTP_RX pkts=217560 meta=51536 frames_rx=51591
[RTX-GST] RTP_RX pkts=217590 meta=51544 frames_rx=51599
[RTX-GST] RTP_RX pkts=217620 meta=51551 frames_rx=51606
[RTX-GST] VIDEO frames_rx=51612 fps=24.9 assoc_ok=46488 assoc_miss=3069 ctrl_sent=46488 infer_avg=0.07ms
[RTX-GST] RTP_RX pkts=217650 meta=51559 frames_rx=51614
[RTX-GST] RTP_RX pkts=217680 meta=51564 frames_rx=51619
[RTX-GST] SAVED n=46500 dropped=0 recv2save_p50=0.98ms recv2save_p95=1.36ms
[RTX-GST] RTP_RX pkts=217710 meta=51572 frames_rx=51627
[RTX-GST] RTP_RX pkts=217740 meta=51579 frames_rx=51634
[RTX-GST] RTP_RX pkts=217770 meta=51587 frames_rx=51642
[RTX-GST] VIDEO frames_rx=51643 fps=24.9 assoc_ok=46518 assoc_miss=3070 ctrl_sent=46518 infer_avg=0.07ms
[RTX-GST] RTP_RX pkts=217800 meta=51593 frames_rx=51648
[RTX-GST] RTP_RX pkts=217830 meta=51599 frames_rx=51655
[RTX-GST] RTP_RX pkts=217860 meta=51607 frames_rx=51663
[RTX-GST] RTP_RX pkts=217890 meta=51614 frames_rx=51670
[RTX-GST] VIDEO frames_rx=51674 fps=24.9 assoc_ok=46539 assoc_miss=3070 ctrl_sent=46539 infer_avg=0.08ms
[RTX-GST] RTP_RX pkts=217920 meta=51621 frames_rx=51678
[RTX-GST] RTP_RX pkts=217950 meta=51627 frames_rx=51683
[RTX-GST] RTP_RX pkts=217980 meta=51635 frames_rx=51691
[RTX-GST] RTP_RX pkts=218010 meta=51642 frames_rx=51698
[RTX-GST] VIDEO frames_rx=51704 fps=24.9 assoc_ok=46568 assoc_miss=3071 ctrl_sent=46568 infer_avg=0.07ms
[RTX-GST] RTP_RX pkts=218040 meta=51650 frames_rx=51706
[RTX-GST] RTP_RX pkts=218070 meta=51656 frames_rx=51712
[RTX-GST] RTP_RX pkts=218100 meta=51663 frames_rx=51719
[RTX-GST] RTP_RX pkts=218130 meta=51671 frames_rx=51727
[RTX-GST] RTP_RX pkts=218160 meta=51678 frames_rx=51734
[RTX-GST] VIDEO frames_rx=51735 fps=24.9 assoc_ok=46599 assoc_miss=3071 ctrl_sent=46599 infer_avg=0.08ms
[RTX-GST] SAVED n=46600 dropped=0 recv2save_p50=0.96ms recv2save_p95=1.38ms
[RTX-GST] RTP_RX pkts=218190 meta=51684 frames_rx=51740
[RTX-GST] RTP_RX pkts=218220 meta=51691 frames_rx=51747
[RTX-GST] RTP_RX pkts=218250 meta=51699 frames_rx=51755
[RTX-GST] RTP_RX pkts=218280 meta=51706 frames_rx=51762
[RTX-GST] VIDEO frames_rx=51767 fps=24.9 assoc_ok=46615 assoc_miss=3072 ctrl_sent=46615 infer_avg=0.07ms
[RTX-GST] RTP_RX pkts=218310 meta=51712 frames_rx=51768
[RTX-GST] RTP_RX pkts=218340 meta=51720 frames_rx=51776
[RTX-GST] RTP_RX pkts=218370 meta=51727 frames_rx=51783
[RTX-GST] RTP_RX pkts=218400 meta=51735 frames_rx=51791
[RTX-GST] VIDEO frames_rx=51798 fps=25.0 assoc_ok=46645 assoc_miss=3073 ctrl_sent=46645 infer_avg=0.08ms
[RTX-GST] RTP_RX pkts=218430 meta=51742 frames_rx=51798
[RTX-GST] RTP_RX pkts=218460 meta=51748 frames_rx=51804
[RTX-GST] RTP_RX pkts=218490 meta=51755 frames_rx=51812
[RTX-GST] RTP_RX pkts=218520 meta=51763 frames_rx=51819
[RTX-GST] RTP_RX pkts=218550 meta=51770 frames_rx=51826
[RTX-GST] VIDEO frames_rx=51829 fps=25.0 assoc_ok=46674 assoc_miss=3075 ctrl_sent=46674 infer_avg=0.12ms
[RTX-GST] RTP_RX pkts=218580 meta=51776 frames_rx=51832
[RTX-GST] RTP_RX pkts=218610 meta=51784 frames_rx=51840
[RTX-GST] RTP_RX pkts=218640 meta=51791 frames_rx=51847
[RTX-GST] RTP_RX pkts=218670 meta=51799 frames_rx=51855
[RTX-GST] SAVED n=46700 dropped=0 recv2save_p50=0.98ms recv2save_p95=1.47ms
[RTX-GST] VIDEO frames_rx=51859 fps=25.0 assoc_ok=46701 assoc_miss=3075 ctrl_sent=46701 infer_avg=0.10ms
[RTX-GST] RTP_RX pkts=218700 meta=51804 frames_rx=51860
[RTX-GST] RTP_RX pkts=218730 meta=51812 frames_rx=51868
[RTX-GST] RTP_RX pkts=218760 meta=51819 frames_rx=51875
[RTX-GST] RTP_RX pkts=218790 meta=51827 frames_rx=51883
[RTX-GST] RTP_RX pkts=218820 meta=51833 frames_rx=51889
[RTX-GST] RTP_RX pkts=218850 meta=51840 frames_rx=51896
[RTX-GST] VIDEO frames_rx=51900 fps=25.0 assoc_ok=46731 assoc_miss=3078 ctrl_sent=46731 infer_avg=0.09ms
[RTX-GST] RTP_RX pkts=218880 meta=51848 frames_rx=51904
[RTX-GST] RTP_RX pkts=218910 meta=51855 frames_rx=51911
[RTX-GST] RTP_RX pkts=218940 meta=51862 frames_rx=51918
[RTX-GST] RTP_RX pkts=218970 meta=51868 frames_rx=51924
[RTX-GST] RTP_RX pkts=219000 meta=51876 frames_rx=51932
[RTX-GST] VIDEO frames_rx=51935 fps=25.0 assoc_ok=46767 assoc_miss=3079 ctrl_sent=46767 infer_avg=0.06ms
[RTX-GST] RTP_RX pkts=219030 meta=51883 frames_rx=51939
[RTX-GST] RTP_RX pkts=219060 meta=51891 frames_rx=51947
[RTX-GST] RTP_RX pkts=219090 meta=51897 frames_rx=51953
[RTX-GST] RTP_RX pkts=219120 meta=51904 frames_rx=51960
[RTX-GST] VIDEO frames_rx=51966 fps=25.0 assoc_ok=46797 assoc_miss=3080 ctrl_sent=46797 infer_avg=0.08ms
[RTX-GST] RTP_RX pkts=219150 meta=51912 frames_rx=51968
[RTX-GST] SAVED n=46800 dropped=0 recv2save_p50=1.00ms recv2save_p95=1.49ms
[RTX-GST] RTP_RX pkts=219180 meta=51919 frames_rx=51975
[RTX-GST] RTP_RX pkts=219210 meta=51925 frames_rx=51981
[RTX-GST] RTP_RX pkts=219240 meta=51932 frames_rx=51989
[RTX-GST] RTP_RX pkts=219270 meta=51940 frames_rx=51996
[RTX-GST] VIDEO frames_rx=51997 fps=25.0 assoc_ok=46828 assoc_miss=3080 ctrl_sent=46828 infer_avg=0.06ms
[RTX-GST] RTP_RX pkts=219300 meta=51947 frames_rx=52003
[RTX-GST] RTP_RX pkts=219330 meta=51953 frames_rx=52009
[RTX-GST] RTP_RX pkts=219360 meta=51961 frames_rx=52017
[RTX-GST] RTP_RX pkts=219390 meta=51968 frames_rx=52024
[RTX-GST] VIDEO frames_rx=52030 fps=25.0 assoc_ok=46851 assoc_miss=3081 ctrl_sent=46851 infer_avg=0.07ms
[RTX-GST] RTP_RX pkts=219420 meta=51976 frames_rx=52032
[RTX-GST] RTP_RX pkts=219450 meta=51982 frames_rx=52038
[RTX-GST] RTP_RX pkts=219480 meta=51989 frames_rx=52045
[RTX-GST] RTP_RX pkts=219510 meta=51996 frames_rx=52052
[RTX-GST] RTP_RX pkts=219540 meta=52004 frames_rx=52060
[RTX-GST] VIDEO frames_rx=52062 fps=25.0 assoc_ok=46875 assoc_miss=3082 ctrl_sent=46875 infer_avg=0.12ms
[RTX-GST] RTP_RX pkts=219570 meta=52010 frames_rx=52067
[RTX-GST] RTP_RX pkts=219600 meta=52017 frames_rx=52073
[RTX-GST] RTP_RX pkts=219630 meta=52024 frames_rx=52080
[RTX-GST] RTP_RX pkts=219660 meta=52032 frames_rx=52087
[RTX-GST] SAVED n=46900 dropped=0 recv2save_p50=0.99ms recv2save_p95=1.50ms
[RTX-GST] VIDEO frames_rx=52091 fps=25.0 assoc_ok=46901 assoc_miss=3085 ctrl_sent=46901 infer_avg=0.08ms
[RTX-GST] RTP_RX pkts=219690 meta=52040 frames_rx=52093
[RTX-GST] RTP_RX pkts=219720 meta=52047 frames_rx=52099
[RTX-GST] RTP_RX pkts=219750 meta=52054 frames_rx=52106
[RTX-GST] RTP_RX pkts=219780 meta=52062 frames_rx=52114
[RTX-GST] VIDEO frames_rx=52120 fps=25.0 assoc_ok=46921 assoc_miss=3085 ctrl_sent=46921 infer_avg=0.08ms
[RTX-GST] RTP_RX pkts=219810 meta=52069 frames_rx=52121
[RTX-GST] RTP_RX pkts=219840 meta=52075 frames_rx=52127
[RTX-GST] RTP_RX pkts=219870 meta=52083 frames_rx=52135
[RTX-GST] RTP_RX pkts=219900 meta=52090 frames_rx=52142
[RTX-GST] VIDEO frames_rx=52150 fps=25.0 assoc_ok=46950 assoc_miss=3086 ctrl_sent=46950 infer_avg=0.08ms
[RTX-GST] RTP_RX pkts=219930 meta=52098 frames_rx=52150
[RTX-GST] RTP_RX pkts=219960 meta=52103 frames_rx=52155
[RTX-GST] RTP_RX pkts=219990 meta=52111 frames_rx=52163
[RTX-GST] RTP_RX pkts=220020 meta=52118 frames_rx=52170
[RTX-GST] RTP_RX pkts=220050 meta=52126 frames_rx=52178
[RTX-GST] VIDEO frames_rx=52181 fps=25.0 assoc_ok=46980 assoc_miss=3087 ctrl_sent=46980 infer_avg=0.12ms
[RTX-GST] RTP_RX pkts=220080 meta=52132 frames_rx=52184
[RTX-GST] RTP_RX pkts=220110 meta=52139 frames_rx=52191
[RTX-GST] RTP_RX pkts=220140 meta=52147 frames_rx=52199
[RTX-GST] SAVED n=47000 dropped=0 recv2save_p50=1.01ms recv2save_p95=1.51ms
[RTX-GST] RTP_RX pkts=220170 meta=52154 frames_rx=52206
[RTX-GST] VIDEO frames_rx=52211 fps=25.0 assoc_ok=47009 assoc_miss=3088 ctrl_sent=47009 infer_avg=0.08ms
[RTX-GST] RTP_RX pkts=220200 meta=52160 frames_rx=52212
[RTX-GST] RTP_RX pkts=220230 meta=52167 frames_rx=52219
[RTX-GST] RTP_RX pkts=220260 meta=52175 frames_rx=52227
[RTX-GST] RTP_RX pkts=220290 meta=52182 frames_rx=52234
[RTX-GST] RTP_RX pkts=220320 meta=52189 frames_rx=52241
[RTX-GST] VIDEO frames_rx=52242 fps=25.0 assoc_ok=47039 assoc_miss=3089 ctrl_sent=47039 infer_avg=0.08ms
[RTX-GST] RTP_RX pkts=220350 meta=52196 frames_rx=52248
[RTX-GST] RTP_RX pkts=220380 meta=52203 frames_rx=52255
[RTX-GST] RTP_RX pkts=220410 meta=52211 frames_rx=52263
[RTX-GST] RTP_RX pkts=220440 meta=52218 frames_rx=52270
[RTX-GST] VIDEO frames_rx=52273 fps=25.0 assoc_ok=47066 assoc_miss=3090 ctrl_sent=47066 infer_avg=0.10ms
[RTX-GST] RTP_RX pkts=220470 meta=52224 frames_rx=52276
[RTX-GST] RTP_RX pkts=220500 meta=52232 frames_rx=52284
[RTX-GST] RTP_RX pkts=220530 meta=52239 frames_rx=52291
[RTX-GST] RTP_RX pkts=220560 meta=52247 frames_rx=52299
[RTX-GST] VIDEO frames_rx=52302 fps=25.0 assoc_ok=47095 assoc_miss=3090 ctrl_sent=47095 infer_avg=0.06ms
[RTX-GST] RTP_RX pkts=220590 meta=52252 frames_rx=52304
[RTX-GST] SAVED n=47100 dropped=0 recv2save_p50=1.00ms recv2save_p95=1.51ms
[RTX-GST] RTP_RX pkts=220620 meta=52260 frames_rx=52312
[RTX-GST] RTP_RX pkts=220650 meta=52267 frames_rx=52319
[RTX-GST] RTP_RX pkts=220680 meta=52275 frames_rx=52327
[RTX-GST] RTP_RX pkts=220710 meta=52281 frames_rx=52333
[RTX-GST] VIDEO frames_rx=52337 fps=25.0 assoc_ok=47130 assoc_miss=3090 ctrl_sent=47130 infer_avg=0.07ms
[RTX-GST] RTP_RX pkts=220740 meta=52288 frames_rx=52340
[RTX-GST] RTP_RX pkts=220770 meta=52296 frames_rx=52348
[RTX-GST] RTP_RX pkts=220800 meta=52303 frames_rx=52355
[RTX-GST] RTP_RX pkts=220830 meta=52309 frames_rx=52361
[RTX-GST] RTP_RX pkts=220860 meta=52316 frames_rx=52368
[RTX-GST] VIDEO frames_rx=52369 fps=25.0 assoc_ok=47161 assoc_miss=3091 ctrl_sent=47161 infer_avg=0.06ms
[RTX-GST] RTP_RX pkts=220890 meta=52324 frames_rx=52376
[RTX-GST] RTP_RX pkts=220920 meta=52331 frames_rx=52384
[RTX-GST] RTP_RX pkts=220950 meta=52339 frames_rx=52391
[RTX-GST] RTP_RX pkts=220980 meta=52345 frames_rx=52397
[RTX-GST] VIDEO frames_rx=52400 fps=25.0 assoc_ok=47191 assoc_miss=3092 ctrl_sent=47191 infer_avg=0.06ms
[RTX-GST] RTP_RX pkts=221010 meta=52352 frames_rx=52404
[RTX-GST] SAVED n=47200 dropped=0 recv2save_p50=0.99ms recv2save_p95=1.47ms
[RTX-GST] RTP_RX pkts=221040 meta=52360 frames_rx=52412
[RTX-GST] RTP_RX pkts=221070 meta=52367 frames_rx=52419
[RTX-GST] RTP_RX pkts=221100 meta=52373 frames_rx=52425
[RTX-GST] VIDEO frames_rx=52432 fps=25.0 assoc_ok=47221 assoc_miss=3094 ctrl_sent=47221 infer_avg=0.08ms
[RTX-GST] RTP_RX pkts=221130 meta=52380 frames_rx=52432
[RTX-GST] RTP_RX pkts=221160 meta=52388 frames_rx=52440
[RTX-GST] RTP_RX pkts=221190 meta=52395 frames_rx=52448
[RTX-GST] RTP_RX pkts=221220 meta=52401 frames_rx=52453
[RTX-GST] RTP_RX pkts=221250 meta=52409 frames_rx=52461
[RTX-GST] VIDEO frames_rx=52463 fps=25.0 assoc_ok=47251 assoc_miss=3095 ctrl_sent=47251 infer_avg=0.05ms
[RTX-GST] RTP_RX pkts=221280 meta=52416 frames_rx=52468
[RTX-GST] RTP_RX pkts=221310 meta=52424 frames_rx=52476
[RTX-GST] RTP_RX pkts=221340 meta=52429 frames_rx=52481
[RTX-GST] RTP_RX pkts=221370 meta=52437 frames_rx=52489
[RTX-GST] VIDEO frames_rx=52494 fps=25.0 assoc_ok=47282 assoc_miss=3095 ctrl_sent=47282 infer_avg=0.07ms
[RTX-GST] RTP_RX pkts=221400 meta=52444 frames_rx=52496
[RTX-GST] RTP_RX pkts=221430 meta=52452 frames_rx=52504
[RTX-GST] RTP_RX pkts=221460 meta=52459 frames_rx=52511
[RTX-GST] SAVED n=47300 dropped=0 recv2save_p50=0.99ms recv2save_p95=1.43ms
[RTX-GST] RTP_RX pkts=221490 meta=52465 frames_rx=52517
[RTX-GST] VIDEO frames_rx=52525 fps=25.0 assoc_ok=47313 assoc_miss=3095 ctrl_sent=47313 infer_avg=0.08ms
[RTX-GST] RTP_RX pkts=221520 meta=52473 frames_rx=52525
[RTX-GST] RTP_RX pkts=221550 meta=52480 frames_rx=52532
[RTX-GST] RTP_RX pkts=221580 meta=52488 frames_rx=52540
[RTX-GST] RTP_RX pkts=221610 meta=52493 frames_rx=52545
[RTX-GST] RTP_RX pkts=221640 meta=52501 frames_rx=52553
[RTX-GST] VIDEO frames_rx=52555 fps=25.0 assoc_ok=47343 assoc_miss=3095 ctrl_sent=47343 infer_avg=0.13ms
[RTX-GST] RTP_RX pkts=221670 meta=52508 frames_rx=52560
[RTX-GST] RTP_RX pkts=221700 meta=52516 frames_rx=52568
[RTX-GST] RTP_RX pkts=221730 meta=52522 frames_rx=52574
[RTX-GST] RTP_RX pkts=221760 meta=52529 frames_rx=52581
[RTX-GST] VIDEO frames_rx=52582 fps=25.0 assoc_ok=47370 assoc_miss=3095 ctrl_sent=47370 infer_avg=0.08ms
[RTX-GST] RTP_RX pkts=221790 meta=52537 frames_rx=52589
[RTX-GST] RTP_RX pkts=221820 meta=52544 frames_rx=52596
[RTX-GST] RTP_RX pkts=221850 meta=52550 frames_rx=52602
[RTX-GST] RTP_RX pkts=221880 meta=52557 frames_rx=52609
[RTX-GST] SAVED n=47400 dropped=0 recv2save_p50=0.99ms recv2save_p95=1.43ms
[RTX-GST] VIDEO frames_rx=52616 fps=25.0 assoc_ok=47404 assoc_miss=3095 ctrl_sent=47404 infer_avg=0.08ms
[RTX-GST] RTP_RX pkts=221910 meta=52565 frames_rx=52617
[RTX-GST] RTP_RX pkts=221940 meta=52572 frames_rx=52624
[RTX-GST] RTP_RX pkts=221970 meta=52579 frames_rx=52631
[RTX-GST] RTP_RX pkts=222000 meta=52586 frames_rx=52638
[RTX-GST] RTP_RX pkts=222030 meta=52593 frames_rx=52645
[RTX-GST] VIDEO frames_rx=52647 fps=25.0 assoc_ok=47432 assoc_miss=3095 ctrl_sent=47432 infer_avg=0.07ms
[RTX-GST] RTP_RX pkts=222060 meta=52601 frames_rx=52653
[RTX-GST] RTP_RX pkts=222090 meta=52608 frames_rx=52660
[RTX-GST] RTP_RX pkts=222120 meta=52614 frames_rx=52666
[RTX-GST] RTP_RX pkts=222150 meta=52621 frames_rx=52673
[RTX-GST] VIDEO frames_rx=52677 fps=25.0 assoc_ok=47460 assoc_miss=3097 ctrl_sent=47460 infer_avg=0.06ms
[RTX-GST] RTP_RX pkts=222180 meta=52629 frames_rx=52681
[RTX-GST] RTP_RX pkts=222210 meta=52636 frames_rx=52688
[RTX-GST] RTP_RX pkts=222240 meta=52642 frames_rx=52694
[RTX-GST] RTP_RX pkts=222270 meta=52650 frames_rx=52702
[RTX-GST] VIDEO frames_rx=52707 fps=25.0 assoc_ok=47490 assoc_miss=3097 ctrl_sent=47490 infer_avg=0.06ms
[RTX-GST] RTP_RX pkts=222300 meta=52657 frames_rx=52709
[RTX-GST] RTP_RX pkts=222330 meta=52665 frames_rx=52717
[RTX-GST] SAVED n=47500 dropped=0 recv2save_p50=0.98ms recv2save_p95=1.42ms
[RTX-GST] RTP_RX pkts=222360 meta=52670 frames_rx=52722
[RTX-GST] RTP_RX pkts=222390 meta=52678 frames_rx=52730
[RTX-GST] RTP_RX pkts=222420 meta=52685 frames_rx=52737
[RTX-GST] VIDEO frames_rx=52738 fps=25.0 assoc_ok=47521 assoc_miss=3097 ctrl_sent=47521 infer_avg=0.07ms
[RTX-GST] RTP_RX pkts=222450 meta=52693 frames_rx=52745
[RTX-GST] RTP_RX pkts=222480 meta=52699 frames_rx=52751
[RTX-GST] RTP_RX pkts=222510 meta=52706 frames_rx=52758
[RTX-GST] RTP_RX pkts=222540 meta=52714 frames_rx=52766
[RTX-GST] VIDEO frames_rx=52769 fps=25.0 assoc_ok=47550 assoc_miss=3099 ctrl_sent=47550 infer_avg=0.07ms
[RTX-GST] RTP_RX pkts=222570 meta=52721 frames_rx=52773
[RTX-GST] RTP_RX pkts=222600 meta=52729 frames_rx=52781
[RTX-GST] RTP_RX pkts=222630 meta=52734 frames_rx=52786
[RTX-GST] RTP_RX pkts=222660 meta=52742 frames_rx=52794
[RTX-GST] VIDEO frames_rx=52795 fps=25.0 assoc_ok=47570 assoc_miss=3100 ctrl_sent=47570 infer_avg=0.09ms
[RTX-GST] RTP_RX pkts=222690 meta=52749 frames_rx=52801
[RTX-GST] RTP_RX pkts=222720 meta=52757 frames_rx=52809
[RTX-GST] RTP_RX pkts=222750 meta=52763 frames_rx=52815
[RTX-GST] RTP_RX pkts=222780 meta=52770 frames_rx=52822
[RTX-GST] SAVED n=47600 dropped=0 recv2save_p50=0.97ms recv2save_p95=1.38ms
[RTX-GST] RTP_RX pkts=222810 meta=52778 frames_rx=52830
[RTX-GST] VIDEO frames_rx=52832 fps=25.0 assoc_ok=47608 assoc_miss=3101 ctrl_sent=47608 infer_avg=0.06ms
[RTX-GST] RTP_RX pkts=222840 meta=52785 frames_rx=52837
[RTX-GST] RTP_RX pkts=222870 meta=52790 frames_rx=52843
[RTX-GST] RTP_RX pkts=222900 meta=52797 frames_rx=52850
[RTX-GST] RTP_RX pkts=222930 meta=52805 frames_rx=52858
[RTX-GST] VIDEO frames_rx=52862 fps=25.0 assoc_ok=47637 assoc_miss=3102 ctrl_sent=47637 infer_avg=0.07ms
[RTX-GST] RTP_RX pkts=222960 meta=52813 frames_rx=52866
[RTX-GST] RTP_RX pkts=222990 meta=52819 frames_rx=52872
[RTX-GST] RTP_RX pkts=223020 meta=52827 frames_rx=52880
[RTX-GST] RTP_RX pkts=223050 meta=52835 frames_rx=52888
[RTX-GST] VIDEO frames_rx=52892 fps=25.0 assoc_ok=47666 assoc_miss=3103 ctrl_sent=47666 infer_avg=0.07ms
[RTX-GST] RTP_RX pkts=223080 meta=52842 frames_rx=52895
[RTX-GST] RTP_RX pkts=223110 meta=52849 frames_rx=52902
[RTX-GST] RTP_RX pkts=223140 meta=52857 frames_rx=52910
[RTX-GST] RTP_RX pkts=223170 meta=52864 frames_rx=52917
[RTX-GST] VIDEO frames_rx=52923 fps=25.0 assoc_ok=47697 assoc_miss=3103 ctrl_sent=47697 infer_avg=0.07ms
[RTX-GST] RTP_RX pkts=223200 meta=52872 frames_rx=52925
[RTX-GST] SAVED n=47700 dropped=0 recv2save_p50=0.94ms recv2save_p95=1.38ms
[RTX-GST] RTP_RX pkts=223230 meta=52878 frames_rx=52931
[RTX-GST] RTP_RX pkts=223260 meta=52885 frames_rx=52938
[RTX-GST] RTP_RX pkts=223290 meta=52892 frames_rx=52945
[RTX-GST] RTP_RX pkts=223320 meta=52900 frames_rx=52953
[RTX-GST] VIDEO frames_rx=52954 fps=25.0 assoc_ok=47725 assoc_miss=3106 ctrl_sent=47725 infer_avg=0.07ms
[RTX-GST] RTP_RX pkts=223350 meta=52907 frames_rx=52960
[RTX-GST] RTP_RX pkts=223380 meta=52913 frames_rx=52966
[RTX-GST] RTP_RX pkts=223410 meta=52921 frames_rx=52974
[RTX-GST] RTP_RX pkts=223440 meta=52928 frames_rx=52981
[RTX-GST] VIDEO frames_rx=52985 fps=25.0 assoc_ok=47756 assoc_miss=3106 ctrl_sent=47756 infer_avg=0.06ms
[RTX-GST] RTP_RX pkts=223470 meta=52936 frames_rx=52989
[RTX-GST] RTP_RX pkts=223500 meta=52941 frames_rx=52994
[RTX-GST] RTP_RX pkts=223530 meta=52949 frames_rx=53002
[RTX-GST] RTP_RX pkts=223560 meta=52956 frames_rx=53011
[RTX-GST] RTP_RX pkts=223590 meta=52964 frames_rx=53019
[RTX-GST] VIDEO frames_rx=53023 fps=25.0 assoc_ok=47778 assoc_miss=3107 ctrl_sent=47778 infer_avg=0.08ms
[RTX-GST] RTP_RX pkts=223620 meta=52970 frames_rx=53025
[RTX-GST] RTP_RX pkts=223650 meta=52978 frames_rx=53033
[RTX-GST] RTP_RX pkts=223680 meta=52986 frames_rx=53040
[RTX-GST] SAVED n=47800 dropped=0 recv2save_p50=0.92ms recv2save_p95=1.38ms
[RTX-GST] RTP_RX pkts=223710 meta=52994 frames_rx=53048
[RTX-GST] VIDEO frames_rx=53054 fps=25.0 assoc_ok=47805 assoc_miss=3108 ctrl_sent=47805 infer_avg=0.08ms
[RTX-GST] RTP_RX pkts=223740 meta=53000 frames_rx=53054
[RTX-GST] RTP_RX pkts=223770 meta=53007 frames_rx=53061
[RTX-GST] RTP_RX pkts=223800 meta=53014 frames_rx=53069
[RTX-GST] RTP_RX pkts=223830 meta=53021 frames_rx=53076
[RTX-GST] RTP_RX pkts=223860 meta=53027 frames_rx=53082
[RTX-GST] VIDEO frames_rx=53085 fps=25.1 assoc_ok=47835 assoc_miss=3109 ctrl_sent=47835 infer_avg=0.08ms
[RTX-GST] RTP_RX pkts=223890 meta=53034 frames_rx=53089
[RTX-GST] RTP_RX pkts=223920 meta=53042 frames_rx=53097
[RTX-GST] RTP_RX pkts=223950 meta=53050 frames_rx=53105
[RTX-GST] RTP_RX pkts=223980 meta=53055 frames_rx=53110
[RTX-GST] VIDEO frames_rx=53116 fps=25.1 assoc_ok=47865 assoc_miss=3110 ctrl_sent=47865 infer_avg=0.08ms
[RTX-GST] RTP_RX pkts=224010 meta=53063 frames_rx=53118
[RTX-GST] RTP_RX pkts=224040 meta=53070 frames_rx=53125
[RTX-GST] RTP_RX pkts=224070 meta=53078 frames_rx=53133
[RTX-GST] RTP_RX pkts=224100 meta=53085 frames_rx=53140
[RTX-GST] RTP_RX pkts=224130 meta=53091 frames_rx=53146
[RTX-GST] VIDEO frames_rx=53147 fps=25.1 assoc_ok=47895 assoc_miss=3110 ctrl_sent=47895 infer_avg=0.07ms
[RTX-GST] SAVED n=47900 dropped=0 recv2save_p50=0.92ms recv2save_p95=1.14ms
[RTX-GST] RTP_RX pkts=224160 meta=53099 frames_rx=53154
[RTX-GST] RTP_RX pkts=224190 meta=53107 frames_rx=53162
[RTX-GST] RTP_RX pkts=224220 meta=53115 frames_rx=53170
[RTX-GST] VIDEO frames_rx=53176 fps=25.1 assoc_ok=47920 assoc_miss=3112 ctrl_sent=47920 infer_avg=0.08ms
[RTX-GST] RTP_RX pkts=224250 meta=53121 frames_rx=53176
[RTX-GST] RTP_RX pkts=224280 meta=53129 frames_rx=53184
[RTX-GST] RTP_RX pkts=224310 meta=53137 frames_rx=53192
[RTX-GST] RTP_RX pkts=224340 meta=53144 frames_rx=53199
[RTX-GST] RTP_RX pkts=224370 meta=53150 frames_rx=53205
[RTX-GST] VIDEO frames_rx=53209 fps=25.1 assoc_ok=47954 assoc_miss=3112 ctrl_sent=47954 infer_avg=0.08ms
[RTX-GST] RTP_RX pkts=224400 meta=53158 frames_rx=53213
[RTX-GST] RTP_RX pkts=224430 meta=53165 frames_rx=53220
[RTX-GST] RTP_RX pkts=224460 meta=53173 frames_rx=53228
[RTX-GST] RTP_RX pkts=224490 meta=53179 frames_rx=53234
[RTX-GST] VIDEO frames_rx=53241 fps=25.1 assoc_ok=47985 assoc_miss=3113 ctrl_sent=47985 infer_avg=0.07ms
[RTX-GST] RTP_RX pkts=224520 meta=53186 frames_rx=53241
[RTX-GST] RTP_RX pkts=224550 meta=53194 frames_rx=53249
[RTX-GST] SAVED n=48000 dropped=0 recv2save_p50=0.92ms recv2save_p95=1.15ms
[RTX-GST] RTP_RX pkts=224580 meta=53201 frames_rx=53256
[RTX-GST] RTP_RX pkts=224610 meta=53207 frames_rx=53262
[RTX-GST] RTP_RX pkts=224640 meta=53214 frames_rx=53269
[RTX-GST] VIDEO frames_rx=53270 fps=25.1 assoc_ok=48013 assoc_miss=3114 ctrl_sent=48013 infer_avg=0.07ms
[RTX-GST] RTP_RX pkts=224670 meta=53222 frames_rx=53277
[RTX-GST] RTP_RX pkts=224700 meta=53229 frames_rx=53284
[RTX-GST] RTP_RX pkts=224730 meta=53235 frames_rx=53290
[RTX-GST] RTP_RX pkts=224760 meta=53243 frames_rx=53298
[RTX-GST] VIDEO frames_rx=53301 fps=25.1 assoc_ok=48044 assoc_miss=3114 ctrl_sent=48044 infer_avg=0.08ms
[RTX-GST] RTP_RX pkts=224790 meta=53250 frames_rx=53305
[RTX-GST] RTP_RX pkts=224820 meta=53258 frames_rx=53312
[RTX-GST] RTP_RX pkts=224850 meta=53264 frames_rx=53319
[RTX-GST] RTP_RX pkts=224880 meta=53271 frames_rx=53326
[RTX-GST] VIDEO frames_rx=53330 fps=25.1 assoc_ok=48071 assoc_miss=3115 ctrl_sent=48071 infer_avg=0.07ms
[RTX-GST] RTP_RX pkts=224910 meta=53278 frames_rx=53333
[RTX-GST] RTP_RX pkts=224940 meta=53286 frames_rx=53341
[RTX-GST] RTP_RX pkts=224970 meta=53294 frames_rx=53348
[RTX-GST] RTP_RX pkts=225000 meta=53300 frames_rx=53354
[RTX-GST] SAVED n=48100 dropped=0 recv2save_p50=0.93ms recv2save_p95=1.12ms
[RTX-GST] VIDEO frames_rx=53362 fps=25.1 assoc_ok=48101 assoc_miss=3116 ctrl_sent=48101 infer_avg=0.07ms
[RTX-GST] RTP_RX pkts=225030 meta=53308 frames_rx=53362
[RTX-GST] RTP_RX pkts=225060 meta=53315 frames_rx=53369
[RTX-GST] RTP_RX pkts=225090 meta=53323 frames_rx=53377
[RTX-GST] RTP_RX pkts=225120 meta=53329 frames_rx=53383
[RTX-GST] RTP_RX pkts=225150 meta=53337 frames_rx=53391
[RTX-GST] VIDEO frames_rx=53392 fps=25.1 assoc_ok=48131 assoc_miss=3116 ctrl_sent=48131 infer_avg=0.08ms
[RTX-GST] RTP_RX pkts=225180 meta=53344 frames_rx=53398
[RTX-GST] RTP_RX pkts=225210 meta=53352 frames_rx=53406
[RTX-GST] RTP_RX pkts=225240 meta=53357 frames_rx=53411
[RTX-GST] RTP_RX pkts=225270 meta=53365 frames_rx=53419
[RTX-GST] VIDEO frames_rx=53421 fps=25.1 assoc_ok=48159 assoc_miss=3117 ctrl_sent=48159 infer_avg=0.07ms
[RTX-GST] RTP_RX pkts=225300 meta=53372 frames_rx=53427
[RTX-GST] RTP_RX pkts=225330 meta=53380 frames_rx=53434
[RTX-GST] RTP_RX pkts=225360 meta=53386 frames_rx=53440
[RTX-GST] RTP_RX pkts=225390 meta=53393 frames_rx=53447
[RTX-GST] VIDEO frames_rx=53452 fps=25.1 assoc_ok=48190 assoc_miss=3117 ctrl_sent=48190 infer_avg=0.06ms
[RTX-GST] RTP_RX pkts=225420 meta=53401 frames_rx=53455
[RTX-GST] SAVED n=48200 dropped=0 recv2save_p50=0.94ms recv2save_p95=1.14ms
[RTX-GST] RTP_RX pkts=225450 meta=53408 frames_rx=53462
[RTX-GST] RTP_RX pkts=225480 meta=53414 frames_rx=53468
[RTX-GST] RTP_RX pkts=225510 meta=53420 frames_rx=53476
[RTX-GST] VIDEO frames_rx=53484 fps=25.1 assoc_ok=48219 assoc_miss=3117 ctrl_sent=48219 infer_avg=0.07ms
[RTX-GST] RTP_RX pkts=225540 meta=53428 frames_rx=53484
[RTX-GST] RTP_RX pkts=225570 meta=53435 frames_rx=53492
[RTX-GST] RTP_RX pkts=225600 meta=53440 frames_rx=53498
[RTX-GST] RTP_RX pkts=225630 meta=53448 frames_rx=53506
[RTX-GST] VIDEO frames_rx=53509 fps=25.1 assoc_ok=48242 assoc_miss=3120 ctrl_sent=48242 infer_avg=0.06ms
[RTX-GST] RTP_RX pkts=225660 meta=53456 frames_rx=53514
[RTX-GST] VIDEO frames_rx=53521 fps=25.1 assoc_ok=48254 assoc_miss=3120 ctrl_sent=48254 infer_avg=0.07ms
[RTX-GST] RTP_RX pkts=225690 meta=53463 frames_rx=53521
[RTX-GST] VIDEO frames_rx=53526 fps=25.1 assoc_ok=48258 assoc_miss=3120 ctrl_sent=48258 infer_avg=0.08ms
[RTX-GST] RTP_RX pkts=225720 meta=53471 frames_rx=53529
[RTX-GST] RTP_RX pkts=225750 meta=53478 frames_rx=53536
[RTX-GST] RTP_RX pkts=225780 meta=53484 frames_rx=53542
[RTX-GST] RTP_RX pkts=225810 meta=53492 frames_rx=53550
[RTX-GST] RTP_RX pkts=225840 meta=53499 frames_rx=53557
[RTX-GST] RTP_RX pkts=225870 meta=53508 frames_rx=53565
[RTX-GST] RTP_RX pkts=225900 meta=53515 frames_rx=53571
[RTX-GST] RTP_RX pkts=225930 meta=53522 frames_rx=53578
[RTX-GST] SAVED n=48300 dropped=0 recv2save_p50=0.93ms recv2save_p95=1.15ms
[RTX-GST] VIDEO frames_rx=53583 fps=25.1 assoc_ok=48300 assoc_miss=3122 ctrl_sent=48300 infer_avg=0.06ms
[RTX-GST] RTP_RX pkts=225960 meta=53530 frames_rx=53586
[RTX-GST] RTP_RX pkts=225990 meta=53538 frames_rx=53594
[RTX-GST] RTP_RX pkts=226020 meta=53544 frames_rx=53600
[RTX-GST] RTP_RX pkts=226050 meta=53552 frames_rx=53608
[RTX-GST] RTP_RX pkts=226080 meta=53558 frames_rx=53615
[RTX-GST] RTP_RX pkts=226110 meta=53566 frames_rx=53623
[RTX-GST] VIDEO frames_rx=53629 fps=25.1 assoc_ok=48341 assoc_miss=3125 ctrl_sent=48341 infer_avg=0.06ms
[RTX-GST] RTP_RX pkts=226140 meta=53571 frames_rx=53629
[RTX-GST] RTP_RX pkts=226170 meta=53578 frames_rx=53636
[RTX-GST] RTP_RX pkts=226200 meta=53586 frames_rx=53644
[RTX-GST] RTP_RX pkts=226230 meta=53593 frames_rx=53651
[RTX-GST] RTP_RX pkts=226260 meta=53601 frames_rx=53659
[RTX-GST] VIDEO frames_rx=53660 fps=25.1 assoc_ok=48370 assoc_miss=3127 ctrl_sent=48370 infer_avg=0.07ms
[RTX-GST] RTP_RX pkts=226290 meta=53607 frames_rx=53665
[RTX-GST] RTP_RX pkts=226320 meta=53614 frames_rx=53672
[RTX-GST] RTP_RX pkts=226350 meta=53622 frames_rx=53680
[RTX-GST] VIDEO frames_rx=53684 fps=25.1 assoc_ok=48394 assoc_miss=3127 ctrl_sent=48394 infer_avg=0.08ms
[RTX-GST] RTP_RX pkts=226380 meta=53629 frames_rx=53687
[RTX-GST] SAVED n=48400 dropped=0 recv2save_p50=0.92ms recv2save_p95=1.17ms
[RTX-GST] RTP_RX pkts=226410 meta=53635 frames_rx=53693
[RTX-GST] RTP_RX pkts=226440 meta=53642 frames_rx=53700
[RTX-GST] VIDEO frames_rx=53707 fps=25.1 assoc_ok=48417 assoc_miss=3127 ctrl_sent=48417 infer_avg=0.08ms
[RTX-GST] RTP_RX pkts=226470 meta=53650 frames_rx=53708
[RTX-GST] RTP_RX pkts=226500 meta=53658 frames_rx=53716
[RTX-GST] RTP_RX pkts=226530 meta=53664 frames_rx=53722
[RTX-GST] RTP_RX pkts=226560 meta=53672 frames_rx=53730
[RTX-GST] RTP_RX pkts=226590 meta=53680 frames_rx=53738
[RTX-GST] RTP_RX pkts=226620 meta=53688 frames_rx=53746
[RTX-GST] VIDEO frames_rx=53752 fps=25.1 assoc_ok=48459 assoc_miss=3129 ctrl_sent=48459 infer_avg=0.08ms
[RTX-GST] RTP_RX pkts=226650 meta=53694 frames_rx=53752
[RTX-GST] RTP_RX pkts=226680 meta=53701 frames_rx=53759
[RTX-GST] RTP_RX pkts=226710 meta=53709 frames_rx=53767
[RTX-GST] RTP_RX pkts=226740 meta=53716 frames_rx=53774
[RTX-GST] RTP_RX pkts=226770 meta=53722 frames_rx=53781
[RTX-GST] VIDEO frames_rx=53787 fps=25.1 assoc_ok=48486 assoc_miss=3130 ctrl_sent=48486 infer_avg=0.07ms
[RTX-GST] RTP_RX pkts=226800 meta=53730 frames_rx=53788
[RTX-GST] RTP_RX pkts=226830 meta=53737 frames_rx=53795
[RTX-GST] SAVED n=48500 dropped=0 recv2save_p50=0.92ms recv2save_p95=1.18ms
[RTX-GST] RTP_RX pkts=226860 meta=53745 frames_rx=53803
[RTX-GST] RTP_RX pkts=226890 meta=53751 frames_rx=53809
[RTX-GST] VIDEO frames_rx=53816 fps=25.1 assoc_ok=48515 assoc_miss=3130 ctrl_sent=48515 infer_avg=0.05ms
[RTX-GST] RTP_RX pkts=226920 meta=53758 frames_rx=53816
[RTX-GST] RTP_RX pkts=226950 meta=53765 frames_rx=53823
[RTX-GST] RTP_RX pkts=226980 meta=53773 frames_rx=53831
[RTX-GST] RTP_RX pkts=227010 meta=53780 frames_rx=53838
[RTX-GST] VIDEO frames_rx=53844 fps=25.1 assoc_ok=48542 assoc_miss=3131 ctrl_sent=48542 infer_avg=0.06ms
[RTX-GST] RTP_RX pkts=227040 meta=53786 frames_rx=53844
[RTX-GST] RTP_RX pkts=227070 meta=53794 frames_rx=53852
[RTX-GST] RTP_RX pkts=227100 meta=53801 frames_rx=53859
[RTX-GST] RTP_RX pkts=227130 meta=53809 frames_rx=53867
[RTX-GST] VIDEO frames_rx=53868 fps=25.1 assoc_ok=48566 assoc_miss=3131 ctrl_sent=48566 infer_avg=0.08ms
[RTX-GST] RTP_RX pkts=227160 meta=53815 frames_rx=53872
[RTX-GST] RTP_RX pkts=227190 meta=53823 frames_rx=53880
[RTX-GST] RTP_RX pkts=227220 meta=53831 frames_rx=53888
[RTX-GST] RTP_RX pkts=227250 meta=53839 frames_rx=53896
[RTX-GST] SAVED n=48600 dropped=0 recv2save_p50=0.91ms recv2save_p95=1.13ms
[RTX-GST] RTP_RX pkts=227280 meta=53845 frames_rx=53902
[RTX-GST] VIDEO frames_rx=53908 fps=25.1 assoc_ok=48604 assoc_miss=3133 ctrl_sent=48604 infer_avg=0.08ms
[RTX-GST] RTP_RX pkts=227310 meta=53852 frames_rx=53910
[RTX-GST] RTP_RX pkts=227340 meta=53860 frames_rx=53918
[RTX-GST] RTP_RX pkts=227370 meta=53867 frames_rx=53925
[RTX-GST] RTP_RX pkts=227400 meta=53873 frames_rx=53931
[RTX-GST] RTP_RX pkts=227430 meta=53880 frames_rx=53938
[RTX-GST] RTP_RX pkts=227460 meta=53888 frames_rx=53946
[RTX-GST] VIDEO frames_rx=53947 fps=25.1 assoc_ok=48638 assoc_miss=3134 ctrl_sent=48638 infer_avg=0.07ms
[RTX-GST] RTP_RX pkts=227490 meta=53895 frames_rx=53953
[RTX-GST] RTP_RX pkts=227520 meta=53901 frames_rx=53959
[RTX-GST] RTP_RX pkts=227550 meta=53909 frames_rx=53967
[RTX-GST] RTP_RX pkts=227580 meta=53916 frames_rx=53974
[RTX-GST] RTP_RX pkts=227610 meta=53924 frames_rx=53982
[RTX-GST] VIDEO frames_rx=53986 fps=25.1 assoc_ok=48675 assoc_miss=3136 ctrl_sent=48675 infer_avg=0.07ms
[RTX-GST] RTP_RX pkts=227640 meta=53930 frames_rx=53988
[RTX-GST] RTP_RX pkts=227670 meta=53937 frames_rx=53995
[RTX-GST] RTP_RX pkts=227700 meta=53944 frames_rx=54002
[RTX-GST] RTP_RX pkts=227730 meta=53952 frames_rx=54010
[RTX-GST] SAVED n=48700 dropped=0 recv2save_p50=0.89ms recv2save_p95=1.11ms
[RTX-GST] VIDEO frames_rx=54016 fps=25.1 assoc_ok=48703 assoc_miss=3138 ctrl_sent=48703 infer_avg=0.06ms
[RTX-GST] RTP_RX pkts=227760 meta=53959 frames_rx=54017
[RTX-GST] RTP_RX pkts=227790 meta=53965 frames_rx=54023
[RTX-GST] RTP_RX pkts=227820 meta=53973 frames_rx=54031
[RTX-GST] RTP_RX pkts=227850 meta=53980 frames_rx=54037
[RTX-GST] RTP_RX pkts=227880 meta=53988 frames_rx=54045
[RTX-GST] VIDEO frames_rx=54046 fps=25.1 assoc_ok=48732 assoc_miss=3139 ctrl_sent=48732 infer_avg=0.06ms
[RTX-GST] RTP_RX pkts=227910 meta=53995 frames_rx=54052
[RTX-GST] RTP_RX pkts=227940 meta=54002 frames_rx=54059
[RTX-GST] RTP_RX pkts=227970 meta=54011 frames_rx=54067
[RTX-GST] VIDEO frames_rx=54074 fps=25.1 assoc_ok=48755 assoc_miss=3141 ctrl_sent=48755 infer_avg=0.06ms
[RTX-GST] RTP_RX pkts=228000 meta=54018 frames_rx=54074
[RTX-GST] RTP_RX pkts=228030 meta=54024 frames_rx=54080
[RTX-GST] RTP_RX pkts=228060 meta=54032 frames_rx=54088
[RTX-GST] RTP_RX pkts=228090 meta=54039 frames_rx=54096
[RTX-GST] RTP_RX pkts=228120 meta=54047 frames_rx=54103
[RTX-GST] VIDEO frames_rx=54107 fps=25.1 assoc_ok=48775 assoc_miss=3141 ctrl_sent=48775 infer_avg=0.07ms
[RTX-GST] RTP_RX pkts=228150 meta=54053 frames_rx=54109
[RTX-GST] RTP_RX pkts=228180 meta=54060 frames_rx=54116
[RTX-GST] RTP_RX pkts=228210 meta=54068 frames_rx=54124
[RTX-GST] RTP_RX pkts=228240 meta=54075 frames_rx=54131
[RTX-GST] SAVED n=48800 dropped=0 recv2save_p50=0.90ms recv2save_p95=1.08ms
[RTX-GST] VIDEO frames_rx=54134 fps=25.1 assoc_ok=48801 assoc_miss=3142 ctrl_sent=48801 infer_avg=0.07ms
[RTX-GST] RTP_RX pkts=228270 meta=54081 frames_rx=54137
[RTX-GST] RTP_RX pkts=228300 meta=54088 frames_rx=54144
[RTX-GST] RTP_RX pkts=228330 meta=54096 frames_rx=54152
[RTX-GST] RTP_RX pkts=228360 meta=54104 frames_rx=54160
[RTX-GST] RTP_RX pkts=228390 meta=54110 frames_rx=54166
[RTX-GST] VIDEO frames_rx=54167 fps=25.1 assoc_ok=48832 assoc_miss=3144 ctrl_sent=48832 infer_avg=0.08ms
[RTX-GST] RTP_RX pkts=228420 meta=54117 frames_rx=54173
[RTX-GST] RTP_RX pkts=228450 meta=54124 frames_rx=54180
[RTX-GST] RTP_RX pkts=228480 meta=54132 frames_rx=54188
[RTX-GST] RTP_RX pkts=228510 meta=54139 frames_rx=54195
[RTX-GST] VIDEO frames_rx=54201 fps=25.1 assoc_ok=48866 assoc_miss=3144 ctrl_sent=48866 infer_avg=0.09ms
[RTX-GST] RTP_RX pkts=228540 meta=54145 frames_rx=54201
[RTX-GST] RTP_RX pkts=228570 meta=54153 frames_rx=54209
[RTX-GST] RTP_RX pkts=228600 meta=54160 frames_rx=54216
[RTX-GST] RTP_RX pkts=228630 meta=54168 frames_rx=54224
[RTX-GST] VIDEO frames_rx=54229 fps=25.1 assoc_ok=48892 assoc_miss=3145 ctrl_sent=48892 infer_avg=0.08ms
[RTX-GST] RTP_RX pkts=228660 meta=54174 frames_rx=54230
[RTX-GST] SAVED n=48900 dropped=0 recv2save_p50=0.91ms recv2save_p95=1.11ms
[RTX-GST] RTP_RX pkts=228690 meta=54182 frames_rx=54238
[RTX-GST] RTP_RX pkts=228720 meta=54190 frames_rx=54245
[RTX-GST] RTP_RX pkts=228750 meta=54198 frames_rx=54252
[RTX-GST] RTP_RX pkts=228780 meta=54204 frames_rx=54259
[RTX-GST] VIDEO frames_rx=54259 fps=25.1 assoc_ok=48920 assoc_miss=3146 ctrl_sent=48920 infer_avg=0.09ms
[RTX-GST] RTP_RX pkts=228810 meta=54212 frames_rx=54266
[RTX-GST] RTP_RX pkts=228840 meta=54219 frames_rx=54273
[RTX-GST] RTP_RX pkts=228870 meta=54227 frames_rx=54281
[RTX-GST] VIDEO frames_rx=54285 fps=25.1 assoc_ok=48946 assoc_miss=3146 ctrl_sent=48946 infer_avg=0.08ms
[RTX-GST] RTP_RX pkts=228900 meta=54233 frames_rx=54287
[RTX-GST] RTP_RX pkts=228930 meta=54240 frames_rx=54294
[RTX-GST] RTP_RX pkts=228960 meta=54248 frames_rx=54302
[RTX-GST] RTP_RX pkts=228990 meta=54255 frames_rx=54309
[RTX-GST] RTP_RX pkts=229020 meta=54261 frames_rx=54315
[RTX-GST] RTP_RX pkts=229050 meta=54269 frames_rx=54323
[RTX-GST] VIDEO frames_rx=54330 fps=25.1 assoc_ok=48991 assoc_miss=3146 ctrl_sent=48991 infer_avg=0.07ms
[RTX-GST] RTP_RX pkts=229080 meta=54276 frames_rx=54330
[RTX-GST] RTP_RX pkts=229110 meta=54284 frames_rx=54338
[RTX-GST] SAVED n=49000 dropped=0 recv2save_p50=0.91ms recv2save_p95=1.11ms
[RTX-GST] RTP_RX pkts=229140 meta=54290 frames_rx=54344
[RTX-GST] RTP_RX pkts=229170 meta=54297 frames_rx=54351
[RTX-GST] RTP_RX pkts=229200 meta=54304 frames_rx=54358
[RTX-GST] VIDEO frames_rx=54360 fps=25.1 assoc_ok=49020 assoc_miss=3147 ctrl_sent=49020 infer_avg=0.06ms
[RTX-GST] RTP_RX pkts=229230 meta=54312 frames_rx=54366
[RTX-GST] RTP_RX pkts=229260 meta=54319 frames_rx=54373
[RTX-GST] RTP_RX pkts=229290 meta=54325 frames_rx=54379
[RTX-GST] VIDEO frames_rx=54386 fps=25.1 assoc_ok=49045 assoc_miss=3148 ctrl_sent=49045 infer_avg=0.06ms
[RTX-GST] RTP_RX pkts=229320 meta=54333 frames_rx=54387
[RTX-GST] RTP_RX pkts=229350 meta=54340 frames_rx=54394
[RTX-GST] RTP_RX pkts=229380 meta=54347 frames_rx=54402
[RTX-GST] RTP_RX pkts=229410 meta=54353 frames_rx=54408
[RTX-GST] VIDEO frames_rx=54412 fps=25.1 assoc_ok=49070 assoc_miss=3149 ctrl_sent=49070 infer_avg=0.08ms
[RTX-GST] RTP_RX pkts=229440 meta=54360 frames_rx=54415
[RTX-GST] RTP_RX pkts=229470 meta=54368 frames_rx=54423
[RTX-GST] RTP_RX pkts=229500 meta=54376 frames_rx=54431
[RTX-GST] RTP_RX pkts=229530 meta=54382 frames_rx=54436
[RTX-GST] VIDEO frames_rx=54442 fps=25.1 assoc_ok=49099 assoc_miss=3150 ctrl_sent=49099 infer_avg=0.07ms
[RTX-GST] SAVED n=49100 dropped=0 recv2save_p50=0.90ms recv2save_p95=1.11ms
[RTX-GST] RTP_RX pkts=229560 meta=54389 frames_rx=54443
[RTX-GST] RTP_RX pkts=229590 meta=54397 frames_rx=54451
[RTX-GST] RTP_RX pkts=229620 meta=54404 frames_rx=54458
[RTX-GST] RTP_RX pkts=229650 meta=54410 frames_rx=54464
[RTX-GST] RTP_RX pkts=229680 meta=54417 frames_rx=54471
[RTX-GST] RTP_RX pkts=229710 meta=54425 frames_rx=54479
[RTX-GST] VIDEO frames_rx=54482 fps=25.1 assoc_ok=49138 assoc_miss=3151 ctrl_sent=49138 infer_avg=0.07ms
[RTX-GST] RTP_RX pkts=229740 meta=54432 frames_rx=54486
[RTX-GST] RTP_RX pkts=229770 meta=54439 frames_rx=54493
[RTX-GST] RTP_RX pkts=229800 meta=54446 frames_rx=54500
[RTX-GST] VIDEO frames_rx=54502 fps=25.1 assoc_ok=49158 assoc_miss=3151 ctrl_sent=49158 infer_avg=0.09ms
[RTX-GST] RTP_RX pkts=229830 meta=54453 frames_rx=54507
[RTX-GST] RTP_RX pkts=229860 meta=54461 frames_rx=54515
[RTX-GST] RTP_RX pkts=229890 meta=54468 frames_rx=54522
[RTX-GST] VIDEO frames_rx=54525 fps=25.1 assoc_ok=49180 assoc_miss=3152 ctrl_sent=49180 infer_avg=0.09ms
[RTX-GST] RTP_RX pkts=229920 meta=54474 frames_rx=54528
[RTX-GST] RTP_RX pkts=229950 meta=54481 frames_rx=54535
[RTX-GST] RTP_RX pkts=229980 meta=54489 frames_rx=54543
[RTX-GST] SAVED n=49200 dropped=0 recv2save_p50=0.91ms recv2save_p95=1.12ms
[RTX-GST] RTP_RX pkts=230010 meta=54496 frames_rx=54550
[RTX-GST] RTP_RX pkts=230040 meta=54502 frames_rx=54556
[RTX-GST] VIDEO frames_rx=54559 fps=25.1 assoc_ok=49214 assoc_miss=3152 ctrl_sent=49214 infer_avg=0.07ms
[RTX-GST] RTP_RX pkts=230070 meta=54510 frames_rx=54564
[RTX-GST] RTP_RX pkts=230100 meta=54518 frames_rx=54572
[RTX-GST] RTP_RX pkts=230130 meta=54524 frames_rx=54579
[RTX-GST] RTP_RX pkts=230160 meta=54530 frames_rx=54585
[RTX-GST] RTP_RX pkts=230190 meta=54537 frames_rx=54593
[RTX-GST] RTP_RX pkts=230220 meta=54544 frames_rx=54601
[RTX-GST] VIDEO frames_rx=54603 fps=25.2 assoc_ok=49253 assoc_miss=3156 ctrl_sent=49253 infer_avg=0.07ms
[RTX-GST] RTP_RX pkts=230250 meta=54551 frames_rx=54608
[RTX-GST] RTP_RX pkts=230280 meta=54558 frames_rx=54615
[RTX-GST] RTP_RX pkts=230310 meta=54565 frames_rx=54622
[RTX-GST] RTP_RX pkts=230340 meta=54573 frames_rx=54630
[RTX-GST] VIDEO frames_rx=54633 fps=25.2 assoc_ok=49282 assoc_miss=3157 ctrl_sent=49282 infer_avg=0.05ms
[RTX-GST] RTP_RX pkts=230370 meta=54580 frames_rx=54637
[RTX-GST] RTP_RX pkts=230400 meta=54586 frames_rx=54643
[RTX-GST] RTP_RX pkts=230430 meta=54594 frames_rx=54651
[RTX-GST] SAVED n=49300 dropped=0 recv2save_p50=0.92ms recv2save_p95=1.12ms
[RTX-GST] RTP_RX pkts=230460 meta=54601 frames_rx=54658
[RTX-GST] VIDEO frames_rx=54664 fps=25.2 assoc_ok=49311 assoc_miss=3159 ctrl_sent=49311 infer_avg=0.05ms
[RTX-GST] RTP_RX pkts=230490 meta=54609 frames_rx=54666
[RTX-GST] RTP_RX pkts=230520 meta=54616 frames_rx=54673
[RTX-GST] RTP_RX pkts=230550 meta=54622 frames_rx=54679
[RTX-GST] RTP_RX pkts=230580 meta=54629 frames_rx=54686
[RTX-GST] VIDEO frames_rx=54694 fps=25.2 assoc_ok=49341 assoc_miss=3159 ctrl_sent=49341 infer_avg=0.06ms
[RTX-GST] RTP_RX pkts=230610 meta=54637 frames_rx=54694
[RTX-GST] RTP_RX pkts=230640 meta=54644 frames_rx=54701
[RTX-GST] RTP_RX pkts=230670 meta=54650 frames_rx=54707
[RTX-GST] RTP_RX pkts=230700 meta=54658 frames_rx=54715
[RTX-GST] VIDEO frames_rx=54719 fps=25.2 assoc_ok=49366 assoc_miss=3159 ctrl_sent=49366 infer_avg=0.06ms
[RTX-GST] RTP_RX pkts=230730 meta=54665 frames_rx=54722
[RTX-GST] RTP_RX pkts=230760 meta=54673 frames_rx=54730
[RTX-GST] RTP_RX pkts=230790 meta=54678 frames_rx=54735
[RTX-GST] RTP_RX pkts=230820 meta=54686 frames_rx=54743
[RTX-GST] RTP_RX pkts=230850 meta=54693 frames_rx=54751
[RTX-GST] SAVED n=49400 dropped=0 recv2save_p50=0.92ms recv2save_p95=1.12ms
[RTX-GST] VIDEO frames_rx=54755 fps=25.2 assoc_ok=49401 assoc_miss=3160 ctrl_sent=49401 infer_avg=0.07ms
[RTX-GST] RTP_RX pkts=230880 meta=54701 frames_rx=54758
[RTX-GST] RTP_RX pkts=230910 meta=54705 frames_rx=54763
[RTX-GST] RTP_RX pkts=230940 meta=54713 frames_rx=54771
[RTX-GST] RTP_RX pkts=230970 meta=54720 frames_rx=54779
[RTX-GST] VIDEO frames_rx=54785 fps=25.2 assoc_ok=49428 assoc_miss=3164 ctrl_sent=49428 infer_avg=0.05ms
[RTX-GST] RTP_RX pkts=231000 meta=54726 frames_rx=54787
[RTX-GST] RTP_RX pkts=231030 meta=54732 frames_rx=54792
[RTX-GST] RTP_RX pkts=231060 meta=54741 frames_rx=54801
[RTX-GST] RTP_RX pkts=231090 meta=54748 frames_rx=54808
[RTX-GST] VIDEO frames_rx=54815 fps=25.2 assoc_ok=49456 assoc_miss=3166 ctrl_sent=49456 infer_avg=0.04ms
[RTX-GST] RTP_RX pkts=231120 meta=54755 frames_rx=54816
[RTX-GST] RTP_RX pkts=231150 meta=54761 frames_rx=54822
[RTX-GST] RTP_RX pkts=231180 meta=54768 frames_rx=54829
[RTX-GST] RTP_RX pkts=231210 meta=54776 frames_rx=54837
[RTX-GST] VIDEO frames_rx=54844 fps=25.2 assoc_ok=49482 assoc_miss=3168 ctrl_sent=49482 infer_avg=0.05ms
[RTX-GST] RTP_RX pkts=231240 meta=54783 frames_rx=54844
[RTX-GST] RTP_RX pkts=231270 meta=54790 frames_rx=54851
[RTX-GST] RTP_RX pkts=231300 meta=54797 frames_rx=54858
[RTX-GST] SAVED n=49500 dropped=0 recv2save_p50=0.92ms recv2save_p95=1.10ms
[RTX-GST] RTP_RX pkts=231330 meta=54804 frames_rx=54865
[RTX-GST] RTP_RX pkts=231360 meta=54812 frames_rx=54873
[RTX-GST] VIDEO frames_rx=54874 fps=25.2 assoc_ok=49510 assoc_miss=3170 ctrl_sent=49510 infer_avg=0.07ms
[RTX-GST] RTP_RX pkts=231390 meta=54819 frames_rx=54880
[RTX-GST] RTP_RX pkts=231420 meta=54825 frames_rx=54886
[RTX-GST] RTP_RX pkts=231450 meta=54832 frames_rx=54893
[RTX-GST] VIDEO frames_rx=54898 fps=25.2 assoc_ok=49534 assoc_miss=3170 ctrl_sent=49534 infer_avg=0.07ms
[RTX-GST] RTP_RX pkts=231480 meta=54840 frames_rx=54901
[RTX-GST] RTP_RX pkts=231510 meta=54847 frames_rx=54908
[RTX-GST] RTP_RX pkts=231540 meta=54853 frames_rx=54914
[RTX-GST] RTP_RX pkts=231570 meta=54861 frames_rx=54922
[RTX-GST] RTP_RX pkts=231600 meta=54866 frames_rx=54929
[RTX-GST] RTP_RX pkts=231630 meta=54874 frames_rx=54937
[RTX-GST] VIDEO frames_rx=54938 fps=25.2 assoc_ok=49571 assoc_miss=3173 ctrl_sent=49571 infer_avg=0.07ms
[RTX-GST] RTP_RX pkts=231660 meta=54881 frames_rx=54944
[RTX-GST] RTP_RX pkts=231690 meta=54889 frames_rx=54952
[RTX-GST] RTP_RX pkts=231720 meta=54896 frames_rx=54959
[RTX-GST] VIDEO frames_rx=54962 fps=25.2 assoc_ok=49581 assoc_miss=3173 ctrl_sent=49581 infer_avg=0.08ms
[RTX-GST] RTP_RX pkts=231750 meta=54904 frames_rx=54967
[RTX-GST] RTP_RX pkts=231780 meta=54910 frames_rx=54973
[RTX-GST] SAVED n=49600 dropped=0 recv2save_p50=0.93ms recv2save_p95=1.10ms
[RTX-GST] RTP_RX pkts=231810 meta=54918 frames_rx=54981
[RTX-GST] RTP_RX pkts=231840 meta=54925 frames_rx=54988
[RTX-GST] RTP_RX pkts=231870 meta=54933 frames_rx=54996
[RTX-GST] VIDEO frames_rx=55001 fps=25.2 assoc_ok=49619 assoc_miss=3174 ctrl_sent=49619 infer_avg=0.06ms
[RTX-GST] RTP_RX pkts=231900 meta=54939 frames_rx=55002
[RTX-GST] RTP_RX pkts=231930 meta=54946 frames_rx=55009
[RTX-GST] RTP_RX pkts=231960 meta=54954 frames_rx=55017
[RTX-GST] VIDEO frames_rx=55023 fps=25.2 assoc_ok=49639 assoc_miss=3176 ctrl_sent=49639 infer_avg=0.07ms
[RTX-GST] RTP_RX pkts=231990 meta=54961 frames_rx=55024
[RTX-GST] RTP_RX pkts=232020 meta=54968 frames_rx=55031
[RTX-GST] RTP_RX pkts=232050 meta=54974 frames_rx=55037
[RTX-GST] RTP_RX pkts=232080 meta=54982 frames_rx=55045
[RTX-GST] RTP_RX pkts=232110 meta=54989 frames_rx=55052
[RTX-GST] RTP_RX pkts=232140 meta=54997 frames_rx=55060
[RTX-GST] VIDEO frames_rx=55063 fps=25.2 assoc_ok=49677 assoc_miss=3178 ctrl_sent=49677 infer_avg=0.07ms
[RTX-GST] RTP_RX pkts=232170 meta=55003 frames_rx=55066
[RTX-GST] RTP_RX pkts=232200 meta=55010 frames_rx=55073
[RTX-GST] RTP_RX pkts=232230 meta=55018 frames_rx=55081
[RTX-GST] SAVED n=49700 dropped=0 recv2save_p50=0.93ms recv2save_p95=1.10ms
[RTX-GST] RTP_RX pkts=232260 meta=55025 frames_rx=55088
[RTX-GST] VIDEO frames_rx=55092 fps=25.2 assoc_ok=49704 assoc_miss=3180 ctrl_sent=49704 infer_avg=0.07ms
[RTX-GST] RTP_RX pkts=232290 meta=55031 frames_rx=55094
[RTX-GST] RTP_RX pkts=232320 meta=55038 frames_rx=55101
[RTX-GST] RTP_RX pkts=232350 meta=55045 frames_rx=55109
[RTX-GST] RTP_RX pkts=232380 meta=55052 frames_rx=55116
[RTX-GST] RTP_RX pkts=232410 meta=55058 frames_rx=55122
[RTX-GST] RTP_RX pkts=232440 meta=55066 frames_rx=55130
[RTX-GST] VIDEO frames_rx=55134 fps=25.2 assoc_ok=49742 assoc_miss=3184 ctrl_sent=49742 infer_avg=0.06ms
[RTX-GST] RTP_RX pkts=232470 meta=55073 frames_rx=55138
[RTX-GST] RTP_RX pkts=232500 meta=55081 frames_rx=55145
[RTX-GST] RTP_RX pkts=232530 meta=55086 frames_rx=55151
[RTX-GST] RTP_RX pkts=232560 meta=55094 frames_rx=55159
[RTX-GST] VIDEO frames_rx=55166 fps=25.2 assoc_ok=49770 assoc_miss=3186 ctrl_sent=49770 infer_avg=0.05ms
[RTX-GST] RTP_RX pkts=232590 meta=55102 frames_rx=55167
[RTX-GST] RTP_RX pkts=232620 meta=55110 frames_rx=55175
[RTX-GST] RTP_RX pkts=232650 meta=55116 frames_rx=55181
[RTX-GST] RTP_RX pkts=232680 meta=55123 frames_rx=55188
[RTX-GST] VIDEO frames_rx=55191 fps=25.2 assoc_ok=49794 assoc_miss=3187 ctrl_sent=49794 infer_avg=0.06ms
[RTX-GST] RTP_RX pkts=232710 meta=55130 frames_rx=55195
[RTX-GST] SAVED n=49800 dropped=0 recv2save_p50=0.93ms recv2save_p95=1.20ms
[RTX-GST] RTP_RX pkts=232740 meta=55138 frames_rx=55203
[RTX-GST] RTP_RX pkts=232770 meta=55145 frames_rx=55211
[RTX-GST] RTP_RX pkts=232800 meta=55151 frames_rx=55216
[RTX-GST] RTP_RX pkts=232830 meta=55159 frames_rx=55224
[RTX-GST] VIDEO frames_rx=55225 fps=25.2 assoc_ok=49826 assoc_miss=3189 ctrl_sent=49826 infer_avg=0.06ms
[RTX-GST] RTP_RX pkts=232860 meta=55166 frames_rx=55231
[RTX-GST] RTP_RX pkts=232890 meta=55174 frames_rx=55239
[RTX-GST] RTP_RX pkts=232920 meta=55179 frames_rx=55244
[RTX-GST] RTP_RX pkts=232950 meta=55187 frames_rx=55252
[RTX-GST] VIDEO frames_rx=55257 fps=25.2 assoc_ok=49856 assoc_miss=3191 ctrl_sent=49856 infer_avg=0.07ms
[RTX-GST] RTP_RX pkts=232980 meta=55194 frames_rx=55259
[RTX-GST] RTP_RX pkts=233010 meta=55202 frames_rx=55267
[RTX-GST] RTP_RX pkts=233040 meta=55208 frames_rx=55273
[RTX-GST] RTP_RX pkts=233070 meta=55215 frames_rx=55280
[RTX-GST] RTP_RX pkts=233100 meta=55223 frames_rx=55288
[RTX-GST] VIDEO frames_rx=55290 fps=25.2 assoc_ok=49885 assoc_miss=3193 ctrl_sent=49885 infer_avg=0.06ms
[RTX-GST] RTP_RX pkts=233130 meta=55230 frames_rx=55295
[RTX-GST] RTP_RX pkts=233160 meta=55235 frames_rx=55301
[RTX-GST] SAVED n=49900 dropped=0 recv2save_p50=0.91ms recv2save_p95=1.18ms
[RTX-GST] RTP_RX pkts=233190 meta=55243 frames_rx=55309
[RTX-GST] RTP_RX pkts=233220 meta=55250 frames_rx=55316
[RTX-GST] VIDEO frames_rx=55323 fps=25.2 assoc_ok=49915 assoc_miss=3197 ctrl_sent=49915 infer_avg=0.08ms
[RTX-GST] RTP_RX pkts=233250 meta=55259 frames_rx=55325
[RTX-GST] RTP_RX pkts=233280 meta=55265 frames_rx=55331
[RTX-GST] RTP_RX pkts=233310 meta=55273 frames_rx=55338
[RTX-GST] VIDEO frames_rx=55342 fps=25.2 assoc_ok=49935 assoc_miss=3197 ctrl_sent=49935 infer_avg=0.10ms
[RTX-GST] RTP_RX pkts=233340 meta=55281 frames_rx=55345
[RTX-GST] RTP_RX pkts=233370 meta=55289 frames_rx=55353
[RTX-GST] RTP_RX pkts=233400 meta=55295 frames_rx=55359
[RTX-GST] RTP_RX pkts=233430 meta=55303 frames_rx=55366
[RTX-GST] RTP_RX pkts=233460 meta=55311 frames_rx=55374
[RTX-GST] RTP_RX pkts=233490 meta=55318 frames_rx=55381
[RTX-GST] VIDEO frames_rx=55384 fps=25.2 assoc_ok=49960 assoc_miss=3201 ctrl_sent=49960 infer_avg=0.08ms
[RTX-GST] RTP_RX pkts=233520 meta=55324 frames_rx=55388
[RTX-GST] RTP_RX pkts=233550 meta=55331 frames_rx=55395
[RTX-GST] RTP_RX pkts=233580 meta=55339 frames_rx=55403
[RTX-GST] RTP_RX pkts=233610 meta=55346 frames_rx=55410
[RTX-GST] VIDEO frames_rx=55412 fps=25.2 assoc_ok=49985 assoc_miss=3204 ctrl_sent=49985 infer_avg=0.06ms
[RTX-GST] RTP_RX pkts=233640 meta=55354 frames_rx=55418
[RTX-GST] RTP_RX pkts=233670 meta=55360 frames_rx=55424
[RTX-GST] SAVED n=50000 dropped=0 recv2save_p50=0.91ms recv2save_p95=1.20ms
[RTX-GST] RTP_RX pkts=233700 meta=55367 frames_rx=55431
[RTX-GST] RTP_RX pkts=233730 meta=55375 frames_rx=55439
[RTX-GST] VIDEO frames_rx=55444 fps=25.2 assoc_ok=50017 assoc_miss=3204 ctrl_sent=50017 infer_avg=0.08ms
[RTX-GST] RTP_RX pkts=233760 meta=55382 frames_rx=55446
[RTX-GST] RTP_RX pkts=233790 meta=55388 frames_rx=55452
[RTX-GST] RTP_RX pkts=233820 meta=55395 frames_rx=55459
[RTX-GST] RTP_RX pkts=233850 meta=55403 frames_rx=55467
[RTX-GST] RTP_RX pkts=233880 meta=55410 frames_rx=55474
[RTX-GST] VIDEO frames_rx=55476 fps=25.2 assoc_ok=50049 assoc_miss=3204 ctrl_sent=50049 infer_avg=0.06ms
[RTX-GST] RTP_RX pkts=233910 meta=55416 frames_rx=55480
[RTX-GST] RTP_RX pkts=233940 meta=55424 frames_rx=55488
[RTX-GST] RTP_RX pkts=233970 meta=55431 frames_rx=55495
[RTX-GST] RTP_RX pkts=234000 meta=55439 frames_rx=55503
[RTX-GST] VIDEO frames_rx=55506 fps=25.2 assoc_ok=50078 assoc_miss=3205 ctrl_sent=50078 infer_avg=0.08ms
[RTX-GST] RTP_RX pkts=234030 meta=55444 frames_rx=55508
[RTX-GST] RTP_RX pkts=234060 meta=55452 frames_rx=55516
[RTX-GST] RTP_RX pkts=234090 meta=55459 frames_rx=55523
[RTX-GST] SAVED n=50100 dropped=0 recv2save_p50=0.91ms recv2save_p95=1.20ms
[RTX-GST] RTP_RX pkts=234120 meta=55467 frames_rx=55531
[RTX-GST] VIDEO frames_rx=55536 fps=25.2 assoc_ok=50108 assoc_miss=3205 ctrl_sent=50108 infer_avg=0.06ms
[RTX-GST] RTP_RX pkts=234150 meta=55473 frames_rx=55538
[RTX-GST] RTP_RX pkts=234180 meta=55480 frames_rx=55545
[RTX-GST] RTP_RX pkts=234210 meta=55488 frames_rx=55553
[RTX-GST] RTP_RX pkts=234240 meta=55495 frames_rx=55561
[RTX-GST] VIDEO frames_rx=55568 fps=25.2 assoc_ok=50137 assoc_miss=3208 ctrl_sent=50137 infer_avg=0.06ms
[RTX-GST] RTP_RX pkts=234270 meta=55502 frames_rx=55568
[RTX-GST] RTP_RX pkts=234300 meta=55509 frames_rx=55575
[RTX-GST] RTP_RX pkts=234330 meta=55517 frames_rx=55583
[RTX-GST] RTP_RX pkts=234360 meta=55525 frames_rx=55591
[RTX-GST] RTP_RX pkts=234390 meta=55532 frames_rx=55598
[RTX-GST] VIDEO frames_rx=55600 fps=25.2 assoc_ok=50164 assoc_miss=3210 ctrl_sent=50164 infer_avg=0.06ms
[RTX-GST] RTP_RX pkts=234420 meta=55539 frames_rx=55605
[RTX-GST] RTP_RX pkts=234450 meta=55546 frames_rx=55612
[RTX-GST] RTP_RX pkts=234480 meta=55554 frames_rx=55620
[RTX-GST] RTP_RX pkts=234510 meta=55562 frames_rx=55628
[RTX-GST] VIDEO frames_rx=55630 fps=25.2 assoc_ok=50192 assoc_miss=3212 ctrl_sent=50192 infer_avg=0.05ms
[RTX-GST] RTP_RX pkts=234540 meta=55567 frames_rx=55633
[RTX-GST] SAVED n=50200 dropped=0 recv2save_p50=0.91ms recv2save_p95=1.17ms
[RTX-GST] RTP_RX pkts=234570 meta=55575 frames_rx=55641
[RTX-GST] RTP_RX pkts=234600 meta=55582 frames_rx=55648
[RTX-GST] RTP_RX pkts=234630 meta=55590 frames_rx=55656
[RTX-GST] RTP_RX pkts=234660 meta=55596 frames_rx=55662
[RTX-GST] VIDEO frames_rx=55663 fps=25.2 assoc_ok=50224 assoc_miss=3212 ctrl_sent=50224 infer_avg=0.05ms
[RTX-GST] RTP_RX pkts=234690 meta=55603 frames_rx=55669
[RTX-GST] RTP_RX pkts=234720 meta=55611 frames_rx=55677
[RTX-GST] RTP_RX pkts=234750 meta=55618 frames_rx=55684
[RTX-GST] RTP_RX pkts=234780 meta=55624 frames_rx=55690
[RTX-GST] VIDEO frames_rx=55696 fps=25.2 assoc_ok=50255 assoc_miss=3214 ctrl_sent=50255 infer_avg=0.05ms
[RTX-GST] RTP_RX pkts=234810 meta=55632 frames_rx=55698
[RTX-GST] RTP_RX pkts=234840 meta=55639 frames_rx=55705
[RTX-GST] RTP_RX pkts=234870 meta=55647 frames_rx=55713
[RTX-GST] RTP_RX pkts=234900 meta=55652 frames_rx=55718
[RTX-GST] RTP_RX pkts=234930 meta=55660 frames_rx=55726
[RTX-GST] VIDEO frames_rx=55727 fps=25.2 assoc_ok=50285 assoc_miss=3215 ctrl_sent=50285 infer_avg=0.06ms
[RTX-GST] RTP_RX pkts=234960 meta=55667 frames_rx=55733
[RTX-GST] RTP_RX pkts=234990 meta=55675 frames_rx=55741
[RTX-GST] SAVED n=50300 dropped=0 recv2save_p50=0.91ms recv2save_p95=1.13ms
[RTX-GST] RTP_RX pkts=235020 meta=55682 frames_rx=55748
[RTX-GST] RTP_RX pkts=235050 meta=55688 frames_rx=55754
[RTX-GST] VIDEO frames_rx=55755 fps=25.2 assoc_ok=50313 assoc_miss=3215 ctrl_sent=50313 infer_avg=0.05ms
[RTX-GST] RTP_RX pkts=235080 meta=55696 frames_rx=55762
[RTX-GST] RTP_RX pkts=235110 meta=55704 frames_rx=55770
[RTX-GST] RTP_RX pkts=235140 meta=55711 frames_rx=55777
[RTX-GST] RTP_RX pkts=235170 meta=55717 frames_rx=55783
[RTX-GST] VIDEO frames_rx=55788 fps=25.2 assoc_ok=50343 assoc_miss=3218 ctrl_sent=50343 infer_avg=0.08ms
[RTX-GST] RTP_RX pkts=235200 meta=55725 frames_rx=55791
[RTX-GST] RTP_RX pkts=235230 meta=55733 frames_rx=55800
[RTX-GST] RTP_RX pkts=235260 meta=55741 frames_rx=55808
[RTX-GST] RTP_RX pkts=235290 meta=55748 frames_rx=55815
[RTX-GST] VIDEO frames_rx=55819 fps=25.2 assoc_ok=50370 assoc_miss=3220 ctrl_sent=50370 infer_avg=0.04ms
[RTX-GST] RTP_RX pkts=235320 meta=55754 frames_rx=55822
[RTX-GST] RTP_RX pkts=235350 meta=55762 frames_rx=55830
[RTX-GST] RTP_RX pkts=235380 meta=55770 frames_rx=55838
[RTX-GST] RTP_RX pkts=235410 meta=55776 frames_rx=55844
[RTX-GST] VIDEO frames_rx=55850 fps=25.2 assoc_ok=50398 assoc_miss=3223 ctrl_sent=50398 infer_avg=0.07ms
[RTX-GST] SAVED n=50400 dropped=0 recv2save_p50=0.94ms recv2save_p95=1.16ms
[RTX-GST] RTP_RX pkts=235440 meta=55784 frames_rx=55852
[RTX-GST] RTP_RX pkts=235470 meta=55791 frames_rx=55859
[RTX-GST] RTP_RX pkts=235500 meta=55799 frames_rx=55867
[RTX-GST] VIDEO frames_rx=55873 fps=25.2 assoc_ok=50420 assoc_miss=3224 ctrl_sent=50420 infer_avg=0.07ms
[RTX-GST] RTP_RX pkts=235530 meta=55805 frames_rx=55873
[RTX-GST] RTP_RX pkts=235560 meta=55812 frames_rx=55880
[RTX-GST] RTP_RX pkts=235590 meta=55820 frames_rx=55888
[RTX-GST] RTP_RX pkts=235620 meta=55827 frames_rx=55895
[RTX-GST] RTP_RX pkts=235650 meta=55834 frames_rx=55902
[RTX-GST] VIDEO frames_rx=55906 fps=25.2 assoc_ok=50447 assoc_miss=3228 ctrl_sent=50447 infer_avg=0.10ms
[RTX-GST] RTP_RX pkts=235680 meta=55841 frames_rx=55909
[RTX-GST] RTP_RX pkts=235710 meta=55849 frames_rx=55917
[RTX-GST] RTP_RX pkts=235740 meta=55856 frames_rx=55924
[RTX-GST] RTP_RX pkts=235770 meta=55862 frames_rx=55930
[RTX-GST] RTP_RX pkts=235800 meta=55870 frames_rx=55938
[RTX-GST] VIDEO frames_rx=55942 fps=25.3 assoc_ok=50480 assoc_miss=3231 ctrl_sent=50480 infer_avg=0.06ms
[RTX-GST] RTP_RX pkts=235830 meta=55877 frames_rx=55945
[RTX-GST] RTP_RX pkts=235860 meta=55885 frames_rx=55953
[RTX-GST] RTP_RX pkts=235890 meta=55891 frames_rx=55959
[RTX-GST] SAVED n=50500 dropped=0 recv2save_p50=0.94ms recv2save_p95=1.16ms
[RTX-GST] RTP_RX pkts=235920 meta=55898 frames_rx=55966
[RTX-GST] VIDEO frames_rx=55973 fps=25.3 assoc_ok=50510 assoc_miss=3232 ctrl_sent=50510 infer_avg=0.06ms
[RTX-GST] RTP_RX pkts=235950 meta=55906 frames_rx=55974
[RTX-GST] RTP_RX pkts=235980 meta=55913 frames_rx=55981
[RTX-GST] RTP_RX pkts=236010 meta=55920 frames_rx=55988
[RTX-GST] RTP_RX pkts=236040 meta=55927 frames_rx=55995
[RTX-GST] RTP_RX pkts=236070 meta=55934 frames_rx=56002
[RTX-GST] VIDEO frames_rx=56004 fps=25.3 assoc_ok=50539 assoc_miss=3234 ctrl_sent=50539 infer_avg=0.06ms
[RTX-GST] RTP_RX pkts=236100 meta=55942 frames_rx=56010
[RTX-GST] RTP_RX pkts=236130 meta=55949 frames_rx=56017
[RTX-GST] RTP_RX pkts=236160 meta=55955 frames_rx=56024
[RTX-GST] RTP_RX pkts=236190 meta=55963 frames_rx=56031
[RTX-GST] VIDEO frames_rx=56035 fps=25.3 assoc_ok=50569 assoc_miss=3234 ctrl_sent=50569 infer_avg=0.07ms
[RTX-GST] RTP_RX pkts=236220 meta=55971 frames_rx=56039
[RTX-GST] RTP_RX pkts=236250 meta=55979 frames_rx=56047
[RTX-GST] RTP_RX pkts=236280 meta=55985 frames_rx=56053
[RTX-GST] RTP_RX pkts=236310 meta=55993 frames_rx=56061
[RTX-GST] VIDEO frames_rx=56062 fps=25.3 assoc_ok=50596 assoc_miss=3234 ctrl_sent=50596 infer_avg=0.07ms
[RTX-GST] SAVED n=50600 dropped=0 recv2save_p50=0.94ms recv2save_p95=1.34ms
[RTX-GST] RTP_RX pkts=236340 meta=56001 frames_rx=56069
[RTX-GST] RTP_RX pkts=236370 meta=56007 frames_rx=56076
[RTX-GST] RTP_RX pkts=236400 meta=56014 frames_rx=56083
[RTX-GST] RTP_RX pkts=236430 meta=56022 frames_rx=56091
[RTX-GST] VIDEO frames_rx=56095 fps=25.3 assoc_ok=50623 assoc_miss=3237 ctrl_sent=50623 infer_avg=0.05ms
[RTX-GST] RTP_RX pkts=236460 meta=56030 frames_rx=56099
[RTX-GST] RTP_RX pkts=236490 meta=56038 frames_rx=56107
[RTX-GST] RTP_RX pkts=236520 meta=56045 frames_rx=56114
[RTX-GST] VIDEO frames_rx=56119 fps=25.3 assoc_ok=50647 assoc_miss=3237 ctrl_sent=50647 infer_avg=0.07ms
[RTX-GST] RTP_RX pkts=236550 meta=56053 frames_rx=56122
[RTX-GST] RTP_RX pkts=236580 meta=56060 frames_rx=56129
[RTX-GST] RTP_RX pkts=236610 meta=56068 frames_rx=56137
[RTX-GST] RTP_RX pkts=236640 meta=56074 frames_rx=56143
[RTX-GST] RTP_RX pkts=236670 meta=56082 frames_rx=56151
[RTX-GST] VIDEO frames_rx=56156 fps=25.3 assoc_ok=50683 assoc_miss=3238 ctrl_sent=50683 infer_avg=0.04ms
[RTX-GST] RTP_RX pkts=236700 meta=56089 frames_rx=56158
[RTX-GST] RTP_RX pkts=236730 meta=56097 frames_rx=56166
[RTX-GST] RTP_RX pkts=236760 meta=56103 frames_rx=56172
[RTX-GST] SAVED n=50700 dropped=0 recv2save_p50=0.94ms recv2save_p95=1.37ms
[RTX-GST] RTP_RX pkts=236790 meta=56110 frames_rx=56179
[RTX-GST] VIDEO frames_rx=56186 fps=25.3 assoc_ok=50712 assoc_miss=3239 ctrl_sent=50712 infer_avg=0.05ms
[RTX-GST] RTP_RX pkts=236820 meta=56118 frames_rx=56187
[RTX-GST] RTP_RX pkts=236850 meta=56125 frames_rx=56194
[RTX-GST] RTP_RX pkts=236880 meta=56131 frames_rx=56200
[RTX-GST] RTP_RX pkts=236910 meta=56139 frames_rx=56208
[RTX-GST] VIDEO frames_rx=56213 fps=25.3 assoc_ok=50739 assoc_miss=3239 ctrl_sent=50739 infer_avg=0.04ms
[RTX-GST] RTP_RX pkts=236940 meta=56146 frames_rx=56215
[RTX-GST] RTP_RX pkts=236970 meta=56154 frames_rx=56223
[RTX-GST] RTP_RX pkts=237000 meta=56160 frames_rx=56229
[RTX-GST] RTP_RX pkts=237030 meta=56168 frames_rx=56237
[RTX-GST] RTP_RX pkts=237060 meta=56175 frames_rx=56244
[RTX-GST] VIDEO frames_rx=56245 fps=25.3 assoc_ok=50771 assoc_miss=3239 ctrl_sent=50771 infer_avg=0.07ms
[RTX-GST] RTP_RX pkts=237090 meta=56183 frames_rx=56252
[RTX-GST] RTP_RX pkts=237120 meta=56189 frames_rx=56258
[RTX-GST] RTP_RX pkts=237150 meta=56196 frames_rx=56265
[RTX-GST] RTP_RX pkts=237180 meta=56204 frames_rx=56273
[RTX-GST] SAVED n=50800 dropped=0 recv2save_p50=0.95ms recv2save_p95=1.38ms
[RTX-GST] VIDEO frames_rx=56278 fps=25.3 assoc_ok=50803 assoc_miss=3240 ctrl_sent=50803 infer_avg=0.08ms
[RTX-GST] RTP_RX pkts=237210 meta=56211 frames_rx=56280
[RTX-GST] RTP_RX pkts=237240 meta=56218 frames_rx=56287
[RTX-GST] RTP_RX pkts=237270 meta=56225 frames_rx=56294
[RTX-GST] RTP_RX pkts=237300 meta=56232 frames_rx=56301
[RTX-GST] VIDEO frames_rx=56307 fps=25.3 assoc_ok=50830 assoc_miss=3242 ctrl_sent=50830 infer_avg=0.10ms
[RTX-GST] RTP_RX pkts=237330 meta=56240 frames_rx=56309
[RTX-GST] RTP_RX pkts=237360 meta=56247 frames_rx=56316
[RTX-GST] RTP_RX pkts=237390 meta=56253 frames_rx=56322
[RTX-GST] RTP_RX pkts=237420 meta=56261 frames_rx=56330
[RTX-GST] VIDEO frames_rx=56334 fps=25.3 assoc_ok=50857 assoc_miss=3242 ctrl_sent=50857 infer_avg=0.07ms
[RTX-GST] RTP_RX pkts=237450 meta=56268 frames_rx=56338
[RTX-GST] RTP_RX pkts=237480 meta=56276 frames_rx=56345
[RTX-GST] RTP_RX pkts=237510 meta=56282 frames_rx=56351
[RTX-GST] RTP_RX pkts=237540 meta=56290 frames_rx=56359
[RTX-GST] RTP_RX pkts=237570 meta=56297 frames_rx=56366
[RTX-GST] VIDEO frames_rx=56371 fps=25.3 assoc_ok=50886 assoc_miss=3242 ctrl_sent=50886 infer_avg=0.10ms
[RTX-GST] RTP_RX pkts=237600 meta=56305 frames_rx=56374
[RTX-GST] RTP_RX pkts=237630 meta=56311 frames_rx=56380
[RTX-GST] SAVED n=50900 dropped=0 recv2save_p50=0.94ms recv2save_p95=1.38ms
[RTX-GST] RTP_RX pkts=237660 meta=56319 frames_rx=56388
[RTX-GST] RTP_RX pkts=237690 meta=56326 frames_rx=56395
[RTX-GST] VIDEO frames_rx=56403 fps=25.3 assoc_ok=50916 assoc_miss=3245 ctrl_sent=50916 infer_avg=0.07ms
[RTX-GST] RTP_RX pkts=237720 meta=56334 frames_rx=56403
[RTX-GST] RTP_RX pkts=237750 meta=56340 frames_rx=56409
[RTX-GST] RTP_RX pkts=237780 meta=56347 frames_rx=56416
[RTX-GST] RTP_RX pkts=237810 meta=56355 frames_rx=56424
[RTX-GST] RTP_RX pkts=237840 meta=56362 frames_rx=56431
[RTX-GST] VIDEO frames_rx=56434 fps=25.3 assoc_ok=50946 assoc_miss=3246 ctrl_sent=50946 infer_avg=0.08ms
[RTX-GST] RTP_RX pkts=237870 meta=56369 frames_rx=56438
[RTX-GST] RTP_RX pkts=237900 meta=56376 frames_rx=56445
[RTX-GST] RTP_RX pkts=237930 meta=56384 frames_rx=56453
[RTX-GST] RTP_RX pkts=237960 meta=56391 frames_rx=56460
[RTX-GST] VIDEO frames_rx=56466 fps=25.3 assoc_ok=50977 assoc_miss=3247 ctrl_sent=50977 infer_avg=0.08ms
[RTX-GST] RTP_RX pkts=237990 meta=56398 frames_rx=56467
[RTX-GST] RTP_RX pkts=238020 meta=56405 frames_rx=56474
[RTX-GST] RTP_RX pkts=238050 meta=56412 frames_rx=56481
[RTX-GST] SAVED n=51000 dropped=0 recv2save_p50=0.93ms recv2save_p95=1.36ms
[RTX-GST] RTP_RX pkts=238080 meta=56420 frames_rx=56489
[RTX-GST] VIDEO frames_rx=56495 fps=25.3 assoc_ok=51006 assoc_miss=3247 ctrl_sent=51006 infer_avg=0.07ms
[RTX-GST] RTP_RX pkts=238110 meta=56427 frames_rx=56496
[RTX-GST] RTP_RX pkts=238140 meta=56434 frames_rx=56503
[RTX-GST] RTP_RX pkts=238170 meta=56441 frames_rx=56510
[RTX-GST] RTP_RX pkts=238200 meta=56449 frames_rx=56518
[RTX-GST] RTP_RX pkts=238230 meta=56456 frames_rx=56525
[RTX-GST] VIDEO frames_rx=56527 fps=25.3 assoc_ok=51036 assoc_miss=3247 ctrl_sent=51036 infer_avg=0.09ms
[RTX-GST] RTP_RX pkts=238260 meta=56462 frames_rx=56531
[RTX-GST] RTP_RX pkts=238290 meta=56470 frames_rx=56539
[RTX-GST] RTP_RX pkts=238320 meta=56477 frames_rx=56546
[RTX-GST] RTP_RX pkts=238350 meta=56485 frames_rx=56554
[RTX-GST] VIDEO frames_rx=56557 fps=25.3 assoc_ok=51066 assoc_miss=3247 ctrl_sent=51066 infer_avg=0.06ms
[RTX-GST] RTP_RX pkts=238380 meta=56491 frames_rx=56560
[RTX-GST] RTP_RX pkts=238410 meta=56499 frames_rx=56568
[RTX-GST] RTP_RX pkts=238440 meta=56506 frames_rx=56575
[RTX-GST] RTP_RX pkts=238470 meta=56514 frames_rx=56583
[RTX-GST] VIDEO frames_rx=56588 fps=25.3 assoc_ok=51097 assoc_miss=3247 ctrl_sent=51097 infer_avg=0.07ms
[RTX-GST] RTP_RX pkts=238500 meta=56520 frames_rx=56589
[RTX-GST] SAVED n=51100 dropped=0 recv2save_p50=0.95ms recv2save_p95=1.36ms
[RTX-GST] RTP_RX pkts=238530 meta=56527 frames_rx=56596
[RTX-GST] RTP_RX pkts=238560 meta=56535 frames_rx=56604
[RTX-GST] RTP_RX pkts=238590 meta=56542 frames_rx=56611
[RTX-GST] RTP_RX pkts=238620 meta=56549 frames_rx=56617
[RTX-GST] VIDEO frames_rx=56618 fps=25.3 assoc_ok=51125 assoc_miss=3249 ctrl_sent=51125 infer_avg=0.07ms
[RTX-GST] RTP_RX pkts=238650 meta=56556 frames_rx=56625
[RTX-GST] RTP_RX pkts=238680 meta=56563 frames_rx=56632
[RTX-GST] RTP_RX pkts=238710 meta=56571 frames_rx=56640
[RTX-GST] RTP_RX pkts=238740 meta=56578 frames_rx=56647
[RTX-GST] VIDEO frames_rx=56652 fps=25.3 assoc_ok=51158 assoc_miss=3250 ctrl_sent=51158 infer_avg=0.08ms
[RTX-GST] RTP_RX pkts=238770 meta=56585 frames_rx=56654
[RTX-GST] RTP_RX pkts=238800 meta=56592 frames_rx=56661
[RTX-GST] RTP_RX pkts=238830 meta=56600 frames_rx=56669
[RTX-GST] RTP_RX pkts=238860 meta=56607 frames_rx=56676
[RTX-GST] VIDEO frames_rx=56680 fps=25.3 assoc_ok=51185 assoc_miss=3250 ctrl_sent=51185 infer_avg=0.09ms
[RTX-GST] RTP_RX pkts=238890 meta=56613 frames_rx=56682
[RTX-GST] RTP_RX pkts=238920 meta=56621 frames_rx=56690
[RTX-GST] SAVED n=51200 dropped=0 recv2save_p50=0.96ms recv2save_p95=1.38ms
[RTX-GST] RTP_RX pkts=238950 meta=56628 frames_rx=56697
[RTX-GST] RTP_RX pkts=238980 meta=56636 frames_rx=56705
[RTX-GST] RTP_RX pkts=239010 meta=56642 frames_rx=56711
[RTX-GST] VIDEO frames_rx=56714 fps=25.3 assoc_ok=51217 assoc_miss=3252 ctrl_sent=51217 infer_avg=0.07ms
[RTX-GST] RTP_RX pkts=239040 meta=56649 frames_rx=56718
[RTX-GST] RTP_RX pkts=239070 meta=56657 frames_rx=56726
[RTX-GST] RTP_RX pkts=239100 meta=56664 frames_rx=56733
[RTX-GST] RTP_RX pkts=239130 meta=56670 frames_rx=56739
[RTX-GST] VIDEO frames_rx=56741 fps=25.3 assoc_ok=51241 assoc_miss=3255 ctrl_sent=51241 infer_avg=0.07ms
[RTX-GST] RTP_RX pkts=239160 meta=56678 frames_rx=56747
[RTX-GST] RTP_RX pkts=239190 meta=56685 frames_rx=56754
[RTX-GST] RTP_RX pkts=239220 meta=56693 frames_rx=56762
[RTX-GST] RTP_RX pkts=239250 meta=56699 frames_rx=56768
[RTX-GST] RTP_RX pkts=239280 meta=56706 frames_rx=56775
[RTX-GST] VIDEO frames_rx=56776 fps=25.3 assoc_ok=51275 assoc_miss=3256 ctrl_sent=51275 infer_avg=0.08ms
[RTX-GST] RTP_RX pkts=239310 meta=56714 frames_rx=56783
[RTX-GST] RTP_RX pkts=239340 meta=56721 frames_rx=56790
[RTX-GST] RTP_RX pkts=239370 meta=56728 frames_rx=56797
[RTX-GST] SAVED n=51300 dropped=0 recv2save_p50=0.96ms recv2save_p95=1.37ms
[RTX-GST] RTP_RX pkts=239400 meta=56735 frames_rx=56804
[RTX-GST] VIDEO frames_rx=56806 fps=25.3 assoc_ok=51305 assoc_miss=3256 ctrl_sent=51305 infer_avg=0.07ms
[RTX-GST] RTP_RX pkts=239430 meta=56742 frames_rx=56811
[RTX-GST] RTP_RX pkts=239460 meta=56750 frames_rx=56819
[RTX-GST] RTP_RX pkts=239490 meta=56757 frames_rx=56826
[RTX-GST] VIDEO frames_rx=56830 fps=25.3 assoc_ok=51322 assoc_miss=3258 ctrl_sent=51322 infer_avg=0.08ms
[RTX-GST] RTP_RX pkts=239520 meta=56763 frames_rx=56832
[RTX-GST] RTP_RX pkts=239550 meta=56771 frames_rx=56840
[RTX-GST] RTP_RX pkts=239580 meta=56778 frames_rx=56847
[RTX-GST] RTP_RX pkts=239610 meta=56786 frames_rx=56855
[RTX-GST] RTP_RX pkts=239640 meta=56792 frames_rx=56861
[RTX-GST] VIDEO frames_rx=56863 fps=25.3 assoc_ok=51355 assoc_miss=3258 ctrl_sent=51355 infer_avg=0.06ms
[RTX-GST] RTP_RX pkts=239670 meta=56799 frames_rx=56868
[RTX-GST] RTP_RX pkts=239700 meta=56807 frames_rx=56876
[RTX-GST] RTP_RX pkts=239730 meta=56815 frames_rx=56883
[RTX-GST] RTP_RX pkts=239760 meta=56820 frames_rx=56889
[RTX-GST] VIDEO frames_rx=56897 fps=25.3 assoc_ok=51387 assoc_miss=3260 ctrl_sent=51387 infer_avg=0.08ms
[RTX-GST] RTP_RX pkts=239790 meta=56828 frames_rx=56897
[RTX-GST] RTP_RX pkts=239820 meta=56835 frames_rx=56904
[RTX-GST] SAVED n=51400 dropped=0 recv2save_p50=0.95ms recv2save_p95=1.37ms
[RTX-GST] RTP_RX pkts=239850 meta=56843 frames_rx=56912
[RTX-GST] RTP_RX pkts=239880 meta=56849 frames_rx=56918
[RTX-GST] RTP_RX pkts=239910 meta=56856 frames_rx=56925
[RTX-GST] VIDEO frames_rx=56927 fps=25.3 assoc_ok=51417 assoc_miss=3260 ctrl_sent=51417 infer_avg=0.07ms
[RTX-GST] RTP_RX pkts=239940 meta=56864 frames_rx=56933
[RTX-GST] RTP_RX pkts=239970 meta=56871 frames_rx=56940
[RTX-GST] RTP_RX pkts=240000 meta=56878 frames_rx=56947
[RTX-GST] RTP_RX pkts=240030 meta=56885 frames_rx=56954
[RTX-GST] VIDEO frames_rx=56955 fps=25.3 assoc_ok=51444 assoc_miss=3261 ctrl_sent=51444 infer_avg=0.07ms
[RTX-GST] RTP_RX pkts=240060 meta=56893 frames_rx=56962
[RTX-GST] RTP_RX pkts=240090 meta=56900 frames_rx=56969
[RTX-GST] RTP_RX pkts=240120 meta=56908 frames_rx=56977
[RTX-GST] RTP_RX pkts=240150 meta=56914 frames_rx=56983
[RTX-GST] VIDEO frames_rx=56987 fps=25.3 assoc_ok=51474 assoc_miss=3263 ctrl_sent=51474 infer_avg=0.09ms
[RTX-GST] RTP_RX pkts=240180 meta=56922 frames_rx=56990
[RTX-GST] RTP_RX pkts=240210 meta=56929 frames_rx=56998
[RTX-GST] RTP_RX pkts=240240 meta=56936 frames_rx=57005
[RTX-GST] VIDEO frames_rx=57011 fps=25.3 assoc_ok=51497 assoc_miss=3264 ctrl_sent=51497 infer_avg=0.07ms
[RTX-GST] RTP_RX pkts=240270 meta=56943 frames_rx=57012
[RTX-GST] SAVED n=51500 dropped=0 recv2save_p50=0.95ms recv2save_p95=1.37ms
[RTX-GST] RTP_RX pkts=240300 meta=56950 frames_rx=57019
[RTX-GST] RTP_RX pkts=240330 meta=56958 frames_rx=57027
[RTX-GST] RTP_RX pkts=240360 meta=56965 frames_rx=57034
[RTX-GST] RTP_RX pkts=240390 meta=56971 frames_rx=57040
[RTX-GST] RTP_RX pkts=240420 meta=56979 frames_rx=57048
[RTX-GST] VIDEO frames_rx=57052 fps=25.3 assoc_ok=51537 assoc_miss=3265 ctrl_sent=51537 infer_avg=0.06ms
[RTX-GST] RTP_RX pkts=240450 meta=56986 frames_rx=57055
[RTX-GST] RTP_RX pkts=240480 meta=56994 frames_rx=57063
[RTX-GST] RTP_RX pkts=240510 meta=57000 frames_rx=57069
[RTX-GST] RTP_RX pkts=240540 meta=57008 frames_rx=57077
[RTX-GST] VIDEO frames_rx=57082 fps=25.3 assoc_ok=51565 assoc_miss=3267 ctrl_sent=51565 infer_avg=0.08ms
[RTX-GST] RTP_RX pkts=240570 meta=57015 frames_rx=57084
[RTX-GST] RTP_RX pkts=240600 meta=57023 frames_rx=57092
[RTX-GST] RTP_RX pkts=240630 meta=57029 frames_rx=57098
[RTX-GST] RTP_RX pkts=240660 meta=57036 frames_rx=57105
[RTX-GST] RTP_RX pkts=240690 meta=57044 frames_rx=57113
[RTX-GST] VIDEO frames_rx=57114 fps=25.3 assoc_ok=51593 assoc_miss=3271 ctrl_sent=51593 infer_avg=0.08ms
[RTX-GST] RTP_RX pkts=240720 meta=57051 frames_rx=57120
[RTX-GST] SAVED n=51600 dropped=0 recv2save_p50=0.92ms recv2save_p95=1.28ms
[RTX-GST] RTP_RX pkts=240750 meta=57058 frames_rx=57127
[RTX-GST] RTP_RX pkts=240780 meta=57065 frames_rx=57134
[RTX-GST] RTP_RX pkts=240810 meta=57072 frames_rx=57141
[RTX-GST] VIDEO frames_rx=57142 fps=25.3 assoc_ok=51619 assoc_miss=3273 ctrl_sent=51619 infer_avg=0.07ms
[RTX-GST] RTP_RX pkts=240840 meta=57080 frames_rx=57149
[RTX-GST] RTP_RX pkts=240870 meta=57087 frames_rx=57156
[RTX-GST] RTP_RX pkts=240900 meta=57094 frames_rx=57163
[RTX-GST] RTP_RX pkts=240930 meta=57101 frames_rx=57170
[RTX-GST] VIDEO frames_rx=57174 fps=25.3 assoc_ok=51650 assoc_miss=3274 ctrl_sent=51650 infer_avg=0.06ms
[RTX-GST] RTP_RX pkts=240960 meta=57109 frames_rx=57178
[RTX-GST] RTP_RX pkts=240990 meta=57116 frames_rx=57185
[RTX-GST] RTP_RX pkts=241020 meta=57122 frames_rx=57191
[RTX-GST] RTP_RX pkts=241050 meta=57130 frames_rx=57199
[RTX-GST] VIDEO frames_rx=57205 fps=25.3 assoc_ok=51679 assoc_miss=3276 ctrl_sent=51679 infer_avg=0.07ms
[RTX-GST] RTP_RX pkts=241080 meta=57137 frames_rx=57206
[RTX-GST] RTP_RX pkts=241110 meta=57145 frames_rx=57214
[RTX-GST] RTP_RX pkts=241140 meta=57151 frames_rx=57220
[RTX-GST] RTP_RX pkts=241170 meta=57158 frames_rx=57227
[RTX-GST] SAVED n=51700 dropped=0 recv2save_p50=0.92ms recv2save_p95=1.10ms
[RTX-GST] VIDEO frames_rx=57235 fps=25.3 assoc_ok=51707 assoc_miss=3278 ctrl_sent=51707 infer_avg=0.06ms
[RTX-GST] RTP_RX pkts=241200 meta=57166 frames_rx=57235
[RTX-GST] RTP_RX pkts=241230 meta=57173 frames_rx=57242
[RTX-GST] RTP_RX pkts=241260 meta=57180 frames_rx=57249
[RTX-GST] RTP_RX pkts=241290 meta=57187 frames_rx=57256
[RTX-GST] RTP_RX pkts=241320 meta=57195 frames_rx=57264
[RTX-GST] VIDEO frames_rx=57265 fps=25.3 assoc_ok=51737 assoc_miss=3278 ctrl_sent=51737 infer_avg=0.06ms
[RTX-GST] RTP_RX pkts=241350 meta=57202 frames_rx=57271
[RTX-GST] RTP_RX pkts=241380 meta=57208 frames_rx=57277
[RTX-GST] RTP_RX pkts=241410 meta=57216 frames_rx=57285
[RTX-GST] RTP_RX pkts=241440 meta=57223 frames_rx=57292
[RTX-GST] VIDEO frames_rx=57295 fps=25.3 assoc_ok=51766 assoc_miss=3278 ctrl_sent=51766 infer_avg=0.06ms
[RTX-GST] RTP_RX pkts=241470 meta=57231 frames_rx=57300
[RTX-GST] RTP_RX pkts=241500 meta=57238 frames_rx=57307
[RTX-GST] RTP_RX pkts=241530 meta=57244 frames_rx=57313
[RTX-GST] RTP_RX pkts=241560 meta=57252 frames_rx=57321
[RTX-GST] VIDEO frames_rx=57326 fps=25.3 assoc_ok=51796 assoc_miss=3279 ctrl_sent=51796 infer_avg=0.06ms
[RTX-GST] RTP_RX pkts=241590 meta=57259 frames_rx=57328
[RTX-GST] SAVED n=51800 dropped=0 recv2save_p50=0.93ms recv2save_p95=1.14ms
[RTX-GST] RTP_RX pkts=241620 meta=57267 frames_rx=57336
[RTX-GST] RTP_RX pkts=241650 meta=57273 frames_rx=57342
[RTX-GST] VIDEO frames_rx=57348 fps=25.3 assoc_ok=51818 assoc_miss=3279 ctrl_sent=51818 infer_avg=0.05ms
[RTX-GST] RTP_RX pkts=241680 meta=57280 frames_rx=57349
[RTX-GST] RTP_RX pkts=241710 meta=57288 frames_rx=57357
[RTX-GST] RTP_RX pkts=241740 meta=57295 frames_rx=57364
[RTX-GST] RTP_RX pkts=241770 meta=57301 frames_rx=57370
[RTX-GST] RTP_RX pkts=241800 meta=57309 frames_rx=57378
[RTX-GST] RTP_RX pkts=241830 meta=57316 frames_rx=57385
[RTX-GST] VIDEO frames_rx=57387 fps=25.4 assoc_ok=51855 assoc_miss=3281 ctrl_sent=51855 infer_avg=0.04ms
[RTX-GST] RTP_RX pkts=241860 meta=57324 frames_rx=57393
[RTX-GST] RTP_RX pkts=241890 meta=57329 frames_rx=57398
[RTX-GST] RTP_RX pkts=241920 meta=57337 frames_rx=57406
[RTX-GST] RTP_RX pkts=241950 meta=57344 frames_rx=57413
[RTX-GST] VIDEO frames_rx=57418 fps=25.4 assoc_ok=51885 assoc_miss=3282 ctrl_sent=51885 infer_avg=0.04ms
[RTX-GST] RTP_RX pkts=241980 meta=57352 frames_rx=57421
[RTX-GST] RTP_RX pkts=242010 meta=57358 frames_rx=57427
[RTX-GST] SAVED n=51900 dropped=0 recv2save_p50=0.94ms recv2save_p95=1.14ms
[RTX-GST] RTP_RX pkts=242040 meta=57365 frames_rx=57434
[RTX-GST] RTP_RX pkts=242070 meta=57373 frames_rx=57442
[RTX-GST] VIDEO frames_rx=57449 fps=25.4 assoc_ok=51915 assoc_miss=3283 ctrl_sent=51915 infer_avg=0.09ms
[RTX-GST] RTP_RX pkts=242100 meta=57380 frames_rx=57449
[RTX-GST] RTP_RX pkts=242130 meta=57388 frames_rx=57457
[RTX-GST] RTP_RX pkts=242160 meta=57394 frames_rx=57463
[RTX-GST] RTP_RX pkts=242190 meta=57402 frames_rx=57470
[RTX-GST] RTP_RX pkts=242220 meta=57409 frames_rx=57478
[RTX-GST] VIDEO frames_rx=57480 fps=25.4 assoc_ok=51945 assoc_miss=3284 ctrl_sent=51945 infer_avg=0.08ms
[RTX-GST] RTP_RX pkts=242250 meta=57416 frames_rx=57485
[RTX-GST] RTP_RX pkts=242280 meta=57422 frames_rx=57491
[RTX-GST] RTP_RX pkts=242310 meta=57430 frames_rx=57499
[RTX-GST] RTP_RX pkts=242340 meta=57437 frames_rx=57506
[RTX-GST] VIDEO frames_rx=57510 fps=25.4 assoc_ok=51975 assoc_miss=3284 ctrl_sent=51975 infer_avg=0.08ms
[RTX-GST] RTP_RX pkts=242370 meta=57445 frames_rx=57514
[RTX-GST] RTP_RX pkts=242400 meta=57451 frames_rx=57520
[RTX-GST] RTP_RX pkts=242430 meta=57458 frames_rx=57527
[RTX-GST] RTP_RX pkts=242460 meta=57466 frames_rx=57535
[RTX-GST] SAVED n=52000 dropped=0 recv2save_p50=0.94ms recv2save_p95=1.14ms
[RTX-GST] VIDEO frames_rx=57542 fps=25.4 assoc_ok=52006 assoc_miss=3285 ctrl_sent=52006 infer_avg=0.07ms
[RTX-GST] RTP_RX pkts=242490 meta=57473 frames_rx=57542
[RTX-GST] RTP_RX pkts=242520 meta=57479 frames_rx=57548
[RTX-GST] RTP_RX pkts=242550 meta=57487 frames_rx=57556
[RTX-GST] RTP_RX pkts=242580 meta=57494 frames_rx=57563
[RTX-GST] RTP_RX pkts=242610 meta=57502 frames_rx=57571
[RTX-GST] VIDEO frames_rx=57572 fps=25.4 assoc_ok=52035 assoc_miss=3286 ctrl_sent=52035 infer_avg=0.10ms
[RTX-GST] RTP_RX pkts=242640 meta=57508 frames_rx=57577
[RTX-GST] RTP_RX pkts=242670 meta=57515 frames_rx=57584
[RTX-GST] RTP_RX pkts=242700 meta=57523 frames_rx=57592
[RTX-GST] RTP_RX pkts=242730 meta=57530 frames_rx=57599
[RTX-GST] VIDEO frames_rx=57604 fps=25.4 assoc_ok=52065 assoc_miss=3287 ctrl_sent=52065 infer_avg=0.06ms
[RTX-GST] RTP_RX pkts=242760 meta=57538 frames_rx=57607
[RTX-GST] RTP_RX pkts=242790 meta=57544 frames_rx=57613
[RTX-GST] RTP_RX pkts=242820 meta=57551 frames_rx=57620
[RTX-GST] RTP_RX pkts=242850 meta=57559 frames_rx=57628
[RTX-GST] VIDEO frames_rx=57634 fps=25.4 assoc_ok=52095 assoc_miss=3287 ctrl_sent=52095 infer_avg=0.08ms
[RTX-GST] RTP_RX pkts=242880 meta=57566 frames_rx=57635
[RTX-GST] SAVED n=52100 dropped=0 recv2save_p50=0.96ms recv2save_p95=1.32ms
[RTX-GST] RTP_RX pkts=242910 meta=57572 frames_rx=57641
